<?xml version="1.0" encoding="UTF-8"?>
<gpx creator="StravaGPX" version="1.1" xmlns="http://www.topografix.com/GPX/1/1" xmlns:xsi="http://www.w3.org/2001/XMLSchema-instance" xsi:schemaLocation="http://www.topografix.com/GPX/1/1 http://www.topografix.com/GPX/1/1/gpx.xsd">
 <metadata>
  <time>2026-07-12T17:36:12Z</time>
 </metadata>
 <trk>
  <name>Radfahrt am Abend</name>
  <type>cycling</type>
  <trkseg>
   <trkpt lat="48.9505860" lon="9.1191790">
    <ele>204.1</ele>
    <time>2026-07-12T17:36:12Z</time>
   </trkpt>
   <trkpt lat="48.9505630" lon="9.1191400">
    <ele>204.1</ele>
    <time>2026-07-12T17:36:13Z</time>
   </trkpt>
   <trkpt lat="48.9505380" lon="9.1190990">
    <ele>204.1</ele>
    <time>2026-07-12T17:36:14Z</time>
   </trkpt>
   <trkpt lat="48.9505100" lon="9.1190570">
    <ele>204.0</ele>
    <time>2026-07-12T17:36:15Z</time>
   </trkpt>
   <trkpt lat="48.9504800" lon="9.1190080">
    <ele>204.0</ele>
    <time>2026-07-12T17:36:16Z</time>
   </trkpt>
   <trkpt lat="48.9504440" lon="9.1189540">
    <ele>203.9</ele>
    <time>2026-07-12T17:36:17Z</time>
   </trkpt>
   <trkpt lat="48.9504100" lon="9.1189000">
    <ele>203.9</ele>
    <time>2026-07-12T17:36:18Z</time>
   </trkpt>
   <trkpt lat="48.9503750" lon="9.1188470">
    <ele>203.8</ele>
    <time>2026-07-12T17:36:19Z</time>
   </trkpt>
   <trkpt lat="48.9503400" lon="9.1187980">
    <ele>203.7</ele>
    <time>2026-07-12T17:36:20Z</time>
   </trkpt>
   <trkpt lat="48.9503040" lon="9.1187480">
    <ele>203.6</ele>
    <time>2026-07-12T17:36:21Z</time>
   </trkpt>
   <trkpt lat="48.9502670" lon="9.1186940">
    <ele>203.6</ele>
    <time>2026-07-12T17:36:22Z</time>
   </trkpt>
   <trkpt lat="48.9502250" lon="9.1186320">
    <ele>203.4</ele>
    <time>2026-07-12T17:36:23Z</time>
   </trkpt>
   <trkpt lat="48.9501800" lon="9.1185630">
    <ele>203.3</ele>
    <time>2026-07-12T17:36:24Z</time>
   </trkpt>
   <trkpt lat="48.9501350" lon="9.1184960">
    <ele>203.1</ele>
    <time>2026-07-12T17:36:25Z</time>
   </trkpt>
   <trkpt lat="48.9500900" lon="9.1184310">
    <ele>202.9</ele>
    <time>2026-07-12T17:36:26Z</time>
   </trkpt>
   <trkpt lat="48.9500470" lon="9.1183600">
    <ele>202.7</ele>
    <time>2026-07-12T17:36:27Z</time>
   </trkpt>
   <trkpt lat="48.9500000" lon="9.1182860">
    <ele>202.6</ele>
    <time>2026-07-12T17:36:28Z</time>
   </trkpt>
   <trkpt lat="48.9499500" lon="9.1182140">
    <ele>202.4</ele>
    <time>2026-07-12T17:36:29Z</time>
   </trkpt>
   <trkpt lat="48.9499110" lon="9.1181560">
    <ele>202.3</ele>
    <time>2026-07-12T17:36:30Z</time>
   </trkpt>
   <trkpt lat="48.9498750" lon="9.1181020">
    <ele>202.3</ele>
    <time>2026-07-12T17:36:31Z</time>
   </trkpt>
   <trkpt lat="48.9498440" lon="9.1180560">
    <ele>202.2</ele>
    <time>2026-07-12T17:36:32Z</time>
   </trkpt>
   <trkpt lat="48.9498170" lon="9.1180110">
    <ele>202.1</ele>
    <time>2026-07-12T17:36:33Z</time>
   </trkpt>
   <trkpt lat="48.9497870" lon="9.1179720">
    <ele>202.1</ele>
    <time>2026-07-12T17:36:34Z</time>
   </trkpt>
   <trkpt lat="48.9497440" lon="9.1179390">
    <ele>202.0</ele>
    <time>2026-07-12T17:36:35Z</time>
   </trkpt>
   <trkpt lat="48.9496860" lon="9.1179430">
    <ele>201.9</ele>
    <time>2026-07-12T17:36:36Z</time>
   </trkpt>
   <trkpt lat="48.9496230" lon="9.1179450">
    <ele>201.8</ele>
    <time>2026-07-12T17:36:37Z</time>
   </trkpt>
   <trkpt lat="48.9495660" lon="9.1178980">
    <ele>201.7</ele>
    <time>2026-07-12T17:36:38Z</time>
   </trkpt>
   <trkpt lat="48.9495230" lon="9.1178100">
    <ele>201.6</ele>
    <time>2026-07-12T17:36:39Z</time>
   </trkpt>
   <trkpt lat="48.9494780" lon="9.1177180">
    <ele>201.4</ele>
    <time>2026-07-12T17:36:40Z</time>
   </trkpt>
   <trkpt lat="48.9494310" lon="9.1176260">
    <ele>201.2</ele>
    <time>2026-07-12T17:36:41Z</time>
   </trkpt>
   <trkpt lat="48.9493800" lon="9.1175420">
    <ele>201.0</ele>
    <time>2026-07-12T17:36:42Z</time>
   </trkpt>
   <trkpt lat="48.9493150" lon="9.1174520">
    <ele>200.7</ele>
    <time>2026-07-12T17:36:43Z</time>
   </trkpt>
   <trkpt lat="48.9492530" lon="9.1173680">
    <ele>200.4</ele>
    <time>2026-07-12T17:36:44Z</time>
   </trkpt>
   <trkpt lat="48.9491850" lon="9.1172900">
    <ele>200.1</ele>
    <time>2026-07-12T17:36:45Z</time>
   </trkpt>
   <trkpt lat="48.9491180" lon="9.1172070">
    <ele>199.8</ele>
    <time>2026-07-12T17:36:46Z</time>
   </trkpt>
   <trkpt lat="48.9490540" lon="9.1171160">
    <ele>199.5</ele>
    <time>2026-07-12T17:36:47Z</time>
   </trkpt>
   <trkpt lat="48.9489930" lon="9.1170160">
    <ele>199.2</ele>
    <time>2026-07-12T17:36:48Z</time>
   </trkpt>
   <trkpt lat="48.9489360" lon="9.1169100">
    <ele>198.9</ele>
    <time>2026-07-12T17:36:49Z</time>
   </trkpt>
   <trkpt lat="48.9488920" lon="9.1167920">
    <ele>198.7</ele>
    <time>2026-07-12T17:36:50Z</time>
   </trkpt>
   <trkpt lat="48.9488610" lon="9.1166600">
    <ele>198.5</ele>
    <time>2026-07-12T17:36:51Z</time>
   </trkpt>
   <trkpt lat="48.9488370" lon="9.1165230">
    <ele>198.2</ele>
    <time>2026-07-12T17:36:52Z</time>
   </trkpt>
   <trkpt lat="48.9488020" lon="9.1163910">
    <ele>198.0</ele>
    <time>2026-07-12T17:36:53Z</time>
   </trkpt>
   <trkpt lat="48.9487590" lon="9.1162630">
    <ele>197.7</ele>
    <time>2026-07-12T17:36:54Z</time>
   </trkpt>
   <trkpt lat="48.9487090" lon="9.1161370">
    <ele>197.4</ele>
    <time>2026-07-12T17:36:55Z</time>
   </trkpt>
   <trkpt lat="48.9486620" lon="9.1160100">
    <ele>197.1</ele>
    <time>2026-07-12T17:36:56Z</time>
   </trkpt>
   <trkpt lat="48.9486110" lon="9.1158780">
    <ele>196.7</ele>
    <time>2026-07-12T17:36:57Z</time>
   </trkpt>
   <trkpt lat="48.9485600" lon="9.1157470">
    <ele>196.3</ele>
    <time>2026-07-12T17:36:58Z</time>
   </trkpt>
   <trkpt lat="48.9485130" lon="9.1156120">
    <ele>196.0</ele>
    <time>2026-07-12T17:36:59Z</time>
   </trkpt>
   <trkpt lat="48.9484660" lon="9.1154740">
    <ele>195.6</ele>
    <time>2026-07-12T17:37:00Z</time>
   </trkpt>
   <trkpt lat="48.9484200" lon="9.1153350">
    <ele>195.2</ele>
    <time>2026-07-12T17:37:01Z</time>
   </trkpt>
   <trkpt lat="48.9483720" lon="9.1151970">
    <ele>194.9</ele>
    <time>2026-07-12T17:37:02Z</time>
   </trkpt>
   <trkpt lat="48.9483270" lon="9.1150590">
    <ele>194.5</ele>
    <time>2026-07-12T17:37:03Z</time>
   </trkpt>
   <trkpt lat="48.9482830" lon="9.1149160">
    <ele>194.2</ele>
    <time>2026-07-12T17:37:04Z</time>
   </trkpt>
   <trkpt lat="48.9482420" lon="9.1147700">
    <ele>193.9</ele>
    <time>2026-07-12T17:37:05Z</time>
   </trkpt>
   <trkpt lat="48.9482050" lon="9.1146210">
    <ele>193.5</ele>
    <time>2026-07-12T17:37:06Z</time>
   </trkpt>
   <trkpt lat="48.9481710" lon="9.1144700">
    <ele>193.1</ele>
    <time>2026-07-12T17:37:07Z</time>
   </trkpt>
   <trkpt lat="48.9481390" lon="9.1143150">
    <ele>192.7</ele>
    <time>2026-07-12T17:37:08Z</time>
   </trkpt>
   <trkpt lat="48.9481110" lon="9.1141530">
    <ele>192.2</ele>
    <time>2026-07-12T17:37:09Z</time>
   </trkpt>
   <trkpt lat="48.9480860" lon="9.1139920">
    <ele>191.8</ele>
    <time>2026-07-12T17:37:10Z</time>
   </trkpt>
   <trkpt lat="48.9480580" lon="9.1138300">
    <ele>191.4</ele>
    <time>2026-07-12T17:37:11Z</time>
   </trkpt>
   <trkpt lat="48.9480300" lon="9.1136660">
    <ele>191.1</ele>
    <time>2026-07-12T17:37:12Z</time>
   </trkpt>
   <trkpt lat="48.9480010" lon="9.1135010">
    <ele>190.7</ele>
    <time>2026-07-12T17:37:13Z</time>
   </trkpt>
   <trkpt lat="48.9479780" lon="9.1133370">
    <ele>190.3</ele>
    <time>2026-07-12T17:37:14Z</time>
   </trkpt>
   <trkpt lat="48.9479590" lon="9.1131800">
    <ele>190.0</ele>
    <time>2026-07-12T17:37:15Z</time>
   </trkpt>
   <trkpt lat="48.9479390" lon="9.1130170">
    <ele>189.7</ele>
    <time>2026-07-12T17:37:16Z</time>
   </trkpt>
   <trkpt lat="48.9479210" lon="9.1128570">
    <ele>189.3</ele>
    <time>2026-07-12T17:37:17Z</time>
   </trkpt>
   <trkpt lat="48.9479050" lon="9.1126940">
    <ele>189.0</ele>
    <time>2026-07-12T17:37:18Z</time>
   </trkpt>
   <trkpt lat="48.9478920" lon="9.1125310">
    <ele>188.7</ele>
    <time>2026-07-12T17:37:19Z</time>
   </trkpt>
   <trkpt lat="48.9478760" lon="9.1123660">
    <ele>188.4</ele>
    <time>2026-07-12T17:37:20Z</time>
   </trkpt>
   <trkpt lat="48.9478650" lon="9.1121980">
    <ele>188.2</ele>
    <time>2026-07-12T17:37:21Z</time>
   </trkpt>
   <trkpt lat="48.9478670" lon="9.1120350">
    <ele>188.2</ele>
    <time>2026-07-12T17:37:22Z</time>
   </trkpt>
   <trkpt lat="48.9478640" lon="9.1118700">
    <ele>188.1</ele>
    <time>2026-07-12T17:37:23Z</time>
   </trkpt>
   <trkpt lat="48.9478720" lon="9.1117120">
    <ele>188.2</ele>
    <time>2026-07-12T17:37:24Z</time>
   </trkpt>
   <trkpt lat="48.9478790" lon="9.1115530">
    <ele>188.3</ele>
    <time>2026-07-12T17:37:25Z</time>
   </trkpt>
   <trkpt lat="48.9478870" lon="9.1113980">
    <ele>188.3</ele>
    <time>2026-07-12T17:37:26Z</time>
   </trkpt>
   <trkpt lat="48.9478980" lon="9.1112440">
    <ele>188.4</ele>
    <time>2026-07-12T17:37:27Z</time>
   </trkpt>
   <trkpt lat="48.9479090" lon="9.1111120">
    <ele>188.5</ele>
    <time>2026-07-12T17:37:28Z</time>
   </trkpt>
   <trkpt lat="48.9479030" lon="9.1109620">
    <ele>188.4</ele>
    <time>2026-07-12T17:37:29Z</time>
   </trkpt>
   <trkpt lat="48.9479140" lon="9.1108060">
    <ele>188.4</ele>
    <time>2026-07-12T17:37:30Z</time>
   </trkpt>
   <trkpt lat="48.9479190" lon="9.1106580">
    <ele>188.3</ele>
    <time>2026-07-12T17:37:31Z</time>
   </trkpt>
   <trkpt lat="48.9479380" lon="9.1105160">
    <ele>188.2</ele>
    <time>2026-07-12T17:37:32Z</time>
   </trkpt>
   <trkpt lat="48.9479570" lon="9.1103680">
    <ele>188.0</ele>
    <time>2026-07-12T17:37:33Z</time>
   </trkpt>
   <trkpt lat="48.9479760" lon="9.1102160">
    <ele>187.8</ele>
    <time>2026-07-12T17:37:34Z</time>
   </trkpt>
   <trkpt lat="48.9479850" lon="9.1100750">
    <ele>187.7</ele>
    <time>2026-07-12T17:37:35Z</time>
   </trkpt>
   <trkpt lat="48.9480150" lon="9.1099290">
    <ele>187.6</ele>
    <time>2026-07-12T17:37:36Z</time>
   </trkpt>
   <trkpt lat="48.9480480" lon="9.1098030">
    <ele>187.7</ele>
    <time>2026-07-12T17:37:37Z</time>
   </trkpt>
   <trkpt lat="48.9480760" lon="9.1096690">
    <ele>187.7</ele>
    <time>2026-07-12T17:37:38Z</time>
   </trkpt>
   <trkpt lat="48.9480980" lon="9.1095210">
    <ele>187.7</ele>
    <time>2026-07-12T17:37:39Z</time>
   </trkpt>
   <trkpt lat="48.9481240" lon="9.1093830">
    <ele>187.7</ele>
    <time>2026-07-12T17:37:40Z</time>
   </trkpt>
   <trkpt lat="48.9481620" lon="9.1092480">
    <ele>187.6</ele>
    <time>2026-07-12T17:37:41Z</time>
   </trkpt>
   <trkpt lat="48.9481800" lon="9.1091070">
    <ele>187.6</ele>
    <time>2026-07-12T17:37:42Z</time>
   </trkpt>
   <trkpt lat="48.9482100" lon="9.1089590">
    <ele>187.6</ele>
    <time>2026-07-12T17:37:43Z</time>
   </trkpt>
   <trkpt lat="48.9482370" lon="9.1088010">
    <ele>187.6</ele>
    <time>2026-07-12T17:37:44Z</time>
   </trkpt>
   <trkpt lat="48.9482630" lon="9.1086660">
    <ele>187.6</ele>
    <time>2026-07-12T17:37:45Z</time>
   </trkpt>
   <trkpt lat="48.9482870" lon="9.1085330">
    <ele>187.5</ele>
    <time>2026-07-12T17:37:46Z</time>
   </trkpt>
   <trkpt lat="48.9483150" lon="9.1083920">
    <ele>187.4</ele>
    <time>2026-07-12T17:37:47Z</time>
   </trkpt>
   <trkpt lat="48.9483400" lon="9.1082580">
    <ele>187.2</ele>
    <time>2026-07-12T17:37:48Z</time>
   </trkpt>
   <trkpt lat="48.9483630" lon="9.1081140">
    <ele>186.9</ele>
    <time>2026-07-12T17:37:49Z</time>
   </trkpt>
   <trkpt lat="48.9483850" lon="9.1079750">
    <ele>186.4</ele>
    <time>2026-07-12T17:37:50Z</time>
   </trkpt>
   <trkpt lat="48.9484030" lon="9.1078320">
    <ele>186.1</ele>
    <time>2026-07-12T17:37:51Z</time>
   </trkpt>
   <trkpt lat="48.9484390" lon="9.1076760">
    <ele>185.9</ele>
    <time>2026-07-12T17:37:52Z</time>
   </trkpt>
   <trkpt lat="48.9484790" lon="9.1075300">
    <ele>186.1</ele>
    <time>2026-07-12T17:37:53Z</time>
   </trkpt>
   <trkpt lat="48.9485150" lon="9.1073830">
    <ele>186.5</ele>
    <time>2026-07-12T17:37:54Z</time>
   </trkpt>
   <trkpt lat="48.9485560" lon="9.1072490">
    <ele>186.8</ele>
    <time>2026-07-12T17:37:55Z</time>
   </trkpt>
   <trkpt lat="48.9485930" lon="9.1071100">
    <ele>187.1</ele>
    <time>2026-07-12T17:37:56Z</time>
   </trkpt>
   <trkpt lat="48.9486270" lon="9.1069780">
    <ele>187.2</ele>
    <time>2026-07-12T17:37:57Z</time>
   </trkpt>
   <trkpt lat="48.9486560" lon="9.1068460">
    <ele>187.3</ele>
    <time>2026-07-12T17:37:58Z</time>
   </trkpt>
   <trkpt lat="48.9486810" lon="9.1067120">
    <ele>187.4</ele>
    <time>2026-07-12T17:37:59Z</time>
   </trkpt>
   <trkpt lat="48.9487120" lon="9.1065810">
    <ele>187.4</ele>
    <time>2026-07-12T17:38:00Z</time>
   </trkpt>
   <trkpt lat="48.9487340" lon="9.1064490">
    <ele>187.4</ele>
    <time>2026-07-12T17:38:01Z</time>
   </trkpt>
   <trkpt lat="48.9487640" lon="9.1063220">
    <ele>187.4</ele>
    <time>2026-07-12T17:38:02Z</time>
   </trkpt>
   <trkpt lat="48.9487890" lon="9.1061900">
    <ele>187.4</ele>
    <time>2026-07-12T17:38:03Z</time>
   </trkpt>
   <trkpt lat="48.9488140" lon="9.1060620">
    <ele>187.4</ele>
    <time>2026-07-12T17:38:04Z</time>
   </trkpt>
   <trkpt lat="48.9488360" lon="9.1059280">
    <ele>187.4</ele>
    <time>2026-07-12T17:38:05Z</time>
   </trkpt>
   <trkpt lat="48.9488560" lon="9.1058010">
    <ele>187.4</ele>
    <time>2026-07-12T17:38:06Z</time>
   </trkpt>
   <trkpt lat="48.9488800" lon="9.1056620">
    <ele>187.4</ele>
    <time>2026-07-12T17:38:07Z</time>
   </trkpt>
   <trkpt lat="48.9488950" lon="9.1055340">
    <ele>187.4</ele>
    <time>2026-07-12T17:38:08Z</time>
   </trkpt>
   <trkpt lat="48.9489190" lon="9.1054070">
    <ele>187.3</ele>
    <time>2026-07-12T17:38:09Z</time>
   </trkpt>
   <trkpt lat="48.9489440" lon="9.1052770">
    <ele>187.3</ele>
    <time>2026-07-12T17:38:10Z</time>
   </trkpt>
   <trkpt lat="48.9489630" lon="9.1051500">
    <ele>187.1</ele>
    <time>2026-07-12T17:38:11Z</time>
   </trkpt>
   <trkpt lat="48.9489790" lon="9.1050220">
    <ele>186.9</ele>
    <time>2026-07-12T17:38:12Z</time>
   </trkpt>
   <trkpt lat="48.9489940" lon="9.1048850">
    <ele>186.5</ele>
    <time>2026-07-12T17:38:13Z</time>
   </trkpt>
   <trkpt lat="48.9490040" lon="9.1047470">
    <ele>186.0</ele>
    <time>2026-07-12T17:38:14Z</time>
   </trkpt>
   <trkpt lat="48.9490160" lon="9.1046030">
    <ele>185.6</ele>
    <time>2026-07-12T17:38:15Z</time>
   </trkpt>
   <trkpt lat="48.9490260" lon="9.1044530">
    <ele>185.3</ele>
    <time>2026-07-12T17:38:16Z</time>
   </trkpt>
   <trkpt lat="48.9490450" lon="9.1043020">
    <ele>185.3</ele>
    <time>2026-07-12T17:38:17Z</time>
   </trkpt>
   <trkpt lat="48.9490630" lon="9.1041600">
    <ele>185.5</ele>
    <time>2026-07-12T17:38:18Z</time>
   </trkpt>
   <trkpt lat="48.9490790" lon="9.1040170">
    <ele>185.7</ele>
    <time>2026-07-12T17:38:19Z</time>
   </trkpt>
   <trkpt lat="48.9490980" lon="9.1038770">
    <ele>185.9</ele>
    <time>2026-07-12T17:38:20Z</time>
   </trkpt>
   <trkpt lat="48.9491120" lon="9.1037420">
    <ele>186.3</ele>
    <time>2026-07-12T17:38:21Z</time>
   </trkpt>
   <trkpt lat="48.9491310" lon="9.1036130">
    <ele>186.6</ele>
    <time>2026-07-12T17:38:22Z</time>
   </trkpt>
   <trkpt lat="48.9491450" lon="9.1034840">
    <ele>187.1</ele>
    <time>2026-07-12T17:38:23Z</time>
   </trkpt>
   <trkpt lat="48.9491640" lon="9.1033640">
    <ele>187.6</ele>
    <time>2026-07-12T17:38:24Z</time>
   </trkpt>
   <trkpt lat="48.9491860" lon="9.1032560">
    <ele>188.1</ele>
    <time>2026-07-12T17:38:25Z</time>
   </trkpt>
   <trkpt lat="48.9492070" lon="9.1031600">
    <ele>188.5</ele>
    <time>2026-07-12T17:38:26Z</time>
   </trkpt>
   <trkpt lat="48.9492290" lon="9.1030560">
    <ele>188.8</ele>
    <time>2026-07-12T17:38:27Z</time>
   </trkpt>
   <trkpt lat="48.9492470" lon="9.1029540">
    <ele>189.1</ele>
    <time>2026-07-12T17:38:28Z</time>
   </trkpt>
   <trkpt lat="48.9492580" lon="9.1028580">
    <ele>189.3</ele>
    <time>2026-07-12T17:38:29Z</time>
   </trkpt>
   <trkpt lat="48.9492700" lon="9.1027680">
    <ele>189.5</ele>
    <time>2026-07-12T17:38:30Z</time>
   </trkpt>
   <trkpt lat="48.9492760" lon="9.1026750">
    <ele>189.6</ele>
    <time>2026-07-12T17:38:31Z</time>
   </trkpt>
   <trkpt lat="48.9492850" lon="9.1025900">
    <ele>189.6</ele>
    <time>2026-07-12T17:38:32Z</time>
   </trkpt>
   <trkpt lat="48.9492930" lon="9.1025000">
    <ele>189.7</ele>
    <time>2026-07-12T17:38:33Z</time>
   </trkpt>
   <trkpt lat="48.9492870" lon="9.1024170">
    <ele>189.7</ele>
    <time>2026-07-12T17:38:34Z</time>
   </trkpt>
   <trkpt lat="48.9492650" lon="9.1023310">
    <ele>189.8</ele>
    <time>2026-07-12T17:38:35Z</time>
   </trkpt>
   <trkpt lat="48.9492350" lon="9.1022640">
    <ele>189.8</ele>
    <time>2026-07-12T17:38:36Z</time>
   </trkpt>
   <trkpt lat="48.9492000" lon="9.1022120">
    <ele>189.8</ele>
    <time>2026-07-12T17:38:37Z</time>
   </trkpt>
   <trkpt lat="48.9491690" lon="9.1021630">
    <ele>189.8</ele>
    <time>2026-07-12T17:38:38Z</time>
   </trkpt>
   <trkpt lat="48.9491540" lon="9.1020900">
    <ele>189.9</ele>
    <time>2026-07-12T17:38:39Z</time>
   </trkpt>
   <trkpt lat="48.9491560" lon="9.1020110">
    <ele>190.1</ele>
    <time>2026-07-12T17:38:40Z</time>
   </trkpt>
   <trkpt lat="48.9491810" lon="9.1019390">
    <ele>190.2</ele>
    <time>2026-07-12T17:38:41Z</time>
   </trkpt>
   <trkpt lat="48.9492320" lon="9.1018960">
    <ele>190.3</ele>
    <time>2026-07-12T17:38:42Z</time>
   </trkpt>
   <trkpt lat="48.9492850" lon="9.1018710">
    <ele>190.3</ele>
    <time>2026-07-12T17:38:43Z</time>
   </trkpt>
   <trkpt lat="48.9493310" lon="9.1018090">
    <ele>190.3</ele>
    <time>2026-07-12T17:38:44Z</time>
   </trkpt>
   <trkpt lat="48.9493720" lon="9.1017300">
    <ele>190.3</ele>
    <time>2026-07-12T17:38:45Z</time>
   </trkpt>
   <trkpt lat="48.9494120" lon="9.1016560">
    <ele>190.2</ele>
    <time>2026-07-12T17:38:46Z</time>
   </trkpt>
   <trkpt lat="48.9494360" lon="9.1015610">
    <ele>190.2</ele>
    <time>2026-07-12T17:38:47Z</time>
   </trkpt>
   <trkpt lat="48.9494530" lon="9.1014560">
    <ele>190.2</ele>
    <time>2026-07-12T17:38:48Z</time>
   </trkpt>
   <trkpt lat="48.9494680" lon="9.1013530">
    <ele>190.1</ele>
    <time>2026-07-12T17:38:49Z</time>
   </trkpt>
   <trkpt lat="48.9494750" lon="9.1012440">
    <ele>190.0</ele>
    <time>2026-07-12T17:38:50Z</time>
   </trkpt>
   <trkpt lat="48.9494870" lon="9.1011290">
    <ele>190.0</ele>
    <time>2026-07-12T17:38:51Z</time>
   </trkpt>
   <trkpt lat="48.9495020" lon="9.1010160">
    <ele>190.0</ele>
    <time>2026-07-12T17:38:52Z</time>
   </trkpt>
   <trkpt lat="48.9495180" lon="9.1009080">
    <ele>190.0</ele>
    <time>2026-07-12T17:38:53Z</time>
   </trkpt>
   <trkpt lat="48.9495200" lon="9.1007880">
    <ele>190.0</ele>
    <time>2026-07-12T17:38:54Z</time>
   </trkpt>
   <trkpt lat="48.9495290" lon="9.1006720">
    <ele>190.0</ele>
    <time>2026-07-12T17:38:55Z</time>
   </trkpt>
   <trkpt lat="48.9495370" lon="9.1005570">
    <ele>190.0</ele>
    <time>2026-07-12T17:38:56Z</time>
   </trkpt>
   <trkpt lat="48.9495480" lon="9.1004470">
    <ele>190.0</ele>
    <time>2026-07-12T17:38:57Z</time>
   </trkpt>
   <trkpt lat="48.9495530" lon="9.1003330">
    <ele>190.0</ele>
    <time>2026-07-12T17:38:58Z</time>
   </trkpt>
   <trkpt lat="48.9495570" lon="9.1002170">
    <ele>190.0</ele>
    <time>2026-07-12T17:38:59Z</time>
   </trkpt>
   <trkpt lat="48.9495620" lon="9.1000990">
    <ele>190.0</ele>
    <time>2026-07-12T17:39:00Z</time>
   </trkpt>
   <trkpt lat="48.9495640" lon="9.0999870">
    <ele>190.0</ele>
    <time>2026-07-12T17:39:01Z</time>
   </trkpt>
   <trkpt lat="48.9495660" lon="9.0998800">
    <ele>190.0</ele>
    <time>2026-07-12T17:39:02Z</time>
   </trkpt>
   <trkpt lat="48.9495700" lon="9.0997610">
    <ele>190.0</ele>
    <time>2026-07-12T17:39:03Z</time>
   </trkpt>
   <trkpt lat="48.9495790" lon="9.0996440">
    <ele>190.0</ele>
    <time>2026-07-12T17:39:04Z</time>
   </trkpt>
   <trkpt lat="48.9495820" lon="9.0995280">
    <ele>190.0</ele>
    <time>2026-07-12T17:39:05Z</time>
   </trkpt>
   <trkpt lat="48.9495870" lon="9.0994070">
    <ele>190.0</ele>
    <time>2026-07-12T17:39:06Z</time>
   </trkpt>
   <trkpt lat="48.9495860" lon="9.0992850">
    <ele>190.0</ele>
    <time>2026-07-12T17:39:07Z</time>
   </trkpt>
   <trkpt lat="48.9495910" lon="9.0991640">
    <ele>190.0</ele>
    <time>2026-07-12T17:39:08Z</time>
   </trkpt>
   <trkpt lat="48.9495910" lon="9.0990430">
    <ele>190.0</ele>
    <time>2026-07-12T17:39:09Z</time>
   </trkpt>
   <trkpt lat="48.9495920" lon="9.0989240">
    <ele>190.1</ele>
    <time>2026-07-12T17:39:10Z</time>
   </trkpt>
   <trkpt lat="48.9495940" lon="9.0988050">
    <ele>190.1</ele>
    <time>2026-07-12T17:39:11Z</time>
   </trkpt>
   <trkpt lat="48.9496000" lon="9.0986920">
    <ele>190.1</ele>
    <time>2026-07-12T17:39:12Z</time>
   </trkpt>
   <trkpt lat="48.9496030" lon="9.0985750">
    <ele>190.1</ele>
    <time>2026-07-12T17:39:13Z</time>
   </trkpt>
   <trkpt lat="48.9496070" lon="9.0984520">
    <ele>190.1</ele>
    <time>2026-07-12T17:39:14Z</time>
   </trkpt>
   <trkpt lat="48.9496060" lon="9.0983420">
    <ele>190.1</ele>
    <time>2026-07-12T17:39:15Z</time>
   </trkpt>
   <trkpt lat="48.9496130" lon="9.0982280">
    <ele>190.1</ele>
    <time>2026-07-12T17:39:16Z</time>
   </trkpt>
   <trkpt lat="48.9496150" lon="9.0981140">
    <ele>190.1</ele>
    <time>2026-07-12T17:39:17Z</time>
   </trkpt>
   <trkpt lat="48.9496190" lon="9.0980030">
    <ele>190.2</ele>
    <time>2026-07-12T17:39:18Z</time>
   </trkpt>
   <trkpt lat="48.9496150" lon="9.0978870">
    <ele>190.2</ele>
    <time>2026-07-12T17:39:19Z</time>
   </trkpt>
   <trkpt lat="48.9496190" lon="9.0977750">
    <ele>190.2</ele>
    <time>2026-07-12T17:39:20Z</time>
   </trkpt>
   <trkpt lat="48.9496240" lon="9.0976580">
    <ele>190.2</ele>
    <time>2026-07-12T17:39:21Z</time>
   </trkpt>
   <trkpt lat="48.9496290" lon="9.0975440">
    <ele>190.2</ele>
    <time>2026-07-12T17:39:22Z</time>
   </trkpt>
   <trkpt lat="48.9496320" lon="9.0974260">
    <ele>190.2</ele>
    <time>2026-07-12T17:39:23Z</time>
   </trkpt>
   <trkpt lat="48.9496360" lon="9.0973100">
    <ele>190.2</ele>
    <time>2026-07-12T17:39:24Z</time>
   </trkpt>
   <trkpt lat="48.9496410" lon="9.0971920">
    <ele>190.2</ele>
    <time>2026-07-12T17:39:25Z</time>
   </trkpt>
   <trkpt lat="48.9496480" lon="9.0970740">
    <ele>190.2</ele>
    <time>2026-07-12T17:39:26Z</time>
   </trkpt>
   <trkpt lat="48.9496440" lon="9.0969520">
    <ele>190.2</ele>
    <time>2026-07-12T17:39:27Z</time>
   </trkpt>
   <trkpt lat="48.9496340" lon="9.0968320">
    <ele>190.2</ele>
    <time>2026-07-12T17:39:28Z</time>
   </trkpt>
   <trkpt lat="48.9496360" lon="9.0967200">
    <ele>190.1</ele>
    <time>2026-07-12T17:39:29Z</time>
   </trkpt>
   <trkpt lat="48.9496400" lon="9.0966050">
    <ele>190.1</ele>
    <time>2026-07-12T17:39:30Z</time>
   </trkpt>
   <trkpt lat="48.9496450" lon="9.0964920">
    <ele>190.1</ele>
    <time>2026-07-12T17:39:31Z</time>
   </trkpt>
   <trkpt lat="48.9496410" lon="9.0963800">
    <ele>190.1</ele>
    <time>2026-07-12T17:39:32Z</time>
   </trkpt>
   <trkpt lat="48.9496310" lon="9.0962600">
    <ele>190.1</ele>
    <time>2026-07-12T17:39:33Z</time>
   </trkpt>
   <trkpt lat="48.9496220" lon="9.0961350">
    <ele>190.0</ele>
    <time>2026-07-12T17:39:34Z</time>
   </trkpt>
   <trkpt lat="48.9496150" lon="9.0960190">
    <ele>190.0</ele>
    <time>2026-07-12T17:39:35Z</time>
   </trkpt>
   <trkpt lat="48.9496020" lon="9.0959000">
    <ele>190.0</ele>
    <time>2026-07-12T17:39:36Z</time>
   </trkpt>
   <trkpt lat="48.9495960" lon="9.0957920">
    <ele>190.0</ele>
    <time>2026-07-12T17:39:37Z</time>
   </trkpt>
   <trkpt lat="48.9495790" lon="9.0956740">
    <ele>190.0</ele>
    <time>2026-07-12T17:39:38Z</time>
   </trkpt>
   <trkpt lat="48.9495690" lon="9.0955660">
    <ele>190.0</ele>
    <time>2026-07-12T17:39:39Z</time>
   </trkpt>
   <trkpt lat="48.9495560" lon="9.0954520">
    <ele>190.1</ele>
    <time>2026-07-12T17:39:40Z</time>
   </trkpt>
   <trkpt lat="48.9495420" lon="9.0953380">
    <ele>190.0</ele>
    <time>2026-07-12T17:39:41Z</time>
   </trkpt>
   <trkpt lat="48.9495240" lon="9.0952300">
    <ele>190.0</ele>
    <time>2026-07-12T17:39:42Z</time>
   </trkpt>
   <trkpt lat="48.9495080" lon="9.0951150">
    <ele>189.9</ele>
    <time>2026-07-12T17:39:43Z</time>
   </trkpt>
   <trkpt lat="48.9494950" lon="9.0950070">
    <ele>189.9</ele>
    <time>2026-07-12T17:39:44Z</time>
   </trkpt>
   <trkpt lat="48.9494790" lon="9.0948970">
    <ele>189.9</ele>
    <time>2026-07-12T17:39:45Z</time>
   </trkpt>
   <trkpt lat="48.9494620" lon="9.0947870">
    <ele>189.9</ele>
    <time>2026-07-12T17:39:46Z</time>
   </trkpt>
   <trkpt lat="48.9494430" lon="9.0946780">
    <ele>189.8</ele>
    <time>2026-07-12T17:39:47Z</time>
   </trkpt>
   <trkpt lat="48.9494220" lon="9.0945690">
    <ele>189.8</ele>
    <time>2026-07-12T17:39:48Z</time>
   </trkpt>
   <trkpt lat="48.9494090" lon="9.0944510">
    <ele>189.8</ele>
    <time>2026-07-12T17:39:49Z</time>
   </trkpt>
   <trkpt lat="48.9493940" lon="9.0943360">
    <ele>189.8</ele>
    <time>2026-07-12T17:39:50Z</time>
   </trkpt>
   <trkpt lat="48.9493850" lon="9.0942280">
    <ele>189.7</ele>
    <time>2026-07-12T17:39:51Z</time>
   </trkpt>
   <trkpt lat="48.9493680" lon="9.0941170">
    <ele>189.7</ele>
    <time>2026-07-12T17:39:52Z</time>
   </trkpt>
   <trkpt lat="48.9493480" lon="9.0940030">
    <ele>189.7</ele>
    <time>2026-07-12T17:39:53Z</time>
   </trkpt>
   <trkpt lat="48.9493260" lon="9.0938870">
    <ele>189.6</ele>
    <time>2026-07-12T17:39:54Z</time>
   </trkpt>
   <trkpt lat="48.9493070" lon="9.0937720">
    <ele>189.6</ele>
    <time>2026-07-12T17:39:55Z</time>
   </trkpt>
   <trkpt lat="48.9492890" lon="9.0936550">
    <ele>189.6</ele>
    <time>2026-07-12T17:39:56Z</time>
   </trkpt>
   <trkpt lat="48.9492700" lon="9.0935430">
    <ele>189.6</ele>
    <time>2026-07-12T17:39:57Z</time>
   </trkpt>
   <trkpt lat="48.9492470" lon="9.0934310">
    <ele>189.6</ele>
    <time>2026-07-12T17:39:58Z</time>
   </trkpt>
   <trkpt lat="48.9492270" lon="9.0933200">
    <ele>189.5</ele>
    <time>2026-07-12T17:39:59Z</time>
   </trkpt>
   <trkpt lat="48.9492100" lon="9.0932120">
    <ele>189.5</ele>
    <time>2026-07-12T17:40:00Z</time>
   </trkpt>
   <trkpt lat="48.9491900" lon="9.0930980">
    <ele>189.5</ele>
    <time>2026-07-12T17:40:01Z</time>
   </trkpt>
   <trkpt lat="48.9491760" lon="9.0929830">
    <ele>189.4</ele>
    <time>2026-07-12T17:40:02Z</time>
   </trkpt>
   <trkpt lat="48.9491540" lon="9.0928720">
    <ele>189.4</ele>
    <time>2026-07-12T17:40:03Z</time>
   </trkpt>
   <trkpt lat="48.9491330" lon="9.0927660">
    <ele>189.4</ele>
    <time>2026-07-12T17:40:04Z</time>
   </trkpt>
   <trkpt lat="48.9491100" lon="9.0926540">
    <ele>189.3</ele>
    <time>2026-07-12T17:40:05Z</time>
   </trkpt>
   <trkpt lat="48.9490850" lon="9.0925420">
    <ele>189.3</ele>
    <time>2026-07-12T17:40:06Z</time>
   </trkpt>
   <trkpt lat="48.9490600" lon="9.0924280">
    <ele>189.3</ele>
    <time>2026-07-12T17:40:07Z</time>
   </trkpt>
   <trkpt lat="48.9490350" lon="9.0923150">
    <ele>189.3</ele>
    <time>2026-07-12T17:40:08Z</time>
   </trkpt>
   <trkpt lat="48.9490070" lon="9.0922090">
    <ele>189.3</ele>
    <time>2026-07-12T17:40:09Z</time>
   </trkpt>
   <trkpt lat="48.9489810" lon="9.0920970">
    <ele>189.2</ele>
    <time>2026-07-12T17:40:10Z</time>
   </trkpt>
   <trkpt lat="48.9489520" lon="9.0919830">
    <ele>189.2</ele>
    <time>2026-07-12T17:40:11Z</time>
   </trkpt>
   <trkpt lat="48.9489280" lon="9.0918710">
    <ele>189.2</ele>
    <time>2026-07-12T17:40:12Z</time>
   </trkpt>
   <trkpt lat="48.9489000" lon="9.0917640">
    <ele>189.2</ele>
    <time>2026-07-12T17:40:13Z</time>
   </trkpt>
   <trkpt lat="48.9488810" lon="9.0916640">
    <ele>189.2</ele>
    <time>2026-07-12T17:40:14Z</time>
   </trkpt>
   <trkpt lat="48.9488590" lon="9.0915660">
    <ele>189.2</ele>
    <time>2026-07-12T17:40:15Z</time>
   </trkpt>
   <trkpt lat="48.9488330" lon="9.0914640">
    <ele>189.1</ele>
    <time>2026-07-12T17:40:16Z</time>
   </trkpt>
   <trkpt lat="48.9487980" lon="9.0913550">
    <ele>189.1</ele>
    <time>2026-07-12T17:40:17Z</time>
   </trkpt>
   <trkpt lat="48.9487690" lon="9.0912460">
    <ele>189.1</ele>
    <time>2026-07-12T17:40:18Z</time>
   </trkpt>
   <trkpt lat="48.9487370" lon="9.0911380">
    <ele>189.1</ele>
    <time>2026-07-12T17:40:19Z</time>
   </trkpt>
   <trkpt lat="48.9487010" lon="9.0910230">
    <ele>189.0</ele>
    <time>2026-07-12T17:40:20Z</time>
   </trkpt>
   <trkpt lat="48.9486690" lon="9.0909090">
    <ele>189.0</ele>
    <time>2026-07-12T17:40:21Z</time>
   </trkpt>
   <trkpt lat="48.9486350" lon="9.0908030">
    <ele>189.0</ele>
    <time>2026-07-12T17:40:22Z</time>
   </trkpt>
   <trkpt lat="48.9486030" lon="9.0906980">
    <ele>189.0</ele>
    <time>2026-07-12T17:40:23Z</time>
   </trkpt>
   <trkpt lat="48.9485740" lon="9.0905950">
    <ele>189.0</ele>
    <time>2026-07-12T17:40:24Z</time>
   </trkpt>
   <trkpt lat="48.9485440" lon="9.0904850">
    <ele>189.0</ele>
    <time>2026-07-12T17:40:25Z</time>
   </trkpt>
   <trkpt lat="48.9485120" lon="9.0903870">
    <ele>189.0</ele>
    <time>2026-07-12T17:40:26Z</time>
   </trkpt>
   <trkpt lat="48.9484790" lon="9.0902920">
    <ele>188.9</ele>
    <time>2026-07-12T17:40:27Z</time>
   </trkpt>
   <trkpt lat="48.9484480" lon="9.0901970">
    <ele>188.9</ele>
    <time>2026-07-12T17:40:28Z</time>
   </trkpt>
   <trkpt lat="48.9484180" lon="9.0900950">
    <ele>188.9</ele>
    <time>2026-07-12T17:40:29Z</time>
   </trkpt>
   <trkpt lat="48.9483850" lon="9.0899910">
    <ele>188.9</ele>
    <time>2026-07-12T17:40:30Z</time>
   </trkpt>
   <trkpt lat="48.9483530" lon="9.0898900">
    <ele>188.8</ele>
    <time>2026-07-12T17:40:31Z</time>
   </trkpt>
   <trkpt lat="48.9483210" lon="9.0897920">
    <ele>188.8</ele>
    <time>2026-07-12T17:40:32Z</time>
   </trkpt>
   <trkpt lat="48.9482880" lon="9.0896930">
    <ele>188.8</ele>
    <time>2026-07-12T17:40:33Z</time>
   </trkpt>
   <trkpt lat="48.9482480" lon="9.0895860">
    <ele>188.8</ele>
    <time>2026-07-12T17:40:34Z</time>
   </trkpt>
   <trkpt lat="48.9482090" lon="9.0894740">
    <ele>188.8</ele>
    <time>2026-07-12T17:40:35Z</time>
   </trkpt>
   <trkpt lat="48.9481690" lon="9.0893630">
    <ele>188.8</ele>
    <time>2026-07-12T17:40:36Z</time>
   </trkpt>
   <trkpt lat="48.9481340" lon="9.0892580">
    <ele>188.9</ele>
    <time>2026-07-12T17:40:37Z</time>
   </trkpt>
   <trkpt lat="48.9480910" lon="9.0891530">
    <ele>189.0</ele>
    <time>2026-07-12T17:40:38Z</time>
   </trkpt>
   <trkpt lat="48.9480490" lon="9.0890470">
    <ele>189.1</ele>
    <time>2026-07-12T17:40:39Z</time>
   </trkpt>
   <trkpt lat="48.9480030" lon="9.0889400">
    <ele>189.4</ele>
    <time>2026-07-12T17:40:40Z</time>
   </trkpt>
   <trkpt lat="48.9479520" lon="9.0888470">
    <ele>189.8</ele>
    <time>2026-07-12T17:40:41Z</time>
   </trkpt>
   <trkpt lat="48.9479110" lon="9.0887590">
    <ele>190.2</ele>
    <time>2026-07-12T17:40:42Z</time>
   </trkpt>
   <trkpt lat="48.9478680" lon="9.0886890">
    <ele>190.4</ele>
    <time>2026-07-12T17:40:43Z</time>
   </trkpt>
   <trkpt lat="48.9478080" lon="9.0886450">
    <ele>190.7</ele>
    <time>2026-07-12T17:40:44Z</time>
   </trkpt>
   <trkpt lat="48.9477410" lon="9.0886170">
    <ele>190.5</ele>
    <time>2026-07-12T17:40:45Z</time>
   </trkpt>
   <trkpt lat="48.9476690" lon="9.0885910">
    <ele>190.4</ele>
    <time>2026-07-12T17:40:46Z</time>
   </trkpt>
   <trkpt lat="48.9475990" lon="9.0885530">
    <ele>190.2</ele>
    <time>2026-07-12T17:40:47Z</time>
   </trkpt>
   <trkpt lat="48.9475270" lon="9.0885010">
    <ele>190.1</ele>
    <time>2026-07-12T17:40:48Z</time>
   </trkpt>
   <trkpt lat="48.9474540" lon="9.0884480">
    <ele>189.8</ele>
    <time>2026-07-12T17:40:49Z</time>
   </trkpt>
   <trkpt lat="48.9473770" lon="9.0883940">
    <ele>189.6</ele>
    <time>2026-07-12T17:40:50Z</time>
   </trkpt>
   <trkpt lat="48.9473020" lon="9.0883320">
    <ele>189.5</ele>
    <time>2026-07-12T17:40:51Z</time>
   </trkpt>
   <trkpt lat="48.9472320" lon="9.0882570">
    <ele>189.5</ele>
    <time>2026-07-12T17:40:52Z</time>
   </trkpt>
   <trkpt lat="48.9471670" lon="9.0881750">
    <ele>189.5</ele>
    <time>2026-07-12T17:40:53Z</time>
   </trkpt>
   <trkpt lat="48.9471030" lon="9.0880870">
    <ele>189.6</ele>
    <time>2026-07-12T17:40:54Z</time>
   </trkpt>
   <trkpt lat="48.9470420" lon="9.0880000">
    <ele>189.7</ele>
    <time>2026-07-12T17:40:55Z</time>
   </trkpt>
   <trkpt lat="48.9469880" lon="9.0879100">
    <ele>189.8</ele>
    <time>2026-07-12T17:40:56Z</time>
   </trkpt>
   <trkpt lat="48.9469370" lon="9.0878070">
    <ele>189.8</ele>
    <time>2026-07-12T17:40:57Z</time>
   </trkpt>
   <trkpt lat="48.9468810" lon="9.0877090">
    <ele>189.9</ele>
    <time>2026-07-12T17:40:58Z</time>
   </trkpt>
   <trkpt lat="48.9468260" lon="9.0876050">
    <ele>189.9</ele>
    <time>2026-07-12T17:40:59Z</time>
   </trkpt>
   <trkpt lat="48.9467710" lon="9.0875020">
    <ele>190.0</ele>
    <time>2026-07-12T17:41:00Z</time>
   </trkpt>
   <trkpt lat="48.9467180" lon="9.0874050">
    <ele>190.0</ele>
    <time>2026-07-12T17:41:01Z</time>
   </trkpt>
   <trkpt lat="48.9466660" lon="9.0873010">
    <ele>190.0</ele>
    <time>2026-07-12T17:41:02Z</time>
   </trkpt>
   <trkpt lat="48.9466180" lon="9.0871960">
    <ele>190.0</ele>
    <time>2026-07-12T17:41:03Z</time>
   </trkpt>
   <trkpt lat="48.9465790" lon="9.0870940">
    <ele>190.0</ele>
    <time>2026-07-12T17:41:04Z</time>
   </trkpt>
   <trkpt lat="48.9465300" lon="9.0869780">
    <ele>190.0</ele>
    <time>2026-07-12T17:41:05Z</time>
   </trkpt>
   <trkpt lat="48.9464850" lon="9.0868700">
    <ele>190.1</ele>
    <time>2026-07-12T17:41:06Z</time>
   </trkpt>
   <trkpt lat="48.9464320" lon="9.0867700">
    <ele>190.1</ele>
    <time>2026-07-12T17:41:07Z</time>
   </trkpt>
   <trkpt lat="48.9463810" lon="9.0866540">
    <ele>190.0</ele>
    <time>2026-07-12T17:41:08Z</time>
   </trkpt>
   <trkpt lat="48.9463310" lon="9.0865440">
    <ele>190.0</ele>
    <time>2026-07-12T17:41:09Z</time>
   </trkpt>
   <trkpt lat="48.9462800" lon="9.0864390">
    <ele>189.9</ele>
    <time>2026-07-12T17:41:10Z</time>
   </trkpt>
   <trkpt lat="48.9462280" lon="9.0863310">
    <ele>189.9</ele>
    <time>2026-07-12T17:41:11Z</time>
   </trkpt>
   <trkpt lat="48.9461760" lon="9.0862280">
    <ele>189.9</ele>
    <time>2026-07-12T17:41:12Z</time>
   </trkpt>
   <trkpt lat="48.9461270" lon="9.0861230">
    <ele>189.9</ele>
    <time>2026-07-12T17:41:13Z</time>
   </trkpt>
   <trkpt lat="48.9460760" lon="9.0860180">
    <ele>190.0</ele>
    <time>2026-07-12T17:41:14Z</time>
   </trkpt>
   <trkpt lat="48.9460240" lon="9.0859190">
    <ele>190.0</ele>
    <time>2026-07-12T17:41:15Z</time>
   </trkpt>
   <trkpt lat="48.9459700" lon="9.0858140">
    <ele>190.0</ele>
    <time>2026-07-12T17:41:16Z</time>
   </trkpt>
   <trkpt lat="48.9459130" lon="9.0857230">
    <ele>190.0</ele>
    <time>2026-07-12T17:41:17Z</time>
   </trkpt>
   <trkpt lat="48.9458540" lon="9.0856390">
    <ele>190.1</ele>
    <time>2026-07-12T17:41:18Z</time>
   </trkpt>
   <trkpt lat="48.9457940" lon="9.0855450">
    <ele>190.1</ele>
    <time>2026-07-12T17:41:19Z</time>
   </trkpt>
   <trkpt lat="48.9457340" lon="9.0854550">
    <ele>190.2</ele>
    <time>2026-07-12T17:41:20Z</time>
   </trkpt>
   <trkpt lat="48.9456710" lon="9.0853670">
    <ele>190.2</ele>
    <time>2026-07-12T17:41:21Z</time>
   </trkpt>
   <trkpt lat="48.9456070" lon="9.0852830">
    <ele>190.2</ele>
    <time>2026-07-12T17:41:22Z</time>
   </trkpt>
   <trkpt lat="48.9455480" lon="9.0851960">
    <ele>190.2</ele>
    <time>2026-07-12T17:41:23Z</time>
   </trkpt>
   <trkpt lat="48.9454790" lon="9.0851100">
    <ele>190.1</ele>
    <time>2026-07-12T17:41:24Z</time>
   </trkpt>
   <trkpt lat="48.9454130" lon="9.0850240">
    <ele>190.1</ele>
    <time>2026-07-12T17:41:25Z</time>
   </trkpt>
   <trkpt lat="48.9453500" lon="9.0849470">
    <ele>190.1</ele>
    <time>2026-07-12T17:41:26Z</time>
   </trkpt>
   <trkpt lat="48.9452900" lon="9.0848630">
    <ele>190.1</ele>
    <time>2026-07-12T17:41:27Z</time>
   </trkpt>
   <trkpt lat="48.9452260" lon="9.0847790">
    <ele>190.1</ele>
    <time>2026-07-12T17:41:28Z</time>
   </trkpt>
   <trkpt lat="48.9451670" lon="9.0846950">
    <ele>190.0</ele>
    <time>2026-07-12T17:41:29Z</time>
   </trkpt>
   <trkpt lat="48.9451070" lon="9.0846110">
    <ele>190.0</ele>
    <time>2026-07-12T17:41:30Z</time>
   </trkpt>
   <trkpt lat="48.9450490" lon="9.0845230">
    <ele>190.0</ele>
    <time>2026-07-12T17:41:31Z</time>
   </trkpt>
   <trkpt lat="48.9450060" lon="9.0844730">
    <ele>190.0</ele>
    <time>2026-07-12T17:41:32Z</time>
   </trkpt>
   <trkpt lat="48.9449590" lon="9.0844150">
    <ele>190.0</ele>
    <time>2026-07-12T17:41:33Z</time>
   </trkpt>
   <trkpt lat="48.9449070" lon="9.0843610">
    <ele>190.0</ele>
    <time>2026-07-12T17:41:34Z</time>
   </trkpt>
   <trkpt lat="48.9448510" lon="9.0842960">
    <ele>190.0</ele>
    <time>2026-07-12T17:41:35Z</time>
   </trkpt>
   <trkpt lat="48.9447990" lon="9.0842260">
    <ele>190.0</ele>
    <time>2026-07-12T17:41:36Z</time>
   </trkpt>
   <trkpt lat="48.9447380" lon="9.0841590">
    <ele>190.0</ele>
    <time>2026-07-12T17:41:37Z</time>
   </trkpt>
   <trkpt lat="48.9446790" lon="9.0840980">
    <ele>190.0</ele>
    <time>2026-07-12T17:41:38Z</time>
   </trkpt>
   <trkpt lat="48.9446150" lon="9.0840370">
    <ele>190.0</ele>
    <time>2026-07-12T17:41:39Z</time>
   </trkpt>
   <trkpt lat="48.9445510" lon="9.0839780">
    <ele>190.1</ele>
    <time>2026-07-12T17:41:40Z</time>
   </trkpt>
   <trkpt lat="48.9444880" lon="9.0839190">
    <ele>190.1</ele>
    <time>2026-07-12T17:41:41Z</time>
   </trkpt>
   <trkpt lat="48.9444180" lon="9.0838610">
    <ele>190.1</ele>
    <time>2026-07-12T17:41:42Z</time>
   </trkpt>
   <trkpt lat="48.9443540" lon="9.0838100">
    <ele>190.1</ele>
    <time>2026-07-12T17:41:43Z</time>
   </trkpt>
   <trkpt lat="48.9442880" lon="9.0837590">
    <ele>190.0</ele>
    <time>2026-07-12T17:41:44Z</time>
   </trkpt>
   <trkpt lat="48.9442250" lon="9.0836980">
    <ele>190.0</ele>
    <time>2026-07-12T17:41:45Z</time>
   </trkpt>
   <trkpt lat="48.9441610" lon="9.0836450">
    <ele>190.0</ele>
    <time>2026-07-12T17:41:46Z</time>
   </trkpt>
   <trkpt lat="48.9440960" lon="9.0835870">
    <ele>190.1</ele>
    <time>2026-07-12T17:41:47Z</time>
   </trkpt>
   <trkpt lat="48.9440360" lon="9.0835170">
    <ele>190.1</ele>
    <time>2026-07-12T17:41:48Z</time>
   </trkpt>
   <trkpt lat="48.9439820" lon="9.0834370">
    <ele>190.1</ele>
    <time>2026-07-12T17:41:49Z</time>
   </trkpt>
   <trkpt lat="48.9439290" lon="9.0833530">
    <ele>190.2</ele>
    <time>2026-07-12T17:41:50Z</time>
   </trkpt>
   <trkpt lat="48.9438820" lon="9.0832740">
    <ele>190.2</ele>
    <time>2026-07-12T17:41:51Z</time>
   </trkpt>
   <trkpt lat="48.9438300" lon="9.0831870">
    <ele>190.2</ele>
    <time>2026-07-12T17:41:52Z</time>
   </trkpt>
   <trkpt lat="48.9437770" lon="9.0831030">
    <ele>190.2</ele>
    <time>2026-07-12T17:41:53Z</time>
   </trkpt>
   <trkpt lat="48.9437240" lon="9.0830110">
    <ele>190.2</ele>
    <time>2026-07-12T17:41:54Z</time>
   </trkpt>
   <trkpt lat="48.9436810" lon="9.0829140">
    <ele>190.2</ele>
    <time>2026-07-12T17:41:55Z</time>
   </trkpt>
   <trkpt lat="48.9436390" lon="9.0828130">
    <ele>190.2</ele>
    <time>2026-07-12T17:41:56Z</time>
   </trkpt>
   <trkpt lat="48.9435930" lon="9.0827170">
    <ele>190.2</ele>
    <time>2026-07-12T17:41:57Z</time>
   </trkpt>
   <trkpt lat="48.9435530" lon="9.0826270">
    <ele>190.3</ele>
    <time>2026-07-12T17:41:58Z</time>
   </trkpt>
   <trkpt lat="48.9435130" lon="9.0825340">
    <ele>190.4</ele>
    <time>2026-07-12T17:41:59Z</time>
   </trkpt>
   <trkpt lat="48.9434750" lon="9.0824490">
    <ele>190.4</ele>
    <time>2026-07-12T17:42:00Z</time>
   </trkpt>
   <trkpt lat="48.9434360" lon="9.0823620">
    <ele>190.5</ele>
    <time>2026-07-12T17:42:01Z</time>
   </trkpt>
   <trkpt lat="48.9433910" lon="9.0822720">
    <ele>190.5</ele>
    <time>2026-07-12T17:42:02Z</time>
   </trkpt>
   <trkpt lat="48.9433450" lon="9.0821870">
    <ele>190.5</ele>
    <time>2026-07-12T17:42:03Z</time>
   </trkpt>
   <trkpt lat="48.9432970" lon="9.0821000">
    <ele>190.5</ele>
    <time>2026-07-12T17:42:04Z</time>
   </trkpt>
   <trkpt lat="48.9432500" lon="9.0820120">
    <ele>190.4</ele>
    <time>2026-07-12T17:42:05Z</time>
   </trkpt>
   <trkpt lat="48.9432000" lon="9.0819220">
    <ele>190.4</ele>
    <time>2026-07-12T17:42:06Z</time>
   </trkpt>
   <trkpt lat="48.9431470" lon="9.0818330">
    <ele>190.3</ele>
    <time>2026-07-12T17:42:07Z</time>
   </trkpt>
   <trkpt lat="48.9430930" lon="9.0817370">
    <ele>190.3</ele>
    <time>2026-07-12T17:42:08Z</time>
   </trkpt>
   <trkpt lat="48.9430400" lon="9.0816340">
    <ele>190.2</ele>
    <time>2026-07-12T17:42:09Z</time>
   </trkpt>
   <trkpt lat="48.9429840" lon="9.0815440">
    <ele>190.3</ele>
    <time>2026-07-12T17:42:10Z</time>
   </trkpt>
   <trkpt lat="48.9429230" lon="9.0814680">
    <ele>190.2</ele>
    <time>2026-07-12T17:42:11Z</time>
   </trkpt>
   <trkpt lat="48.9428610" lon="9.0813930">
    <ele>190.0</ele>
    <time>2026-07-12T17:42:12Z</time>
   </trkpt>
   <trkpt lat="48.9427950" lon="9.0813250">
    <ele>189.5</ele>
    <time>2026-07-12T17:42:13Z</time>
   </trkpt>
   <trkpt lat="48.9427220" lon="9.0812540">
    <ele>189.1</ele>
    <time>2026-07-12T17:42:14Z</time>
   </trkpt>
   <trkpt lat="48.9426510" lon="9.0811750">
    <ele>188.7</ele>
    <time>2026-07-12T17:42:15Z</time>
   </trkpt>
   <trkpt lat="48.9425820" lon="9.0811010">
    <ele>188.4</ele>
    <time>2026-07-12T17:42:16Z</time>
   </trkpt>
   <trkpt lat="48.9425110" lon="9.0810270">
    <ele>188.3</ele>
    <time>2026-07-12T17:42:17Z</time>
   </trkpt>
   <trkpt lat="48.9424390" lon="9.0809460">
    <ele>188.2</ele>
    <time>2026-07-12T17:42:18Z</time>
   </trkpt>
   <trkpt lat="48.9423720" lon="9.0808640">
    <ele>188.2</ele>
    <time>2026-07-12T17:42:19Z</time>
   </trkpt>
   <trkpt lat="48.9423030" lon="9.0807920">
    <ele>188.3</ele>
    <time>2026-07-12T17:42:20Z</time>
   </trkpt>
   <trkpt lat="48.9422350" lon="9.0807130">
    <ele>188.3</ele>
    <time>2026-07-12T17:42:21Z</time>
   </trkpt>
   <trkpt lat="48.9421720" lon="9.0806430">
    <ele>188.4</ele>
    <time>2026-07-12T17:42:22Z</time>
   </trkpt>
   <trkpt lat="48.9421060" lon="9.0805660">
    <ele>188.4</ele>
    <time>2026-07-12T17:42:23Z</time>
   </trkpt>
   <trkpt lat="48.9420400" lon="9.0804860">
    <ele>188.6</ele>
    <time>2026-07-12T17:42:24Z</time>
   </trkpt>
   <trkpt lat="48.9419790" lon="9.0804180">
    <ele>188.7</ele>
    <time>2026-07-12T17:42:25Z</time>
   </trkpt>
   <trkpt lat="48.9419120" lon="9.0803490">
    <ele>188.7</ele>
    <time>2026-07-12T17:42:26Z</time>
   </trkpt>
   <trkpt lat="48.9418610" lon="9.0802620">
    <ele>188.7</ele>
    <time>2026-07-12T17:42:27Z</time>
   </trkpt>
   <trkpt lat="48.9417880" lon="9.0801850">
    <ele>188.6</ele>
    <time>2026-07-12T17:42:28Z</time>
   </trkpt>
   <trkpt lat="48.9417160" lon="9.0801200">
    <ele>188.6</ele>
    <time>2026-07-12T17:42:29Z</time>
   </trkpt>
   <trkpt lat="48.9416410" lon="9.0800620">
    <ele>188.6</ele>
    <time>2026-07-12T17:42:30Z</time>
   </trkpt>
   <trkpt lat="48.9415580" lon="9.0800190">
    <ele>188.6</ele>
    <time>2026-07-12T17:42:31Z</time>
   </trkpt>
   <trkpt lat="48.9414750" lon="9.0799840">
    <ele>188.5</ele>
    <time>2026-07-12T17:42:32Z</time>
   </trkpt>
   <trkpt lat="48.9413890" lon="9.0799630">
    <ele>188.5</ele>
    <time>2026-07-12T17:42:33Z</time>
   </trkpt>
   <trkpt lat="48.9412980" lon="9.0799510">
    <ele>188.5</ele>
    <time>2026-07-12T17:42:34Z</time>
   </trkpt>
   <trkpt lat="48.9412120" lon="9.0799530">
    <ele>188.5</ele>
    <time>2026-07-12T17:42:35Z</time>
   </trkpt>
   <trkpt lat="48.9411280" lon="9.0799620">
    <ele>188.5</ele>
    <time>2026-07-12T17:42:36Z</time>
   </trkpt>
   <trkpt lat="48.9410430" lon="9.0799800">
    <ele>188.5</ele>
    <time>2026-07-12T17:42:37Z</time>
   </trkpt>
   <trkpt lat="48.9409630" lon="9.0799950">
    <ele>188.5</ele>
    <time>2026-07-12T17:42:38Z</time>
   </trkpt>
   <trkpt lat="48.9408790" lon="9.0800190">
    <ele>188.5</ele>
    <time>2026-07-12T17:42:39Z</time>
   </trkpt>
   <trkpt lat="48.9408000" lon="9.0800490">
    <ele>188.4</ele>
    <time>2026-07-12T17:42:40Z</time>
   </trkpt>
   <trkpt lat="48.9407110" lon="9.0800780">
    <ele>188.4</ele>
    <time>2026-07-12T17:42:41Z</time>
   </trkpt>
   <trkpt lat="48.9406210" lon="9.0800900">
    <ele>188.3</ele>
    <time>2026-07-12T17:42:42Z</time>
   </trkpt>
   <trkpt lat="48.9405280" lon="9.0800880">
    <ele>188.3</ele>
    <time>2026-07-12T17:42:43Z</time>
   </trkpt>
   <trkpt lat="48.9404440" lon="9.0800840">
    <ele>188.3</ele>
    <time>2026-07-12T17:42:44Z</time>
   </trkpt>
   <trkpt lat="48.9403630" lon="9.0800810">
    <ele>188.3</ele>
    <time>2026-07-12T17:42:45Z</time>
   </trkpt>
   <trkpt lat="48.9402750" lon="9.0800740">
    <ele>188.3</ele>
    <time>2026-07-12T17:42:46Z</time>
   </trkpt>
   <trkpt lat="48.9401900" lon="9.0800780">
    <ele>188.4</ele>
    <time>2026-07-12T17:42:47Z</time>
   </trkpt>
   <trkpt lat="48.9401040" lon="9.0800840">
    <ele>188.4</ele>
    <time>2026-07-12T17:42:48Z</time>
   </trkpt>
   <trkpt lat="48.9400120" lon="9.0800910">
    <ele>188.4</ele>
    <time>2026-07-12T17:42:49Z</time>
   </trkpt>
   <trkpt lat="48.9399260" lon="9.0800960">
    <ele>188.5</ele>
    <time>2026-07-12T17:42:50Z</time>
   </trkpt>
   <trkpt lat="48.9398350" lon="9.0801060">
    <ele>188.5</ele>
    <time>2026-07-12T17:42:51Z</time>
   </trkpt>
   <trkpt lat="48.9397480" lon="9.0801160">
    <ele>188.5</ele>
    <time>2026-07-12T17:42:52Z</time>
   </trkpt>
   <trkpt lat="48.9396610" lon="9.0801190">
    <ele>188.5</ele>
    <time>2026-07-12T17:42:53Z</time>
   </trkpt>
   <trkpt lat="48.9395820" lon="9.0801150">
    <ele>188.6</ele>
    <time>2026-07-12T17:42:54Z</time>
   </trkpt>
   <trkpt lat="48.9395000" lon="9.0801130">
    <ele>188.6</ele>
    <time>2026-07-12T17:42:55Z</time>
   </trkpt>
   <trkpt lat="48.9394150" lon="9.0801150">
    <ele>188.6</ele>
    <time>2026-07-12T17:42:56Z</time>
   </trkpt>
   <trkpt lat="48.9393290" lon="9.0801150">
    <ele>188.6</ele>
    <time>2026-07-12T17:42:57Z</time>
   </trkpt>
   <trkpt lat="48.9392450" lon="9.0801150">
    <ele>188.6</ele>
    <time>2026-07-12T17:42:58Z</time>
   </trkpt>
   <trkpt lat="48.9391620" lon="9.0801180">
    <ele>188.6</ele>
    <time>2026-07-12T17:42:59Z</time>
   </trkpt>
   <trkpt lat="48.9390770" lon="9.0801270">
    <ele>188.6</ele>
    <time>2026-07-12T17:43:00Z</time>
   </trkpt>
   <trkpt lat="48.9389950" lon="9.0801380">
    <ele>188.6</ele>
    <time>2026-07-12T17:43:01Z</time>
   </trkpt>
   <trkpt lat="48.9389240" lon="9.0801300">
    <ele>188.7</ele>
    <time>2026-07-12T17:43:02Z</time>
   </trkpt>
   <trkpt lat="48.9388370" lon="9.0801340">
    <ele>188.7</ele>
    <time>2026-07-12T17:43:03Z</time>
   </trkpt>
   <trkpt lat="48.9387500" lon="9.0801400">
    <ele>188.7</ele>
    <time>2026-07-12T17:43:04Z</time>
   </trkpt>
   <trkpt lat="48.9386640" lon="9.0801400">
    <ele>188.7</ele>
    <time>2026-07-12T17:43:05Z</time>
   </trkpt>
   <trkpt lat="48.9385760" lon="9.0801500">
    <ele>188.7</ele>
    <time>2026-07-12T17:43:06Z</time>
   </trkpt>
   <trkpt lat="48.9385000" lon="9.0801400">
    <ele>188.8</ele>
    <time>2026-07-12T17:43:07Z</time>
   </trkpt>
   <trkpt lat="48.9384140" lon="9.0801430">
    <ele>188.8</ele>
    <time>2026-07-12T17:43:08Z</time>
   </trkpt>
   <trkpt lat="48.9383320" lon="9.0801410">
    <ele>188.8</ele>
    <time>2026-07-12T17:43:09Z</time>
   </trkpt>
   <trkpt lat="48.9382490" lon="9.0801430">
    <ele>188.8</ele>
    <time>2026-07-12T17:43:10Z</time>
   </trkpt>
   <trkpt lat="48.9381610" lon="9.0801560">
    <ele>188.8</ele>
    <time>2026-07-12T17:43:11Z</time>
   </trkpt>
   <trkpt lat="48.9380790" lon="9.0801700">
    <ele>188.8</ele>
    <time>2026-07-12T17:43:12Z</time>
   </trkpt>
   <trkpt lat="48.9379980" lon="9.0801820">
    <ele>188.8</ele>
    <time>2026-07-12T17:43:13Z</time>
   </trkpt>
   <trkpt lat="48.9379140" lon="9.0801950">
    <ele>188.8</ele>
    <time>2026-07-12T17:43:14Z</time>
   </trkpt>
   <trkpt lat="48.9378330" lon="9.0802040">
    <ele>188.8</ele>
    <time>2026-07-12T17:43:15Z</time>
   </trkpt>
   <trkpt lat="48.9377470" lon="9.0802110">
    <ele>188.8</ele>
    <time>2026-07-12T17:43:16Z</time>
   </trkpt>
   <trkpt lat="48.9376610" lon="9.0802150">
    <ele>188.9</ele>
    <time>2026-07-12T17:43:17Z</time>
   </trkpt>
   <trkpt lat="48.9375770" lon="9.0802170">
    <ele>188.9</ele>
    <time>2026-07-12T17:43:18Z</time>
   </trkpt>
   <trkpt lat="48.9374960" lon="9.0802120">
    <ele>189.0</ele>
    <time>2026-07-12T17:43:19Z</time>
   </trkpt>
   <trkpt lat="48.9374140" lon="9.0802080">
    <ele>189.1</ele>
    <time>2026-07-12T17:43:20Z</time>
   </trkpt>
   <trkpt lat="48.9373300" lon="9.0802050">
    <ele>189.1</ele>
    <time>2026-07-12T17:43:21Z</time>
   </trkpt>
   <trkpt lat="48.9372460" lon="9.0802030">
    <ele>189.2</ele>
    <time>2026-07-12T17:43:22Z</time>
   </trkpt>
   <trkpt lat="48.9371630" lon="9.0802040">
    <ele>189.3</ele>
    <time>2026-07-12T17:43:23Z</time>
   </trkpt>
   <trkpt lat="48.9370830" lon="9.0801990">
    <ele>189.3</ele>
    <time>2026-07-12T17:43:24Z</time>
   </trkpt>
   <trkpt lat="48.9370010" lon="9.0802010">
    <ele>189.3</ele>
    <time>2026-07-12T17:43:25Z</time>
   </trkpt>
   <trkpt lat="48.9369210" lon="9.0801950">
    <ele>189.3</ele>
    <time>2026-07-12T17:43:26Z</time>
   </trkpt>
   <trkpt lat="48.9368350" lon="9.0802010">
    <ele>189.3</ele>
    <time>2026-07-12T17:43:27Z</time>
   </trkpt>
   <trkpt lat="48.9367560" lon="9.0802010">
    <ele>189.3</ele>
    <time>2026-07-12T17:43:28Z</time>
   </trkpt>
   <trkpt lat="48.9366710" lon="9.0802080">
    <ele>189.3</ele>
    <time>2026-07-12T17:43:29Z</time>
   </trkpt>
   <trkpt lat="48.9365890" lon="9.0802050">
    <ele>189.3</ele>
    <time>2026-07-12T17:43:30Z</time>
   </trkpt>
   <trkpt lat="48.9364990" lon="9.0802100">
    <ele>189.4</ele>
    <time>2026-07-12T17:43:31Z</time>
   </trkpt>
   <trkpt lat="48.9364150" lon="9.0802170">
    <ele>189.4</ele>
    <time>2026-07-12T17:43:32Z</time>
   </trkpt>
   <trkpt lat="48.9363300" lon="9.0802200">
    <ele>189.4</ele>
    <time>2026-07-12T17:43:33Z</time>
   </trkpt>
   <trkpt lat="48.9362480" lon="9.0802300">
    <ele>189.5</ele>
    <time>2026-07-12T17:43:34Z</time>
   </trkpt>
   <trkpt lat="48.9361630" lon="9.0802440">
    <ele>189.5</ele>
    <time>2026-07-12T17:43:35Z</time>
   </trkpt>
   <trkpt lat="48.9360800" lon="9.0802630">
    <ele>189.6</ele>
    <time>2026-07-12T17:43:36Z</time>
   </trkpt>
   <trkpt lat="48.9359970" lon="9.0802810">
    <ele>189.6</ele>
    <time>2026-07-12T17:43:37Z</time>
   </trkpt>
   <trkpt lat="48.9359100" lon="9.0802960">
    <ele>189.7</ele>
    <time>2026-07-12T17:43:38Z</time>
   </trkpt>
   <trkpt lat="48.9358290" lon="9.0803160">
    <ele>189.7</ele>
    <time>2026-07-12T17:43:39Z</time>
   </trkpt>
   <trkpt lat="48.9357530" lon="9.0803330">
    <ele>189.7</ele>
    <time>2026-07-12T17:43:40Z</time>
   </trkpt>
   <trkpt lat="48.9356710" lon="9.0803460">
    <ele>189.7</ele>
    <time>2026-07-12T17:43:41Z</time>
   </trkpt>
   <trkpt lat="48.9355880" lon="9.0803620">
    <ele>189.7</ele>
    <time>2026-07-12T17:43:42Z</time>
   </trkpt>
   <trkpt lat="48.9355040" lon="9.0803830">
    <ele>189.7</ele>
    <time>2026-07-12T17:43:43Z</time>
   </trkpt>
   <trkpt lat="48.9354220" lon="9.0804020">
    <ele>189.8</ele>
    <time>2026-07-12T17:43:44Z</time>
   </trkpt>
   <trkpt lat="48.9353440" lon="9.0804260">
    <ele>189.8</ele>
    <time>2026-07-12T17:43:45Z</time>
   </trkpt>
   <trkpt lat="48.9352640" lon="9.0804460">
    <ele>189.8</ele>
    <time>2026-07-12T17:43:46Z</time>
   </trkpt>
   <trkpt lat="48.9351880" lon="9.0804660">
    <ele>189.8</ele>
    <time>2026-07-12T17:43:47Z</time>
   </trkpt>
   <trkpt lat="48.9351080" lon="9.0804920">
    <ele>189.8</ele>
    <time>2026-07-12T17:43:48Z</time>
   </trkpt>
   <trkpt lat="48.9350280" lon="9.0805190">
    <ele>189.8</ele>
    <time>2026-07-12T17:43:49Z</time>
   </trkpt>
   <trkpt lat="48.9349480" lon="9.0805430">
    <ele>189.8</ele>
    <time>2026-07-12T17:43:50Z</time>
   </trkpt>
   <trkpt lat="48.9348690" lon="9.0805670">
    <ele>189.8</ele>
    <time>2026-07-12T17:43:51Z</time>
   </trkpt>
   <trkpt lat="48.9347890" lon="9.0805920">
    <ele>189.8</ele>
    <time>2026-07-12T17:43:52Z</time>
   </trkpt>
   <trkpt lat="48.9347090" lon="9.0806140">
    <ele>189.7</ele>
    <time>2026-07-12T17:43:53Z</time>
   </trkpt>
   <trkpt lat="48.9346270" lon="9.0806360">
    <ele>189.7</ele>
    <time>2026-07-12T17:43:54Z</time>
   </trkpt>
   <trkpt lat="48.9345510" lon="9.0806590">
    <ele>189.7</ele>
    <time>2026-07-12T17:43:55Z</time>
   </trkpt>
   <trkpt lat="48.9344720" lon="9.0806810">
    <ele>189.7</ele>
    <time>2026-07-12T17:43:56Z</time>
   </trkpt>
   <trkpt lat="48.9343930" lon="9.0807060">
    <ele>189.8</ele>
    <time>2026-07-12T17:43:57Z</time>
   </trkpt>
   <trkpt lat="48.9343100" lon="9.0807310">
    <ele>189.8</ele>
    <time>2026-07-12T17:43:58Z</time>
   </trkpt>
   <trkpt lat="48.9342310" lon="9.0807550">
    <ele>189.8</ele>
    <time>2026-07-12T17:43:59Z</time>
   </trkpt>
   <trkpt lat="48.9341500" lon="9.0807900">
    <ele>189.8</ele>
    <time>2026-07-12T17:44:00Z</time>
   </trkpt>
   <trkpt lat="48.9340760" lon="9.0808140">
    <ele>189.8</ele>
    <time>2026-07-12T17:44:01Z</time>
   </trkpt>
   <trkpt lat="48.9339960" lon="9.0808420">
    <ele>189.8</ele>
    <time>2026-07-12T17:44:02Z</time>
   </trkpt>
   <trkpt lat="48.9339190" lon="9.0808600">
    <ele>189.8</ele>
    <time>2026-07-12T17:44:03Z</time>
   </trkpt>
   <trkpt lat="48.9338420" lon="9.0808860">
    <ele>189.8</ele>
    <time>2026-07-12T17:44:04Z</time>
   </trkpt>
   <trkpt lat="48.9337630" lon="9.0809090">
    <ele>189.8</ele>
    <time>2026-07-12T17:44:05Z</time>
   </trkpt>
   <trkpt lat="48.9336810" lon="9.0809320">
    <ele>189.8</ele>
    <time>2026-07-12T17:44:06Z</time>
   </trkpt>
   <trkpt lat="48.9335970" lon="9.0809580">
    <ele>189.8</ele>
    <time>2026-07-12T17:44:07Z</time>
   </trkpt>
   <trkpt lat="48.9335130" lon="9.0809790">
    <ele>189.8</ele>
    <time>2026-07-12T17:44:08Z</time>
   </trkpt>
   <trkpt lat="48.9334280" lon="9.0810010">
    <ele>189.8</ele>
    <time>2026-07-12T17:44:09Z</time>
   </trkpt>
   <trkpt lat="48.9333480" lon="9.0810330">
    <ele>189.8</ele>
    <time>2026-07-12T17:44:10Z</time>
   </trkpt>
   <trkpt lat="48.9332650" lon="9.0810500">
    <ele>189.8</ele>
    <time>2026-07-12T17:44:11Z</time>
   </trkpt>
   <trkpt lat="48.9331800" lon="9.0810660">
    <ele>189.8</ele>
    <time>2026-07-12T17:44:12Z</time>
   </trkpt>
   <trkpt lat="48.9330950" lon="9.0810820">
    <ele>189.8</ele>
    <time>2026-07-12T17:44:13Z</time>
   </trkpt>
   <trkpt lat="48.9330100" lon="9.0811000">
    <ele>189.8</ele>
    <time>2026-07-12T17:44:14Z</time>
   </trkpt>
   <trkpt lat="48.9329300" lon="9.0811240">
    <ele>189.8</ele>
    <time>2026-07-12T17:44:15Z</time>
   </trkpt>
   <trkpt lat="48.9328510" lon="9.0811500">
    <ele>189.7</ele>
    <time>2026-07-12T17:44:16Z</time>
   </trkpt>
   <trkpt lat="48.9327660" lon="9.0811710">
    <ele>189.7</ele>
    <time>2026-07-12T17:44:17Z</time>
   </trkpt>
   <trkpt lat="48.9326890" lon="9.0811930">
    <ele>189.6</ele>
    <time>2026-07-12T17:44:18Z</time>
   </trkpt>
   <trkpt lat="48.9326080" lon="9.0812160">
    <ele>189.6</ele>
    <time>2026-07-12T17:44:19Z</time>
   </trkpt>
   <trkpt lat="48.9325300" lon="9.0812420">
    <ele>189.5</ele>
    <time>2026-07-12T17:44:20Z</time>
   </trkpt>
   <trkpt lat="48.9324460" lon="9.0812780">
    <ele>189.5</ele>
    <time>2026-07-12T17:44:21Z</time>
   </trkpt>
   <trkpt lat="48.9323660" lon="9.0813200">
    <ele>189.6</ele>
    <time>2026-07-12T17:44:22Z</time>
   </trkpt>
   <trkpt lat="48.9322880" lon="9.0813540">
    <ele>189.6</ele>
    <time>2026-07-12T17:44:23Z</time>
   </trkpt>
   <trkpt lat="48.9322050" lon="9.0813870">
    <ele>189.6</ele>
    <time>2026-07-12T17:44:24Z</time>
   </trkpt>
   <trkpt lat="48.9321290" lon="9.0814310">
    <ele>189.6</ele>
    <time>2026-07-12T17:44:25Z</time>
   </trkpt>
   <trkpt lat="48.9320490" lon="9.0814640">
    <ele>189.6</ele>
    <time>2026-07-12T17:44:26Z</time>
   </trkpt>
   <trkpt lat="48.9319670" lon="9.0815000">
    <ele>189.6</ele>
    <time>2026-07-12T17:44:27Z</time>
   </trkpt>
   <trkpt lat="48.9318850" lon="9.0815340">
    <ele>189.6</ele>
    <time>2026-07-12T17:44:28Z</time>
   </trkpt>
   <trkpt lat="48.9318020" lon="9.0815690">
    <ele>189.6</ele>
    <time>2026-07-12T17:44:29Z</time>
   </trkpt>
   <trkpt lat="48.9317200" lon="9.0816020">
    <ele>189.6</ele>
    <time>2026-07-12T17:44:30Z</time>
   </trkpt>
   <trkpt lat="48.9316380" lon="9.0816370">
    <ele>189.6</ele>
    <time>2026-07-12T17:44:31Z</time>
   </trkpt>
   <trkpt lat="48.9315540" lon="9.0816620">
    <ele>189.6</ele>
    <time>2026-07-12T17:44:32Z</time>
   </trkpt>
   <trkpt lat="48.9314680" lon="9.0816710">
    <ele>189.6</ele>
    <time>2026-07-12T17:44:33Z</time>
   </trkpt>
   <trkpt lat="48.9313820" lon="9.0816650">
    <ele>189.6</ele>
    <time>2026-07-12T17:44:34Z</time>
   </trkpt>
   <trkpt lat="48.9312970" lon="9.0816440">
    <ele>189.6</ele>
    <time>2026-07-12T17:44:35Z</time>
   </trkpt>
   <trkpt lat="48.9312170" lon="9.0816190">
    <ele>189.6</ele>
    <time>2026-07-12T17:44:36Z</time>
   </trkpt>
   <trkpt lat="48.9311330" lon="9.0815960">
    <ele>189.6</ele>
    <time>2026-07-12T17:44:37Z</time>
   </trkpt>
   <trkpt lat="48.9310470" lon="9.0815720">
    <ele>189.6</ele>
    <time>2026-07-12T17:44:38Z</time>
   </trkpt>
   <trkpt lat="48.9309620" lon="9.0815470">
    <ele>189.6</ele>
    <time>2026-07-12T17:44:39Z</time>
   </trkpt>
   <trkpt lat="48.9308810" lon="9.0815190">
    <ele>189.6</ele>
    <time>2026-07-12T17:44:40Z</time>
   </trkpt>
   <trkpt lat="48.9308010" lon="9.0814950">
    <ele>189.6</ele>
    <time>2026-07-12T17:44:41Z</time>
   </trkpt>
   <trkpt lat="48.9307210" lon="9.0814730">
    <ele>189.6</ele>
    <time>2026-07-12T17:44:42Z</time>
   </trkpt>
   <trkpt lat="48.9306430" lon="9.0814500">
    <ele>189.6</ele>
    <time>2026-07-12T17:44:43Z</time>
   </trkpt>
   <trkpt lat="48.9305640" lon="9.0814260">
    <ele>189.6</ele>
    <time>2026-07-12T17:44:44Z</time>
   </trkpt>
   <trkpt lat="48.9304870" lon="9.0814000">
    <ele>189.6</ele>
    <time>2026-07-12T17:44:45Z</time>
   </trkpt>
   <trkpt lat="48.9304080" lon="9.0813650">
    <ele>189.6</ele>
    <time>2026-07-12T17:44:46Z</time>
   </trkpt>
   <trkpt lat="48.9303380" lon="9.0813140">
    <ele>189.6</ele>
    <time>2026-07-12T17:44:47Z</time>
   </trkpt>
   <trkpt lat="48.9302680" lon="9.0812520">
    <ele>189.7</ele>
    <time>2026-07-12T17:44:48Z</time>
   </trkpt>
   <trkpt lat="48.9302000" lon="9.0811830">
    <ele>189.7</ele>
    <time>2026-07-12T17:44:49Z</time>
   </trkpt>
   <trkpt lat="48.9301310" lon="9.0811140">
    <ele>189.7</ele>
    <time>2026-07-12T17:44:50Z</time>
   </trkpt>
   <trkpt lat="48.9300660" lon="9.0810480">
    <ele>189.7</ele>
    <time>2026-07-12T17:44:51Z</time>
   </trkpt>
   <trkpt lat="48.9300030" lon="9.0809870">
    <ele>189.7</ele>
    <time>2026-07-12T17:44:52Z</time>
   </trkpt>
   <trkpt lat="48.9299390" lon="9.0809280">
    <ele>189.7</ele>
    <time>2026-07-12T17:44:53Z</time>
   </trkpt>
   <trkpt lat="48.9298730" lon="9.0808700">
    <ele>189.7</ele>
    <time>2026-07-12T17:44:54Z</time>
   </trkpt>
   <trkpt lat="48.9298040" lon="9.0808120">
    <ele>189.7</ele>
    <time>2026-07-12T17:44:55Z</time>
   </trkpt>
   <trkpt lat="48.9297370" lon="9.0807570">
    <ele>189.7</ele>
    <time>2026-07-12T17:44:56Z</time>
   </trkpt>
   <trkpt lat="48.9296730" lon="9.0807010">
    <ele>189.8</ele>
    <time>2026-07-12T17:44:57Z</time>
   </trkpt>
   <trkpt lat="48.9296020" lon="9.0806530">
    <ele>189.9</ele>
    <time>2026-07-12T17:44:58Z</time>
   </trkpt>
   <trkpt lat="48.9295350" lon="9.0806010">
    <ele>189.9</ele>
    <time>2026-07-12T17:44:59Z</time>
   </trkpt>
   <trkpt lat="48.9294670" lon="9.0805600">
    <ele>190.0</ele>
    <time>2026-07-12T17:45:00Z</time>
   </trkpt>
   <trkpt lat="48.9293930" lon="9.0805180">
    <ele>190.1</ele>
    <time>2026-07-12T17:45:01Z</time>
   </trkpt>
   <trkpt lat="48.9293260" lon="9.0804790">
    <ele>190.1</ele>
    <time>2026-07-12T17:45:02Z</time>
   </trkpt>
   <trkpt lat="48.9292550" lon="9.0804330">
    <ele>190.2</ele>
    <time>2026-07-12T17:45:03Z</time>
   </trkpt>
   <trkpt lat="48.9291830" lon="9.0803860">
    <ele>190.3</ele>
    <time>2026-07-12T17:45:04Z</time>
   </trkpt>
   <trkpt lat="48.9291170" lon="9.0803330">
    <ele>190.4</ele>
    <time>2026-07-12T17:45:05Z</time>
   </trkpt>
   <trkpt lat="48.9290520" lon="9.0802720">
    <ele>190.5</ele>
    <time>2026-07-12T17:45:06Z</time>
   </trkpt>
   <trkpt lat="48.9290010" lon="9.0801920">
    <ele>190.6</ele>
    <time>2026-07-12T17:45:07Z</time>
   </trkpt>
   <trkpt lat="48.9289590" lon="9.0800990">
    <ele>190.7</ele>
    <time>2026-07-12T17:45:08Z</time>
   </trkpt>
   <trkpt lat="48.9289210" lon="9.0800010">
    <ele>190.8</ele>
    <time>2026-07-12T17:45:09Z</time>
   </trkpt>
   <trkpt lat="48.9288890" lon="9.0799070">
    <ele>190.9</ele>
    <time>2026-07-12T17:45:10Z</time>
   </trkpt>
   <trkpt lat="48.9288570" lon="9.0798090">
    <ele>191.0</ele>
    <time>2026-07-12T17:45:11Z</time>
   </trkpt>
   <trkpt lat="48.9288280" lon="9.0797100">
    <ele>191.0</ele>
    <time>2026-07-12T17:45:12Z</time>
   </trkpt>
   <trkpt lat="48.9288010" lon="9.0796080">
    <ele>191.0</ele>
    <time>2026-07-12T17:45:13Z</time>
   </trkpt>
   <trkpt lat="48.9287690" lon="9.0795140">
    <ele>191.0</ele>
    <time>2026-07-12T17:45:14Z</time>
   </trkpt>
   <trkpt lat="48.9287340" lon="9.0794140">
    <ele>191.0</ele>
    <time>2026-07-12T17:45:15Z</time>
   </trkpt>
   <trkpt lat="48.9286990" lon="9.0793060">
    <ele>190.9</ele>
    <time>2026-07-12T17:45:16Z</time>
   </trkpt>
   <trkpt lat="48.9286690" lon="9.0792030">
    <ele>190.9</ele>
    <time>2026-07-12T17:45:17Z</time>
   </trkpt>
   <trkpt lat="48.9286340" lon="9.0790910">
    <ele>190.8</ele>
    <time>2026-07-12T17:45:18Z</time>
   </trkpt>
   <trkpt lat="48.9286000" lon="9.0789850">
    <ele>190.8</ele>
    <time>2026-07-12T17:45:19Z</time>
   </trkpt>
   <trkpt lat="48.9285710" lon="9.0788790">
    <ele>190.8</ele>
    <time>2026-07-12T17:45:20Z</time>
   </trkpt>
   <trkpt lat="48.9285430" lon="9.0787750">
    <ele>190.7</ele>
    <time>2026-07-12T17:45:21Z</time>
   </trkpt>
   <trkpt lat="48.9285140" lon="9.0786700">
    <ele>190.7</ele>
    <time>2026-07-12T17:45:22Z</time>
   </trkpt>
   <trkpt lat="48.9284890" lon="9.0785570">
    <ele>190.7</ele>
    <time>2026-07-12T17:45:23Z</time>
   </trkpt>
   <trkpt lat="48.9284700" lon="9.0784410">
    <ele>190.7</ele>
    <time>2026-07-12T17:45:24Z</time>
   </trkpt>
   <trkpt lat="48.9284560" lon="9.0783260">
    <ele>190.7</ele>
    <time>2026-07-12T17:45:25Z</time>
   </trkpt>
   <trkpt lat="48.9284510" lon="9.0782120">
    <ele>190.7</ele>
    <time>2026-07-12T17:45:26Z</time>
   </trkpt>
   <trkpt lat="48.9284530" lon="9.0780970">
    <ele>190.8</ele>
    <time>2026-07-12T17:45:27Z</time>
   </trkpt>
   <trkpt lat="48.9284610" lon="9.0779850">
    <ele>190.7</ele>
    <time>2026-07-12T17:45:28Z</time>
   </trkpt>
   <trkpt lat="48.9284860" lon="9.0778710">
    <ele>190.6</ele>
    <time>2026-07-12T17:45:29Z</time>
   </trkpt>
   <trkpt lat="48.9285150" lon="9.0777610">
    <ele>190.5</ele>
    <time>2026-07-12T17:45:30Z</time>
   </trkpt>
   <trkpt lat="48.9285450" lon="9.0776530">
    <ele>190.4</ele>
    <time>2026-07-12T17:45:31Z</time>
   </trkpt>
   <trkpt lat="48.9285750" lon="9.0775420">
    <ele>190.3</ele>
    <time>2026-07-12T17:45:32Z</time>
   </trkpt>
   <trkpt lat="48.9286070" lon="9.0774340">
    <ele>190.3</ele>
    <time>2026-07-12T17:45:33Z</time>
   </trkpt>
   <trkpt lat="48.9286370" lon="9.0773240">
    <ele>190.3</ele>
    <time>2026-07-12T17:45:34Z</time>
   </trkpt>
   <trkpt lat="48.9286690" lon="9.0772180">
    <ele>190.3</ele>
    <time>2026-07-12T17:45:35Z</time>
   </trkpt>
   <trkpt lat="48.9287040" lon="9.0771240">
    <ele>190.2</ele>
    <time>2026-07-12T17:45:36Z</time>
   </trkpt>
   <trkpt lat="48.9287730" lon="9.0769160">
    <ele>190.2</ele>
    <time>2026-07-12T17:45:37Z</time>
   </trkpt>
   <trkpt lat="48.9287900" lon="9.0768670">
    <ele>190.2</ele>
    <time>2026-07-12T17:45:38Z</time>
   </trkpt>
   <trkpt lat="48.9288060" lon="9.0768180">
    <ele>190.2</ele>
    <time>2026-07-12T17:45:39Z</time>
   </trkpt>
   <trkpt lat="48.9288470" lon="9.0767230">
    <ele>190.2</ele>
    <time>2026-07-12T17:45:40Z</time>
   </trkpt>
   <trkpt lat="48.9288800" lon="9.0766380">
    <ele>190.2</ele>
    <time>2026-07-12T17:45:41Z</time>
   </trkpt>
   <trkpt lat="48.9289160" lon="9.0765470">
    <ele>190.1</ele>
    <time>2026-07-12T17:45:42Z</time>
   </trkpt>
   <trkpt lat="48.9289550" lon="9.0764690">
    <ele>190.1</ele>
    <time>2026-07-12T17:45:43Z</time>
   </trkpt>
   <trkpt lat="48.9289940" lon="9.0763740">
    <ele>190.0</ele>
    <time>2026-07-12T17:45:44Z</time>
   </trkpt>
   <trkpt lat="48.9290300" lon="9.0762820">
    <ele>190.0</ele>
    <time>2026-07-12T17:45:45Z</time>
   </trkpt>
   <trkpt lat="48.9290640" lon="9.0761890">
    <ele>190.0</ele>
    <time>2026-07-12T17:45:46Z</time>
   </trkpt>
   <trkpt lat="48.9290800" lon="9.0760880">
    <ele>190.0</ele>
    <time>2026-07-12T17:45:47Z</time>
   </trkpt>
   <trkpt lat="48.9290830" lon="9.0759840">
    <ele>190.1</ele>
    <time>2026-07-12T17:45:48Z</time>
   </trkpt>
   <trkpt lat="48.9290930" lon="9.0758810">
    <ele>190.1</ele>
    <time>2026-07-12T17:45:49Z</time>
   </trkpt>
   <trkpt lat="48.9291250" lon="9.0757870">
    <ele>190.1</ele>
    <time>2026-07-12T17:45:50Z</time>
   </trkpt>
   <trkpt lat="48.9291780" lon="9.0757140">
    <ele>190.1</ele>
    <time>2026-07-12T17:45:51Z</time>
   </trkpt>
   <trkpt lat="48.9292370" lon="9.0756550">
    <ele>190.0</ele>
    <time>2026-07-12T17:45:52Z</time>
   </trkpt>
   <trkpt lat="48.9292970" lon="9.0755860">
    <ele>190.0</ele>
    <time>2026-07-12T17:45:53Z</time>
   </trkpt>
   <trkpt lat="48.9293580" lon="9.0755190">
    <ele>189.9</ele>
    <time>2026-07-12T17:45:54Z</time>
   </trkpt>
   <trkpt lat="48.9294240" lon="9.0754570">
    <ele>189.9</ele>
    <time>2026-07-12T17:45:55Z</time>
   </trkpt>
   <trkpt lat="48.9294920" lon="9.0754000">
    <ele>189.9</ele>
    <time>2026-07-12T17:45:56Z</time>
   </trkpt>
   <trkpt lat="48.9295610" lon="9.0753350">
    <ele>189.9</ele>
    <time>2026-07-12T17:45:57Z</time>
   </trkpt>
   <trkpt lat="48.9296270" lon="9.0752740">
    <ele>189.9</ele>
    <time>2026-07-12T17:45:58Z</time>
   </trkpt>
   <trkpt lat="48.9296940" lon="9.0752090">
    <ele>189.9</ele>
    <time>2026-07-12T17:45:59Z</time>
   </trkpt>
   <trkpt lat="48.9297610" lon="9.0751520">
    <ele>189.9</ele>
    <time>2026-07-12T17:46:00Z</time>
   </trkpt>
   <trkpt lat="48.9298290" lon="9.0751000">
    <ele>189.9</ele>
    <time>2026-07-12T17:46:01Z</time>
   </trkpt>
   <trkpt lat="48.9298980" lon="9.0750520">
    <ele>189.9</ele>
    <time>2026-07-12T17:46:02Z</time>
   </trkpt>
   <trkpt lat="48.9299710" lon="9.0750120">
    <ele>189.9</ele>
    <time>2026-07-12T17:46:03Z</time>
   </trkpt>
   <trkpt lat="48.9300440" lon="9.0749750">
    <ele>190.0</ele>
    <time>2026-07-12T17:46:04Z</time>
   </trkpt>
   <trkpt lat="48.9301180" lon="9.0749360">
    <ele>190.0</ele>
    <time>2026-07-12T17:46:05Z</time>
   </trkpt>
   <trkpt lat="48.9301920" lon="9.0748950">
    <ele>190.0</ele>
    <time>2026-07-12T17:46:06Z</time>
   </trkpt>
   <trkpt lat="48.9302650" lon="9.0748630">
    <ele>190.0</ele>
    <time>2026-07-12T17:46:07Z</time>
   </trkpt>
   <trkpt lat="48.9303370" lon="9.0748280">
    <ele>190.1</ele>
    <time>2026-07-12T17:46:08Z</time>
   </trkpt>
   <trkpt lat="48.9304120" lon="9.0747980">
    <ele>190.1</ele>
    <time>2026-07-12T17:46:09Z</time>
   </trkpt>
   <trkpt lat="48.9304890" lon="9.0747540">
    <ele>190.2</ele>
    <time>2026-07-12T17:46:10Z</time>
   </trkpt>
   <trkpt lat="48.9305620" lon="9.0747210">
    <ele>190.2</ele>
    <time>2026-07-12T17:46:11Z</time>
   </trkpt>
   <trkpt lat="48.9306340" lon="9.0746900">
    <ele>190.2</ele>
    <time>2026-07-12T17:46:12Z</time>
   </trkpt>
   <trkpt lat="48.9307100" lon="9.0746600">
    <ele>190.3</ele>
    <time>2026-07-12T17:46:13Z</time>
   </trkpt>
   <trkpt lat="48.9307850" lon="9.0746250">
    <ele>190.3</ele>
    <time>2026-07-12T17:46:14Z</time>
   </trkpt>
   <trkpt lat="48.9308600" lon="9.0745950">
    <ele>190.3</ele>
    <time>2026-07-12T17:46:15Z</time>
   </trkpt>
   <trkpt lat="48.9309300" lon="9.0745590">
    <ele>190.3</ele>
    <time>2026-07-12T17:46:16Z</time>
   </trkpt>
   <trkpt lat="48.9310030" lon="9.0745230">
    <ele>190.4</ele>
    <time>2026-07-12T17:46:17Z</time>
   </trkpt>
   <trkpt lat="48.9310760" lon="9.0744860">
    <ele>190.4</ele>
    <time>2026-07-12T17:46:18Z</time>
   </trkpt>
   <trkpt lat="48.9311460" lon="9.0744530">
    <ele>190.4</ele>
    <time>2026-07-12T17:46:19Z</time>
   </trkpt>
   <trkpt lat="48.9312210" lon="9.0744080">
    <ele>190.5</ele>
    <time>2026-07-12T17:46:20Z</time>
   </trkpt>
   <trkpt lat="48.9312900" lon="9.0743730">
    <ele>190.5</ele>
    <time>2026-07-12T17:46:21Z</time>
   </trkpt>
   <trkpt lat="48.9313530" lon="9.0743410">
    <ele>190.5</ele>
    <time>2026-07-12T17:46:22Z</time>
   </trkpt>
   <trkpt lat="48.9314220" lon="9.0743080">
    <ele>190.5</ele>
    <time>2026-07-12T17:46:23Z</time>
   </trkpt>
   <trkpt lat="48.9314860" lon="9.0742810">
    <ele>190.6</ele>
    <time>2026-07-12T17:46:24Z</time>
   </trkpt>
   <trkpt lat="48.9315330" lon="9.0742550">
    <ele>190.6</ele>
    <time>2026-07-12T17:46:25Z</time>
   </trkpt>
   <trkpt lat="48.9315560" lon="9.0742430">
    <ele>190.6</ele>
    <time>2026-07-12T17:46:26Z</time>
   </trkpt>
   <trkpt lat="48.9315750" lon="9.0742320">
    <ele>190.6</ele>
    <time>2026-07-12T17:46:27Z</time>
   </trkpt>
   <trkpt lat="48.9315910" lon="9.0742190">
    <ele>190.6</ele>
    <time>2026-07-12T17:46:28Z</time>
   </trkpt>
   <trkpt lat="48.9316090" lon="9.0742090">
    <ele>190.6</ele>
    <time>2026-07-12T17:46:29Z</time>
   </trkpt>
   <trkpt lat="48.9316280" lon="9.0741950">
    <ele>190.6</ele>
    <time>2026-07-12T17:46:30Z</time>
   </trkpt>
   <trkpt lat="48.9316430" lon="9.0741800">
    <ele>190.6</ele>
    <time>2026-07-12T17:46:31Z</time>
   </trkpt>
   <trkpt lat="48.9316600" lon="9.0741680">
    <ele>190.6</ele>
    <time>2026-07-12T17:46:32Z</time>
   </trkpt>
   <trkpt lat="48.9316770" lon="9.0741520">
    <ele>190.6</ele>
    <time>2026-07-12T17:46:33Z</time>
   </trkpt>
   <trkpt lat="48.9316930" lon="9.0741330">
    <ele>190.6</ele>
    <time>2026-07-12T17:46:34Z</time>
   </trkpt>
   <trkpt lat="48.9317140" lon="9.0741160">
    <ele>190.6</ele>
    <time>2026-07-12T17:46:35Z</time>
   </trkpt>
   <trkpt lat="48.9317350" lon="9.0741030">
    <ele>190.6</ele>
    <time>2026-07-12T17:46:36Z</time>
   </trkpt>
   <trkpt lat="48.9317570" lon="9.0740920">
    <ele>190.6</ele>
    <time>2026-07-12T17:46:37Z</time>
   </trkpt>
   <trkpt lat="48.9317790" lon="9.0740760">
    <ele>190.6</ele>
    <time>2026-07-12T17:46:38Z</time>
   </trkpt>
   <trkpt lat="48.9317990" lon="9.0740590">
    <ele>190.6</ele>
    <time>2026-07-12T17:46:39Z</time>
   </trkpt>
   <trkpt lat="48.9318220" lon="9.0740410">
    <ele>190.6</ele>
    <time>2026-07-12T17:46:40Z</time>
   </trkpt>
   <trkpt lat="48.9318420" lon="9.0740230">
    <ele>190.6</ele>
    <time>2026-07-12T17:46:41Z</time>
   </trkpt>
   <trkpt lat="48.9318620" lon="9.0740080">
    <ele>190.6</ele>
    <time>2026-07-12T17:46:42Z</time>
   </trkpt>
   <trkpt lat="48.9318810" lon="9.0739900">
    <ele>190.6</ele>
    <time>2026-07-12T17:46:43Z</time>
   </trkpt>
   <trkpt lat="48.9319000" lon="9.0739680">
    <ele>190.6</ele>
    <time>2026-07-12T17:46:44Z</time>
   </trkpt>
   <trkpt lat="48.9319200" lon="9.0739580">
    <ele>190.6</ele>
    <time>2026-07-12T17:46:45Z</time>
   </trkpt>
   <trkpt lat="48.9319380" lon="9.0739480">
    <ele>190.6</ele>
    <time>2026-07-12T17:46:46Z</time>
   </trkpt>
   <trkpt lat="48.9319580" lon="9.0739360">
    <ele>190.6</ele>
    <time>2026-07-12T17:46:47Z</time>
   </trkpt>
   <trkpt lat="48.9319770" lon="9.0739170">
    <ele>190.6</ele>
    <time>2026-07-12T17:46:48Z</time>
   </trkpt>
   <trkpt lat="48.9319970" lon="9.0738990">
    <ele>190.6</ele>
    <time>2026-07-12T17:46:49Z</time>
   </trkpt>
   <trkpt lat="48.9320170" lon="9.0738810">
    <ele>190.6</ele>
    <time>2026-07-12T17:46:50Z</time>
   </trkpt>
   <trkpt lat="48.9320390" lon="9.0738660">
    <ele>190.6</ele>
    <time>2026-07-12T17:46:51Z</time>
   </trkpt>
   <trkpt lat="48.9320610" lon="9.0738520">
    <ele>190.6</ele>
    <time>2026-07-12T17:46:52Z</time>
   </trkpt>
   <trkpt lat="48.9320830" lon="9.0738350">
    <ele>190.6</ele>
    <time>2026-07-12T17:46:53Z</time>
   </trkpt>
   <trkpt lat="48.9321070" lon="9.0738180">
    <ele>190.6</ele>
    <time>2026-07-12T17:46:54Z</time>
   </trkpt>
   <trkpt lat="48.9321300" lon="9.0738010">
    <ele>190.6</ele>
    <time>2026-07-12T17:46:55Z</time>
   </trkpt>
   <trkpt lat="48.9321580" lon="9.0737810">
    <ele>190.6</ele>
    <time>2026-07-12T17:46:56Z</time>
   </trkpt>
   <trkpt lat="48.9321860" lon="9.0737610">
    <ele>190.6</ele>
    <time>2026-07-12T17:46:57Z</time>
   </trkpt>
   <trkpt lat="48.9322130" lon="9.0737400">
    <ele>190.6</ele>
    <time>2026-07-12T17:46:58Z</time>
   </trkpt>
   <trkpt lat="48.9322410" lon="9.0737180">
    <ele>190.6</ele>
    <time>2026-07-12T17:46:59Z</time>
   </trkpt>
   <trkpt lat="48.9322690" lon="9.0736970">
    <ele>190.6</ele>
    <time>2026-07-12T17:47:00Z</time>
   </trkpt>
   <trkpt lat="48.9322980" lon="9.0736760">
    <ele>190.6</ele>
    <time>2026-07-12T17:47:01Z</time>
   </trkpt>
   <trkpt lat="48.9323300" lon="9.0736590">
    <ele>190.7</ele>
    <time>2026-07-12T17:47:02Z</time>
   </trkpt>
   <trkpt lat="48.9323620" lon="9.0736410">
    <ele>190.7</ele>
    <time>2026-07-12T17:47:03Z</time>
   </trkpt>
   <trkpt lat="48.9323940" lon="9.0736310">
    <ele>190.7</ele>
    <time>2026-07-12T17:47:04Z</time>
   </trkpt>
   <trkpt lat="48.9324250" lon="9.0736200">
    <ele>190.7</ele>
    <time>2026-07-12T17:47:05Z</time>
   </trkpt>
   <trkpt lat="48.9324530" lon="9.0736070">
    <ele>190.7</ele>
    <time>2026-07-12T17:47:06Z</time>
   </trkpt>
   <trkpt lat="48.9324760" lon="9.0736000">
    <ele>190.7</ele>
    <time>2026-07-12T17:47:07Z</time>
   </trkpt>
   <trkpt lat="48.9324980" lon="9.0735900">
    <ele>190.7</ele>
    <time>2026-07-12T17:47:08Z</time>
   </trkpt>
   <trkpt lat="48.9325220" lon="9.0735830">
    <ele>190.7</ele>
    <time>2026-07-12T17:47:09Z</time>
   </trkpt>
   <trkpt lat="48.9325450" lon="9.0735710">
    <ele>190.7</ele>
    <time>2026-07-12T17:47:10Z</time>
   </trkpt>
   <trkpt lat="48.9325690" lon="9.0735610">
    <ele>190.7</ele>
    <time>2026-07-12T17:47:11Z</time>
   </trkpt>
   <trkpt lat="48.9325960" lon="9.0735490">
    <ele>190.7</ele>
    <time>2026-07-12T17:47:12Z</time>
   </trkpt>
   <trkpt lat="48.9326200" lon="9.0735360">
    <ele>190.7</ele>
    <time>2026-07-12T17:47:13Z</time>
   </trkpt>
   <trkpt lat="48.9326470" lon="9.0735220">
    <ele>190.7</ele>
    <time>2026-07-12T17:47:14Z</time>
   </trkpt>
   <trkpt lat="48.9326730" lon="9.0735090">
    <ele>190.7</ele>
    <time>2026-07-12T17:47:15Z</time>
   </trkpt>
   <trkpt lat="48.9326980" lon="9.0734940">
    <ele>190.7</ele>
    <time>2026-07-12T17:47:16Z</time>
   </trkpt>
   <trkpt lat="48.9327250" lon="9.0734840">
    <ele>190.7</ele>
    <time>2026-07-12T17:47:17Z</time>
   </trkpt>
   <trkpt lat="48.9327510" lon="9.0734720">
    <ele>190.7</ele>
    <time>2026-07-12T17:47:18Z</time>
   </trkpt>
   <trkpt lat="48.9327780" lon="9.0734590">
    <ele>190.7</ele>
    <time>2026-07-12T17:47:19Z</time>
   </trkpt>
   <trkpt lat="48.9328030" lon="9.0734480">
    <ele>190.8</ele>
    <time>2026-07-12T17:47:20Z</time>
   </trkpt>
   <trkpt lat="48.9328290" lon="9.0734330">
    <ele>190.8</ele>
    <time>2026-07-12T17:47:21Z</time>
   </trkpt>
   <trkpt lat="48.9328540" lon="9.0734170">
    <ele>190.8</ele>
    <time>2026-07-12T17:47:22Z</time>
   </trkpt>
   <trkpt lat="48.9328790" lon="9.0734030">
    <ele>190.8</ele>
    <time>2026-07-12T17:47:23Z</time>
   </trkpt>
   <trkpt lat="48.9329040" lon="9.0733910">
    <ele>190.8</ele>
    <time>2026-07-12T17:47:24Z</time>
   </trkpt>
   <trkpt lat="48.9329260" lon="9.0733780">
    <ele>190.9</ele>
    <time>2026-07-12T17:47:25Z</time>
   </trkpt>
   <trkpt lat="48.9329460" lon="9.0733700">
    <ele>190.9</ele>
    <time>2026-07-12T17:47:26Z</time>
   </trkpt>
   <trkpt lat="48.9329640" lon="9.0733620">
    <ele>190.9</ele>
    <time>2026-07-12T17:47:27Z</time>
   </trkpt>
   <trkpt lat="48.9329820" lon="9.0733560">
    <ele>190.9</ele>
    <time>2026-07-12T17:47:28Z</time>
   </trkpt>
   <trkpt lat="48.9329990" lon="9.0733480">
    <ele>190.9</ele>
    <time>2026-07-12T17:47:29Z</time>
   </trkpt>
   <trkpt lat="48.9330190" lon="9.0733380">
    <ele>191.0</ele>
    <time>2026-07-12T17:47:30Z</time>
   </trkpt>
   <trkpt lat="48.9330410" lon="9.0733260">
    <ele>191.0</ele>
    <time>2026-07-12T17:47:31Z</time>
   </trkpt>
   <trkpt lat="48.9330620" lon="9.0733190">
    <ele>191.0</ele>
    <time>2026-07-12T17:47:32Z</time>
   </trkpt>
   <trkpt lat="48.9330820" lon="9.0733070">
    <ele>191.0</ele>
    <time>2026-07-12T17:47:33Z</time>
   </trkpt>
   <trkpt lat="48.9331030" lon="9.0732970">
    <ele>191.0</ele>
    <time>2026-07-12T17:47:34Z</time>
   </trkpt>
   <trkpt lat="48.9331190" lon="9.0732880">
    <ele>191.0</ele>
    <time>2026-07-12T17:47:35Z</time>
   </trkpt>
   <trkpt lat="48.9331310" lon="9.0732770">
    <ele>191.1</ele>
    <time>2026-07-12T17:47:36Z</time>
   </trkpt>
   <trkpt lat="48.9331410" lon="9.0732700">
    <ele>191.1</ele>
    <time>2026-07-12T17:47:37Z</time>
   </trkpt>
   <trkpt lat="48.9331540" lon="9.0732660">
    <ele>191.1</ele>
    <time>2026-07-12T17:47:38Z</time>
   </trkpt>
   <trkpt lat="48.9331680" lon="9.0732590">
    <ele>191.1</ele>
    <time>2026-07-12T17:47:39Z</time>
   </trkpt>
   <trkpt lat="48.9331820" lon="9.0732550">
    <ele>191.1</ele>
    <time>2026-07-12T17:47:40Z</time>
   </trkpt>
   <trkpt lat="48.9331970" lon="9.0732480">
    <ele>191.1</ele>
    <time>2026-07-12T17:47:41Z</time>
   </trkpt>
   <trkpt lat="48.9332130" lon="9.0732410">
    <ele>191.1</ele>
    <time>2026-07-12T17:47:42Z</time>
   </trkpt>
   <trkpt lat="48.9332270" lon="9.0732350">
    <ele>191.1</ele>
    <time>2026-07-12T17:47:43Z</time>
   </trkpt>
   <trkpt lat="48.9332440" lon="9.0732300">
    <ele>191.1</ele>
    <time>2026-07-12T17:47:44Z</time>
   </trkpt>
   <trkpt lat="48.9332620" lon="9.0732260">
    <ele>191.1</ele>
    <time>2026-07-12T17:47:45Z</time>
   </trkpt>
   <trkpt lat="48.9332800" lon="9.0732210">
    <ele>191.1</ele>
    <time>2026-07-12T17:47:46Z</time>
   </trkpt>
   <trkpt lat="48.9332980" lon="9.0732150">
    <ele>191.2</ele>
    <time>2026-07-12T17:47:47Z</time>
   </trkpt>
   <trkpt lat="48.9333180" lon="9.0732100">
    <ele>191.2</ele>
    <time>2026-07-12T17:47:48Z</time>
   </trkpt>
   <trkpt lat="48.9333390" lon="9.0732020">
    <ele>191.2</ele>
    <time>2026-07-12T17:47:49Z</time>
   </trkpt>
   <trkpt lat="48.9333680" lon="9.0731890">
    <ele>191.2</ele>
    <time>2026-07-12T17:47:50Z</time>
   </trkpt>
   <trkpt lat="48.9334060" lon="9.0731750">
    <ele>191.2</ele>
    <time>2026-07-12T17:47:51Z</time>
   </trkpt>
   <trkpt lat="48.9334550" lon="9.0731560">
    <ele>191.2</ele>
    <time>2026-07-12T17:47:52Z</time>
   </trkpt>
   <trkpt lat="48.9335040" lon="9.0731380">
    <ele>191.2</ele>
    <time>2026-07-12T17:47:53Z</time>
   </trkpt>
   <trkpt lat="48.9335630" lon="9.0731230">
    <ele>191.2</ele>
    <time>2026-07-12T17:47:54Z</time>
   </trkpt>
   <trkpt lat="48.9336270" lon="9.0731100">
    <ele>191.2</ele>
    <time>2026-07-12T17:47:55Z</time>
   </trkpt>
   <trkpt lat="48.9336990" lon="9.0730870">
    <ele>191.2</ele>
    <time>2026-07-12T17:47:56Z</time>
   </trkpt>
   <trkpt lat="48.9337700" lon="9.0730680">
    <ele>191.2</ele>
    <time>2026-07-12T17:47:57Z</time>
   </trkpt>
   <trkpt lat="48.9338450" lon="9.0730370">
    <ele>191.2</ele>
    <time>2026-07-12T17:47:58Z</time>
   </trkpt>
   <trkpt lat="48.9339150" lon="9.0730010">
    <ele>191.2</ele>
    <time>2026-07-12T17:47:59Z</time>
   </trkpt>
   <trkpt lat="48.9339950" lon="9.0729610">
    <ele>191.2</ele>
    <time>2026-07-12T17:48:00Z</time>
   </trkpt>
   <trkpt lat="48.9340740" lon="9.0729340">
    <ele>191.2</ele>
    <time>2026-07-12T17:48:01Z</time>
   </trkpt>
   <trkpt lat="48.9341530" lon="9.0729130">
    <ele>191.2</ele>
    <time>2026-07-12T17:48:02Z</time>
   </trkpt>
   <trkpt lat="48.9342380" lon="9.0728980">
    <ele>191.2</ele>
    <time>2026-07-12T17:48:03Z</time>
   </trkpt>
   <trkpt lat="48.9343200" lon="9.0728780">
    <ele>191.2</ele>
    <time>2026-07-12T17:48:04Z</time>
   </trkpt>
   <trkpt lat="48.9344050" lon="9.0728600">
    <ele>191.2</ele>
    <time>2026-07-12T17:48:05Z</time>
   </trkpt>
   <trkpt lat="48.9344890" lon="9.0728470">
    <ele>191.2</ele>
    <time>2026-07-12T17:48:06Z</time>
   </trkpt>
   <trkpt lat="48.9345720" lon="9.0728260">
    <ele>191.3</ele>
    <time>2026-07-12T17:48:07Z</time>
   </trkpt>
   <trkpt lat="48.9346490" lon="9.0728060">
    <ele>191.3</ele>
    <time>2026-07-12T17:48:08Z</time>
   </trkpt>
   <trkpt lat="48.9347340" lon="9.0727830">
    <ele>191.3</ele>
    <time>2026-07-12T17:48:09Z</time>
   </trkpt>
   <trkpt lat="48.9348150" lon="9.0727850">
    <ele>191.4</ele>
    <time>2026-07-12T17:48:10Z</time>
   </trkpt>
   <trkpt lat="48.9349010" lon="9.0727900">
    <ele>191.4</ele>
    <time>2026-07-12T17:48:11Z</time>
   </trkpt>
   <trkpt lat="48.9349850" lon="9.0727950">
    <ele>191.4</ele>
    <time>2026-07-12T17:48:12Z</time>
   </trkpt>
   <trkpt lat="48.9350690" lon="9.0728000">
    <ele>191.3</ele>
    <time>2026-07-12T17:48:13Z</time>
   </trkpt>
   <trkpt lat="48.9351550" lon="9.0727970">
    <ele>191.3</ele>
    <time>2026-07-12T17:48:14Z</time>
   </trkpt>
   <trkpt lat="48.9352340" lon="9.0727890">
    <ele>191.4</ele>
    <time>2026-07-12T17:48:15Z</time>
   </trkpt>
   <trkpt lat="48.9353120" lon="9.0727780">
    <ele>191.4</ele>
    <time>2026-07-12T17:48:16Z</time>
   </trkpt>
   <trkpt lat="48.9353900" lon="9.0727560">
    <ele>191.4</ele>
    <time>2026-07-12T17:48:17Z</time>
   </trkpt>
   <trkpt lat="48.9354670" lon="9.0727220">
    <ele>191.4</ele>
    <time>2026-07-12T17:48:18Z</time>
   </trkpt>
   <trkpt lat="48.9355440" lon="9.0726990">
    <ele>191.4</ele>
    <time>2026-07-12T17:48:19Z</time>
   </trkpt>
   <trkpt lat="48.9356190" lon="9.0726700">
    <ele>191.5</ele>
    <time>2026-07-12T17:48:20Z</time>
   </trkpt>
   <trkpt lat="48.9356990" lon="9.0726470">
    <ele>191.5</ele>
    <time>2026-07-12T17:48:21Z</time>
   </trkpt>
   <trkpt lat="48.9357780" lon="9.0726180">
    <ele>191.5</ele>
    <time>2026-07-12T17:48:22Z</time>
   </trkpt>
   <trkpt lat="48.9358500" lon="9.0725810">
    <ele>191.6</ele>
    <time>2026-07-12T17:48:23Z</time>
   </trkpt>
   <trkpt lat="48.9359220" lon="9.0725400">
    <ele>191.6</ele>
    <time>2026-07-12T17:48:24Z</time>
   </trkpt>
   <trkpt lat="48.9359890" lon="9.0724860">
    <ele>191.6</ele>
    <time>2026-07-12T17:48:25Z</time>
   </trkpt>
   <trkpt lat="48.9360570" lon="9.0724360">
    <ele>191.7</ele>
    <time>2026-07-12T17:48:26Z</time>
   </trkpt>
   <trkpt lat="48.9361260" lon="9.0723760">
    <ele>191.8</ele>
    <time>2026-07-12T17:48:27Z</time>
   </trkpt>
   <trkpt lat="48.9361940" lon="9.0723180">
    <ele>191.9</ele>
    <time>2026-07-12T17:48:28Z</time>
   </trkpt>
   <trkpt lat="48.9362610" lon="9.0722680">
    <ele>191.9</ele>
    <time>2026-07-12T17:48:29Z</time>
   </trkpt>
   <trkpt lat="48.9363260" lon="9.0722150">
    <ele>192.0</ele>
    <time>2026-07-12T17:48:30Z</time>
   </trkpt>
   <trkpt lat="48.9363990" lon="9.0721550">
    <ele>192.1</ele>
    <time>2026-07-12T17:48:31Z</time>
   </trkpt>
   <trkpt lat="48.9364710" lon="9.0721120">
    <ele>192.1</ele>
    <time>2026-07-12T17:48:32Z</time>
   </trkpt>
   <trkpt lat="48.9365390" lon="9.0720680">
    <ele>192.2</ele>
    <time>2026-07-12T17:48:33Z</time>
   </trkpt>
   <trkpt lat="48.9366160" lon="9.0720180">
    <ele>192.2</ele>
    <time>2026-07-12T17:48:34Z</time>
   </trkpt>
   <trkpt lat="48.9366810" lon="9.0719670">
    <ele>192.2</ele>
    <time>2026-07-12T17:48:35Z</time>
   </trkpt>
   <trkpt lat="48.9367420" lon="9.0719110">
    <ele>192.2</ele>
    <time>2026-07-12T17:48:36Z</time>
   </trkpt>
   <trkpt lat="48.9368050" lon="9.0718570">
    <ele>192.2</ele>
    <time>2026-07-12T17:48:37Z</time>
   </trkpt>
   <trkpt lat="48.9368760" lon="9.0717960">
    <ele>192.1</ele>
    <time>2026-07-12T17:48:38Z</time>
   </trkpt>
   <trkpt lat="48.9369440" lon="9.0717400">
    <ele>192.1</ele>
    <time>2026-07-12T17:48:39Z</time>
   </trkpt>
   <trkpt lat="48.9370170" lon="9.0716820">
    <ele>192.1</ele>
    <time>2026-07-12T17:48:40Z</time>
   </trkpt>
   <trkpt lat="48.9370970" lon="9.0716310">
    <ele>192.2</ele>
    <time>2026-07-12T17:48:41Z</time>
   </trkpt>
   <trkpt lat="48.9371720" lon="9.0715920">
    <ele>192.2</ele>
    <time>2026-07-12T17:48:42Z</time>
   </trkpt>
   <trkpt lat="48.9372440" lon="9.0715530">
    <ele>192.2</ele>
    <time>2026-07-12T17:48:43Z</time>
   </trkpt>
   <trkpt lat="48.9373190" lon="9.0715140">
    <ele>192.2</ele>
    <time>2026-07-12T17:48:44Z</time>
   </trkpt>
   <trkpt lat="48.9374060" lon="9.0715020">
    <ele>192.2</ele>
    <time>2026-07-12T17:48:45Z</time>
   </trkpt>
   <trkpt lat="48.9374920" lon="9.0714590">
    <ele>192.2</ele>
    <time>2026-07-12T17:48:46Z</time>
   </trkpt>
   <trkpt lat="48.9375740" lon="9.0714290">
    <ele>192.3</ele>
    <time>2026-07-12T17:48:47Z</time>
   </trkpt>
   <trkpt lat="48.9376250" lon="9.0714120">
    <ele>192.3</ele>
    <time>2026-07-12T17:48:48Z</time>
   </trkpt>
   <trkpt lat="48.9377000" lon="9.0713720">
    <ele>192.3</ele>
    <time>2026-07-12T17:48:49Z</time>
   </trkpt>
   <trkpt lat="48.9377740" lon="9.0713320">
    <ele>192.3</ele>
    <time>2026-07-12T17:48:50Z</time>
   </trkpt>
   <trkpt lat="48.9378300" lon="9.0712760">
    <ele>192.3</ele>
    <time>2026-07-12T17:48:51Z</time>
   </trkpt>
   <trkpt lat="48.9379020" lon="9.0712020">
    <ele>192.3</ele>
    <time>2026-07-12T17:48:52Z</time>
   </trkpt>
   <trkpt lat="48.9379680" lon="9.0711210">
    <ele>192.2</ele>
    <time>2026-07-12T17:48:53Z</time>
   </trkpt>
   <trkpt lat="48.9380250" lon="9.0710390">
    <ele>192.1</ele>
    <time>2026-07-12T17:48:54Z</time>
   </trkpt>
   <trkpt lat="48.9380780" lon="9.0709450">
    <ele>192.1</ele>
    <time>2026-07-12T17:48:55Z</time>
   </trkpt>
   <trkpt lat="48.9381230" lon="9.0708350">
    <ele>192.0</ele>
    <time>2026-07-12T17:48:56Z</time>
   </trkpt>
   <trkpt lat="48.9381570" lon="9.0707160">
    <ele>192.0</ele>
    <time>2026-07-12T17:48:57Z</time>
   </trkpt>
   <trkpt lat="48.9381950" lon="9.0706030">
    <ele>191.9</ele>
    <time>2026-07-12T17:48:58Z</time>
   </trkpt>
   <trkpt lat="48.9382300" lon="9.0704880">
    <ele>191.9</ele>
    <time>2026-07-12T17:48:59Z</time>
   </trkpt>
   <trkpt lat="48.9382470" lon="9.0703700">
    <ele>191.9</ele>
    <time>2026-07-12T17:49:00Z</time>
   </trkpt>
   <trkpt lat="48.9382690" lon="9.0702560">
    <ele>191.8</ele>
    <time>2026-07-12T17:49:01Z</time>
   </trkpt>
   <trkpt lat="48.9382900" lon="9.0701360">
    <ele>191.9</ele>
    <time>2026-07-12T17:49:02Z</time>
   </trkpt>
   <trkpt lat="48.9383130" lon="9.0700200">
    <ele>191.9</ele>
    <time>2026-07-12T17:49:03Z</time>
   </trkpt>
   <trkpt lat="48.9383380" lon="9.0698970">
    <ele>192.0</ele>
    <time>2026-07-12T17:49:04Z</time>
   </trkpt>
   <trkpt lat="48.9383730" lon="9.0697830">
    <ele>192.1</ele>
    <time>2026-07-12T17:49:05Z</time>
   </trkpt>
   <trkpt lat="48.9384210" lon="9.0696880">
    <ele>192.2</ele>
    <time>2026-07-12T17:49:06Z</time>
   </trkpt>
   <trkpt lat="48.9384840" lon="9.0695970">
    <ele>192.2</ele>
    <time>2026-07-12T17:49:07Z</time>
   </trkpt>
   <trkpt lat="48.9385360" lon="9.0695030">
    <ele>192.2</ele>
    <time>2026-07-12T17:49:08Z</time>
   </trkpt>
   <trkpt lat="48.9385910" lon="9.0694020">
    <ele>192.2</ele>
    <time>2026-07-12T17:49:09Z</time>
   </trkpt>
   <trkpt lat="48.9386400" lon="9.0693120">
    <ele>192.2</ele>
    <time>2026-07-12T17:49:10Z</time>
   </trkpt>
   <trkpt lat="48.9386860" lon="9.0692220">
    <ele>192.2</ele>
    <time>2026-07-12T17:49:11Z</time>
   </trkpt>
   <trkpt lat="48.9387330" lon="9.0691260">
    <ele>192.2</ele>
    <time>2026-07-12T17:49:12Z</time>
   </trkpt>
   <trkpt lat="48.9387780" lon="9.0690270">
    <ele>192.2</ele>
    <time>2026-07-12T17:49:13Z</time>
   </trkpt>
   <trkpt lat="48.9388230" lon="9.0689310">
    <ele>192.2</ele>
    <time>2026-07-12T17:49:14Z</time>
   </trkpt>
   <trkpt lat="48.9388690" lon="9.0688250">
    <ele>192.3</ele>
    <time>2026-07-12T17:49:15Z</time>
   </trkpt>
   <trkpt lat="48.9389230" lon="9.0687260">
    <ele>192.3</ele>
    <time>2026-07-12T17:49:16Z</time>
   </trkpt>
   <trkpt lat="48.9389620" lon="9.0686310">
    <ele>192.3</ele>
    <time>2026-07-12T17:49:17Z</time>
   </trkpt>
   <trkpt lat="48.9390070" lon="9.0685340">
    <ele>192.3</ele>
    <time>2026-07-12T17:49:18Z</time>
   </trkpt>
   <trkpt lat="48.9390480" lon="9.0684330">
    <ele>192.4</ele>
    <time>2026-07-12T17:49:19Z</time>
   </trkpt>
   <trkpt lat="48.9390910" lon="9.0683300">
    <ele>192.4</ele>
    <time>2026-07-12T17:49:20Z</time>
   </trkpt>
   <trkpt lat="48.9391380" lon="9.0682290">
    <ele>192.4</ele>
    <time>2026-07-12T17:49:21Z</time>
   </trkpt>
   <trkpt lat="48.9391820" lon="9.0681260">
    <ele>192.4</ele>
    <time>2026-07-12T17:49:22Z</time>
   </trkpt>
   <trkpt lat="48.9392260" lon="9.0680280">
    <ele>192.3</ele>
    <time>2026-07-12T17:49:23Z</time>
   </trkpt>
   <trkpt lat="48.9392740" lon="9.0679220">
    <ele>192.3</ele>
    <time>2026-07-12T17:49:24Z</time>
   </trkpt>
   <trkpt lat="48.9393220" lon="9.0678300">
    <ele>192.2</ele>
    <time>2026-07-12T17:49:25Z</time>
   </trkpt>
   <trkpt lat="48.9393670" lon="9.0677340">
    <ele>192.2</ele>
    <time>2026-07-12T17:49:26Z</time>
   </trkpt>
   <trkpt lat="48.9394130" lon="9.0676380">
    <ele>192.2</ele>
    <time>2026-07-12T17:49:27Z</time>
   </trkpt>
   <trkpt lat="48.9394580" lon="9.0675430">
    <ele>192.2</ele>
    <time>2026-07-12T17:49:28Z</time>
   </trkpt>
   <trkpt lat="48.9395030" lon="9.0674450">
    <ele>192.1</ele>
    <time>2026-07-12T17:49:29Z</time>
   </trkpt>
   <trkpt lat="48.9395460" lon="9.0673490">
    <ele>192.1</ele>
    <time>2026-07-12T17:49:30Z</time>
   </trkpt>
   <trkpt lat="48.9395890" lon="9.0672560">
    <ele>192.1</ele>
    <time>2026-07-12T17:49:31Z</time>
   </trkpt>
   <trkpt lat="48.9396360" lon="9.0671630">
    <ele>192.1</ele>
    <time>2026-07-12T17:49:32Z</time>
   </trkpt>
   <trkpt lat="48.9396790" lon="9.0670670">
    <ele>192.1</ele>
    <time>2026-07-12T17:49:33Z</time>
   </trkpt>
   <trkpt lat="48.9397290" lon="9.0669800">
    <ele>192.1</ele>
    <time>2026-07-12T17:49:34Z</time>
   </trkpt>
   <trkpt lat="48.9397790" lon="9.0668920">
    <ele>192.1</ele>
    <time>2026-07-12T17:49:35Z</time>
   </trkpt>
   <trkpt lat="48.9398350" lon="9.0668090">
    <ele>192.1</ele>
    <time>2026-07-12T17:49:36Z</time>
   </trkpt>
   <trkpt lat="48.9398860" lon="9.0667290">
    <ele>192.1</ele>
    <time>2026-07-12T17:49:37Z</time>
   </trkpt>
   <trkpt lat="48.9399340" lon="9.0666480">
    <ele>192.1</ele>
    <time>2026-07-12T17:49:38Z</time>
   </trkpt>
   <trkpt lat="48.9399890" lon="9.0665700">
    <ele>192.2</ele>
    <time>2026-07-12T17:49:39Z</time>
   </trkpt>
   <trkpt lat="48.9400420" lon="9.0664970">
    <ele>192.2</ele>
    <time>2026-07-12T17:49:40Z</time>
   </trkpt>
   <trkpt lat="48.9400980" lon="9.0664240">
    <ele>192.2</ele>
    <time>2026-07-12T17:49:41Z</time>
   </trkpt>
   <trkpt lat="48.9401550" lon="9.0663520">
    <ele>192.2</ele>
    <time>2026-07-12T17:49:42Z</time>
   </trkpt>
   <trkpt lat="48.9402130" lon="9.0662770">
    <ele>192.3</ele>
    <time>2026-07-12T17:49:43Z</time>
   </trkpt>
   <trkpt lat="48.9402710" lon="9.0662100">
    <ele>192.3</ele>
    <time>2026-07-12T17:49:44Z</time>
   </trkpt>
   <trkpt lat="48.9403240" lon="9.0661350">
    <ele>192.4</ele>
    <time>2026-07-12T17:49:45Z</time>
   </trkpt>
   <trkpt lat="48.9403770" lon="9.0660630">
    <ele>192.4</ele>
    <time>2026-07-12T17:49:46Z</time>
   </trkpt>
   <trkpt lat="48.9404320" lon="9.0660000">
    <ele>192.5</ele>
    <time>2026-07-12T17:49:47Z</time>
   </trkpt>
   <trkpt lat="48.9404870" lon="9.0659350">
    <ele>192.7</ele>
    <time>2026-07-12T17:49:48Z</time>
   </trkpt>
   <trkpt lat="48.9405370" lon="9.0658770">
    <ele>192.8</ele>
    <time>2026-07-12T17:49:49Z</time>
   </trkpt>
   <trkpt lat="48.9405820" lon="9.0658330">
    <ele>192.9</ele>
    <time>2026-07-12T17:49:50Z</time>
   </trkpt>
   <trkpt lat="48.9406080" lon="9.0657720">
    <ele>192.9</ele>
    <time>2026-07-12T17:49:51Z</time>
   </trkpt>
   <trkpt lat="48.9406070" lon="9.0656960">
    <ele>192.8</ele>
    <time>2026-07-12T17:49:52Z</time>
   </trkpt>
   <trkpt lat="48.9405840" lon="9.0656260">
    <ele>192.7</ele>
    <time>2026-07-12T17:49:53Z</time>
   </trkpt>
   <trkpt lat="48.9405520" lon="9.0655510">
    <ele>192.5</ele>
    <time>2026-07-12T17:49:54Z</time>
   </trkpt>
   <trkpt lat="48.9405200" lon="9.0654660">
    <ele>192.4</ele>
    <time>2026-07-12T17:49:55Z</time>
   </trkpt>
   <trkpt lat="48.9404870" lon="9.0653760">
    <ele>192.3</ele>
    <time>2026-07-12T17:49:56Z</time>
   </trkpt>
   <trkpt lat="48.9404490" lon="9.0652850">
    <ele>192.2</ele>
    <time>2026-07-12T17:49:57Z</time>
   </trkpt>
   <trkpt lat="48.9404100" lon="9.0651970">
    <ele>192.1</ele>
    <time>2026-07-12T17:49:58Z</time>
   </trkpt>
   <trkpt lat="48.9403710" lon="9.0651010">
    <ele>192.1</ele>
    <time>2026-07-12T17:49:59Z</time>
   </trkpt>
   <trkpt lat="48.9403380" lon="9.0649990">
    <ele>192.1</ele>
    <time>2026-07-12T17:50:00Z</time>
   </trkpt>
   <trkpt lat="48.9402980" lon="9.0649070">
    <ele>192.1</ele>
    <time>2026-07-12T17:50:01Z</time>
   </trkpt>
   <trkpt lat="48.9402600" lon="9.0648130">
    <ele>192.1</ele>
    <time>2026-07-12T17:50:02Z</time>
   </trkpt>
   <trkpt lat="48.9402180" lon="9.0647280">
    <ele>192.1</ele>
    <time>2026-07-12T17:50:03Z</time>
   </trkpt>
   <trkpt lat="48.9401710" lon="9.0646300">
    <ele>192.1</ele>
    <time>2026-07-12T17:50:04Z</time>
   </trkpt>
   <trkpt lat="48.9401240" lon="9.0645340">
    <ele>192.1</ele>
    <time>2026-07-12T17:50:05Z</time>
   </trkpt>
   <trkpt lat="48.9400740" lon="9.0644410">
    <ele>192.2</ele>
    <time>2026-07-12T17:50:06Z</time>
   </trkpt>
   <trkpt lat="48.9400180" lon="9.0643520">
    <ele>192.2</ele>
    <time>2026-07-12T17:50:07Z</time>
   </trkpt>
   <trkpt lat="48.9399640" lon="9.0642580">
    <ele>192.3</ele>
    <time>2026-07-12T17:50:08Z</time>
   </trkpt>
   <trkpt lat="48.9399090" lon="9.0641650">
    <ele>192.4</ele>
    <time>2026-07-12T17:50:09Z</time>
   </trkpt>
   <trkpt lat="48.9398520" lon="9.0640790">
    <ele>192.6</ele>
    <time>2026-07-12T17:50:10Z</time>
   </trkpt>
   <trkpt lat="48.9397940" lon="9.0639880">
    <ele>192.8</ele>
    <time>2026-07-12T17:50:11Z</time>
   </trkpt>
   <trkpt lat="48.9397330" lon="9.0639000">
    <ele>193.2</ele>
    <time>2026-07-12T17:50:12Z</time>
   </trkpt>
   <trkpt lat="48.9396780" lon="9.0638130">
    <ele>193.5</ele>
    <time>2026-07-12T17:50:13Z</time>
   </trkpt>
   <trkpt lat="48.9396210" lon="9.0637290">
    <ele>193.9</ele>
    <time>2026-07-12T17:50:14Z</time>
   </trkpt>
   <trkpt lat="48.9395770" lon="9.0636430">
    <ele>194.0</ele>
    <time>2026-07-12T17:50:15Z</time>
   </trkpt>
   <trkpt lat="48.9395310" lon="9.0635660">
    <ele>194.1</ele>
    <time>2026-07-12T17:50:16Z</time>
   </trkpt>
   <trkpt lat="48.9394890" lon="9.0634900">
    <ele>194.2</ele>
    <time>2026-07-12T17:50:17Z</time>
   </trkpt>
   <trkpt lat="48.9394440" lon="9.0634110">
    <ele>194.2</ele>
    <time>2026-07-12T17:50:18Z</time>
   </trkpt>
   <trkpt lat="48.9394110" lon="9.0633440">
    <ele>194.1</ele>
    <time>2026-07-12T17:50:19Z</time>
   </trkpt>
   <trkpt lat="48.9393820" lon="9.0632670">
    <ele>194.1</ele>
    <time>2026-07-12T17:50:20Z</time>
   </trkpt>
   <trkpt lat="48.9393740" lon="9.0631880">
    <ele>194.0</ele>
    <time>2026-07-12T17:50:21Z</time>
   </trkpt>
   <trkpt lat="48.9393860" lon="9.0630920">
    <ele>193.9</ele>
    <time>2026-07-12T17:50:22Z</time>
   </trkpt>
   <trkpt lat="48.9394030" lon="9.0629930">
    <ele>193.8</ele>
    <time>2026-07-12T17:50:23Z</time>
   </trkpt>
   <trkpt lat="48.9394180" lon="9.0628900">
    <ele>193.6</ele>
    <time>2026-07-12T17:50:24Z</time>
   </trkpt>
   <trkpt lat="48.9394350" lon="9.0627790">
    <ele>193.5</ele>
    <time>2026-07-12T17:50:25Z</time>
   </trkpt>
   <trkpt lat="48.9394500" lon="9.0626650">
    <ele>193.3</ele>
    <time>2026-07-12T17:50:26Z</time>
   </trkpt>
   <trkpt lat="48.9394690" lon="9.0625510">
    <ele>193.2</ele>
    <time>2026-07-12T17:50:27Z</time>
   </trkpt>
   <trkpt lat="48.9394860" lon="9.0624320">
    <ele>193.2</ele>
    <time>2026-07-12T17:50:28Z</time>
   </trkpt>
   <trkpt lat="48.9394980" lon="9.0623140">
    <ele>193.3</ele>
    <time>2026-07-12T17:50:29Z</time>
   </trkpt>
   <trkpt lat="48.9395070" lon="9.0621910">
    <ele>193.3</ele>
    <time>2026-07-12T17:50:30Z</time>
   </trkpt>
   <trkpt lat="48.9395250" lon="9.0620660">
    <ele>193.3</ele>
    <time>2026-07-12T17:50:31Z</time>
   </trkpt>
   <trkpt lat="48.9395350" lon="9.0619450">
    <ele>193.4</ele>
    <time>2026-07-12T17:50:32Z</time>
   </trkpt>
   <trkpt lat="48.9395470" lon="9.0618220">
    <ele>193.5</ele>
    <time>2026-07-12T17:50:33Z</time>
   </trkpt>
   <trkpt lat="48.9395580" lon="9.0616970">
    <ele>193.5</ele>
    <time>2026-07-12T17:50:34Z</time>
   </trkpt>
   <trkpt lat="48.9395660" lon="9.0615720">
    <ele>193.5</ele>
    <time>2026-07-12T17:50:35Z</time>
   </trkpt>
   <trkpt lat="48.9395740" lon="9.0614480">
    <ele>193.5</ele>
    <time>2026-07-12T17:50:36Z</time>
   </trkpt>
   <trkpt lat="48.9395820" lon="9.0613230">
    <ele>193.6</ele>
    <time>2026-07-12T17:50:37Z</time>
   </trkpt>
   <trkpt lat="48.9395910" lon="9.0611980">
    <ele>193.6</ele>
    <time>2026-07-12T17:50:38Z</time>
   </trkpt>
   <trkpt lat="48.9395890" lon="9.0610750">
    <ele>193.6</ele>
    <time>2026-07-12T17:50:39Z</time>
   </trkpt>
   <trkpt lat="48.9395840" lon="9.0609530">
    <ele>193.6</ele>
    <time>2026-07-12T17:50:40Z</time>
   </trkpt>
   <trkpt lat="48.9395890" lon="9.0608300">
    <ele>193.7</ele>
    <time>2026-07-12T17:50:41Z</time>
   </trkpt>
   <trkpt lat="48.9395930" lon="9.0607100">
    <ele>193.7</ele>
    <time>2026-07-12T17:50:42Z</time>
   </trkpt>
   <trkpt lat="48.9396030" lon="9.0605810">
    <ele>193.8</ele>
    <time>2026-07-12T17:50:43Z</time>
   </trkpt>
   <trkpt lat="48.9396100" lon="9.0604600">
    <ele>193.9</ele>
    <time>2026-07-12T17:50:44Z</time>
   </trkpt>
   <trkpt lat="48.9396110" lon="9.0603400">
    <ele>194.1</ele>
    <time>2026-07-12T17:50:45Z</time>
   </trkpt>
   <trkpt lat="48.9396100" lon="9.0602200">
    <ele>194.3</ele>
    <time>2026-07-12T17:50:46Z</time>
   </trkpt>
   <trkpt lat="48.9396130" lon="9.0601050">
    <ele>194.6</ele>
    <time>2026-07-12T17:50:47Z</time>
   </trkpt>
   <trkpt lat="48.9396120" lon="9.0599900">
    <ele>194.8</ele>
    <time>2026-07-12T17:50:48Z</time>
   </trkpt>
   <trkpt lat="48.9396070" lon="9.0598840">
    <ele>195.0</ele>
    <time>2026-07-12T17:50:49Z</time>
   </trkpt>
   <trkpt lat="48.9396040" lon="9.0597710">
    <ele>195.3</ele>
    <time>2026-07-12T17:50:50Z</time>
   </trkpt>
   <trkpt lat="48.9395930" lon="9.0596650">
    <ele>195.5</ele>
    <time>2026-07-12T17:50:51Z</time>
   </trkpt>
   <trkpt lat="48.9395760" lon="9.0595610">
    <ele>195.7</ele>
    <time>2026-07-12T17:50:52Z</time>
   </trkpt>
   <trkpt lat="48.9395670" lon="9.0594620">
    <ele>195.8</ele>
    <time>2026-07-12T17:50:53Z</time>
   </trkpt>
   <trkpt lat="48.9395530" lon="9.0593580">
    <ele>196.0</ele>
    <time>2026-07-12T17:50:54Z</time>
   </trkpt>
   <trkpt lat="48.9395360" lon="9.0592670">
    <ele>196.1</ele>
    <time>2026-07-12T17:50:55Z</time>
   </trkpt>
   <trkpt lat="48.9395210" lon="9.0591790">
    <ele>196.2</ele>
    <time>2026-07-12T17:50:56Z</time>
   </trkpt>
   <trkpt lat="48.9395100" lon="9.0590800">
    <ele>196.2</ele>
    <time>2026-07-12T17:50:57Z</time>
   </trkpt>
   <trkpt lat="48.9395060" lon="9.0589840">
    <ele>196.1</ele>
    <time>2026-07-12T17:50:58Z</time>
   </trkpt>
   <trkpt lat="48.9395130" lon="9.0588710">
    <ele>195.9</ele>
    <time>2026-07-12T17:50:59Z</time>
   </trkpt>
   <trkpt lat="48.9395320" lon="9.0587560">
    <ele>195.8</ele>
    <time>2026-07-12T17:51:00Z</time>
   </trkpt>
   <trkpt lat="48.9395510" lon="9.0586410">
    <ele>195.8</ele>
    <time>2026-07-12T17:51:01Z</time>
   </trkpt>
   <trkpt lat="48.9395620" lon="9.0585170">
    <ele>195.7</ele>
    <time>2026-07-12T17:51:02Z</time>
   </trkpt>
   <trkpt lat="48.9395670" lon="9.0583910">
    <ele>195.6</ele>
    <time>2026-07-12T17:51:03Z</time>
   </trkpt>
   <trkpt lat="48.9395760" lon="9.0582610">
    <ele>195.6</ele>
    <time>2026-07-12T17:51:04Z</time>
   </trkpt>
   <trkpt lat="48.9395760" lon="9.0581410">
    <ele>195.5</ele>
    <time>2026-07-12T17:51:05Z</time>
   </trkpt>
   <trkpt lat="48.9395840" lon="9.0580250">
    <ele>195.4</ele>
    <time>2026-07-12T17:51:06Z</time>
   </trkpt>
   <trkpt lat="48.9395900" lon="9.0579100">
    <ele>195.4</ele>
    <time>2026-07-12T17:51:07Z</time>
   </trkpt>
   <trkpt lat="48.9395920" lon="9.0577870">
    <ele>195.4</ele>
    <time>2026-07-12T17:51:08Z</time>
   </trkpt>
   <trkpt lat="48.9395960" lon="9.0576700">
    <ele>195.4</ele>
    <time>2026-07-12T17:51:09Z</time>
   </trkpt>
   <trkpt lat="48.9395890" lon="9.0575530">
    <ele>195.4</ele>
    <time>2026-07-12T17:51:10Z</time>
   </trkpt>
   <trkpt lat="48.9395800" lon="9.0574380">
    <ele>195.4</ele>
    <time>2026-07-12T17:51:11Z</time>
   </trkpt>
   <trkpt lat="48.9395740" lon="9.0573210">
    <ele>195.4</ele>
    <time>2026-07-12T17:51:12Z</time>
   </trkpt>
   <trkpt lat="48.9395550" lon="9.0572120">
    <ele>195.4</ele>
    <time>2026-07-12T17:51:13Z</time>
   </trkpt>
   <trkpt lat="48.9395380" lon="9.0571000">
    <ele>195.3</ele>
    <time>2026-07-12T17:51:14Z</time>
   </trkpt>
   <trkpt lat="48.9395210" lon="9.0569840">
    <ele>195.3</ele>
    <time>2026-07-12T17:51:15Z</time>
   </trkpt>
   <trkpt lat="48.9395040" lon="9.0568730">
    <ele>195.2</ele>
    <time>2026-07-12T17:51:16Z</time>
   </trkpt>
   <trkpt lat="48.9394860" lon="9.0567570">
    <ele>195.2</ele>
    <time>2026-07-12T17:51:17Z</time>
   </trkpt>
   <trkpt lat="48.9394690" lon="9.0566450">
    <ele>195.2</ele>
    <time>2026-07-12T17:51:18Z</time>
   </trkpt>
   <trkpt lat="48.9394500" lon="9.0565420">
    <ele>195.2</ele>
    <time>2026-07-12T17:51:19Z</time>
   </trkpt>
   <trkpt lat="48.9394320" lon="9.0564300">
    <ele>195.1</ele>
    <time>2026-07-12T17:51:20Z</time>
   </trkpt>
   <trkpt lat="48.9394130" lon="9.0563250">
    <ele>195.2</ele>
    <time>2026-07-12T17:51:21Z</time>
   </trkpt>
   <trkpt lat="48.9393910" lon="9.0562280">
    <ele>195.2</ele>
    <time>2026-07-12T17:51:22Z</time>
   </trkpt>
   <trkpt lat="48.9393710" lon="9.0561370">
    <ele>195.3</ele>
    <time>2026-07-12T17:51:23Z</time>
   </trkpt>
   <trkpt lat="48.9393530" lon="9.0560820">
    <ele>195.3</ele>
    <time>2026-07-12T17:51:24Z</time>
   </trkpt>
   <trkpt lat="48.9393370" lon="9.0560260">
    <ele>195.3</ele>
    <time>2026-07-12T17:51:25Z</time>
   </trkpt>
   <trkpt lat="48.9393530" lon="9.0559700">
    <ele>195.4</ele>
    <time>2026-07-12T17:51:26Z</time>
   </trkpt>
   <trkpt lat="48.9393920" lon="9.0559250">
    <ele>195.1</ele>
    <time>2026-07-12T17:51:27Z</time>
   </trkpt>
   <trkpt lat="48.9394480" lon="9.0558930">
    <ele>194.9</ele>
    <time>2026-07-12T17:51:28Z</time>
   </trkpt>
   <trkpt lat="48.9395160" lon="9.0558680">
    <ele>194.8</ele>
    <time>2026-07-12T17:51:29Z</time>
   </trkpt>
   <trkpt lat="48.9395820" lon="9.0558350">
    <ele>194.7</ele>
    <time>2026-07-12T17:51:30Z</time>
   </trkpt>
   <trkpt lat="48.9396590" lon="9.0558110">
    <ele>194.5</ele>
    <time>2026-07-12T17:51:31Z</time>
   </trkpt>
   <trkpt lat="48.9397350" lon="9.0557990">
    <ele>194.5</ele>
    <time>2026-07-12T17:51:32Z</time>
   </trkpt>
   <trkpt lat="48.9398130" lon="9.0557680">
    <ele>194.4</ele>
    <time>2026-07-12T17:51:33Z</time>
   </trkpt>
   <trkpt lat="48.9398660" lon="9.0556970">
    <ele>194.3</ele>
    <time>2026-07-12T17:51:34Z</time>
   </trkpt>
   <trkpt lat="48.9399090" lon="9.0556050">
    <ele>194.2</ele>
    <time>2026-07-12T17:51:35Z</time>
   </trkpt>
   <trkpt lat="48.9399600" lon="9.0555150">
    <ele>194.2</ele>
    <time>2026-07-12T17:51:36Z</time>
   </trkpt>
   <trkpt lat="48.9400200" lon="9.0554540">
    <ele>194.3</ele>
    <time>2026-07-12T17:51:37Z</time>
   </trkpt>
   <trkpt lat="48.9400760" lon="9.0553950">
    <ele>194.3</ele>
    <time>2026-07-12T17:51:38Z</time>
   </trkpt>
   <trkpt lat="48.9401000" lon="9.0553110">
    <ele>194.3</ele>
    <time>2026-07-12T17:51:39Z</time>
   </trkpt>
   <trkpt lat="48.9400760" lon="9.0552280">
    <ele>194.3</ele>
    <time>2026-07-12T17:51:40Z</time>
   </trkpt>
   <trkpt lat="48.9400450" lon="9.0551560">
    <ele>194.3</ele>
    <time>2026-07-12T17:51:41Z</time>
   </trkpt>
   <trkpt lat="48.9400330" lon="9.0550700">
    <ele>194.4</ele>
    <time>2026-07-12T17:51:42Z</time>
   </trkpt>
   <trkpt lat="48.9400560" lon="9.0550080">
    <ele>194.4</ele>
    <time>2026-07-12T17:51:43Z</time>
   </trkpt>
   <trkpt lat="48.9400950" lon="9.0549750">
    <ele>194.3</ele>
    <time>2026-07-12T17:51:44Z</time>
   </trkpt>
   <trkpt lat="48.9401380" lon="9.0549320">
    <ele>194.2</ele>
    <time>2026-07-12T17:51:45Z</time>
   </trkpt>
   <trkpt lat="48.9401870" lon="9.0548940">
    <ele>194.1</ele>
    <time>2026-07-12T17:51:46Z</time>
   </trkpt>
   <trkpt lat="48.9402390" lon="9.0548490">
    <ele>194.1</ele>
    <time>2026-07-12T17:51:47Z</time>
   </trkpt>
   <trkpt lat="48.9402980" lon="9.0548020">
    <ele>194.0</ele>
    <time>2026-07-12T17:51:48Z</time>
   </trkpt>
   <trkpt lat="48.9403550" lon="9.0547550">
    <ele>193.9</ele>
    <time>2026-07-12T17:51:49Z</time>
   </trkpt>
   <trkpt lat="48.9404130" lon="9.0547030">
    <ele>193.9</ele>
    <time>2026-07-12T17:51:50Z</time>
   </trkpt>
   <trkpt lat="48.9404690" lon="9.0546470">
    <ele>193.8</ele>
    <time>2026-07-12T17:51:51Z</time>
   </trkpt>
   <trkpt lat="48.9405250" lon="9.0546000">
    <ele>193.8</ele>
    <time>2026-07-12T17:51:52Z</time>
   </trkpt>
   <trkpt lat="48.9405880" lon="9.0545490">
    <ele>193.9</ele>
    <time>2026-07-12T17:51:53Z</time>
   </trkpt>
   <trkpt lat="48.9406500" lon="9.0545000">
    <ele>193.9</ele>
    <time>2026-07-12T17:51:54Z</time>
   </trkpt>
   <trkpt lat="48.9407120" lon="9.0544510">
    <ele>194.0</ele>
    <time>2026-07-12T17:51:55Z</time>
   </trkpt>
   <trkpt lat="48.9407730" lon="9.0543940">
    <ele>194.2</ele>
    <time>2026-07-12T17:51:56Z</time>
   </trkpt>
   <trkpt lat="48.9408340" lon="9.0543350">
    <ele>194.4</ele>
    <time>2026-07-12T17:51:57Z</time>
   </trkpt>
   <trkpt lat="48.9408900" lon="9.0542730">
    <ele>194.6</ele>
    <time>2026-07-12T17:51:58Z</time>
   </trkpt>
   <trkpt lat="48.9409430" lon="9.0542090">
    <ele>194.9</ele>
    <time>2026-07-12T17:51:59Z</time>
   </trkpt>
   <trkpt lat="48.9409840" lon="9.0541320">
    <ele>195.2</ele>
    <time>2026-07-12T17:52:00Z</time>
   </trkpt>
   <trkpt lat="48.9410120" lon="9.0540610">
    <ele>195.3</ele>
    <time>2026-07-12T17:52:01Z</time>
   </trkpt>
   <trkpt lat="48.9410420" lon="9.0539810">
    <ele>195.4</ele>
    <time>2026-07-12T17:52:02Z</time>
   </trkpt>
   <trkpt lat="48.9410680" lon="9.0539110">
    <ele>195.5</ele>
    <time>2026-07-12T17:52:03Z</time>
   </trkpt>
   <trkpt lat="48.9410870" lon="9.0538850">
    <ele>195.5</ele>
    <time>2026-07-12T17:52:04Z</time>
   </trkpt>
   <trkpt lat="48.9410930" lon="9.0538570">
    <ele>195.6</ele>
    <time>2026-07-12T17:52:05Z</time>
   </trkpt>
   <trkpt lat="48.9410950" lon="9.0538450">
    <ele>195.6</ele>
    <time>2026-07-12T17:52:06Z</time>
   </trkpt>
   <trkpt lat="48.9410920" lon="9.0538470">
    <ele>195.6</ele>
    <time>2026-07-12T17:52:07Z</time>
   </trkpt>
   <trkpt lat="48.9410910" lon="9.0538480">
    <ele>195.6</ele>
    <time>2026-07-12T17:52:08Z</time>
   </trkpt>
   <trkpt lat="48.9410870" lon="9.0538480">
    <ele>195.6</ele>
    <time>2026-07-12T17:52:09Z</time>
   </trkpt>
   <trkpt lat="48.9410840" lon="9.0538510">
    <ele>195.6</ele>
    <time>2026-07-12T17:52:10Z</time>
   </trkpt>
   <trkpt lat="48.9410840" lon="9.0538510">
    <ele>195.6</ele>
    <time>2026-07-12T17:52:11Z</time>
   </trkpt>
   <trkpt lat="48.9410890" lon="9.0538310">
    <ele>195.6</ele>
    <time>2026-07-12T17:52:12Z</time>
   </trkpt>
   <trkpt lat="48.9411000" lon="9.0538110">
    <ele>195.6</ele>
    <time>2026-07-12T17:52:13Z</time>
   </trkpt>
   <trkpt lat="48.9411170" lon="9.0537800">
    <ele>195.6</ele>
    <time>2026-07-12T17:52:14Z</time>
   </trkpt>
   <trkpt lat="48.9411390" lon="9.0537440">
    <ele>195.6</ele>
    <time>2026-07-12T17:52:15Z</time>
   </trkpt>
   <trkpt lat="48.9411720" lon="9.0536810">
    <ele>195.7</ele>
    <time>2026-07-12T17:52:16Z</time>
   </trkpt>
   <trkpt lat="48.9412010" lon="9.0536220">
    <ele>195.7</ele>
    <time>2026-07-12T17:52:17Z</time>
   </trkpt>
   <trkpt lat="48.9411960" lon="9.0535330">
    <ele>195.8</ele>
    <time>2026-07-12T17:52:18Z</time>
   </trkpt>
   <trkpt lat="48.9411710" lon="9.0534580">
    <ele>195.8</ele>
    <time>2026-07-12T17:52:19Z</time>
   </trkpt>
   <trkpt lat="48.9411320" lon="9.0533850">
    <ele>195.8</ele>
    <time>2026-07-12T17:52:20Z</time>
   </trkpt>
   <trkpt lat="48.9410830" lon="9.0533160">
    <ele>195.7</ele>
    <time>2026-07-12T17:52:21Z</time>
   </trkpt>
   <trkpt lat="48.9410310" lon="9.0532320">
    <ele>195.5</ele>
    <time>2026-07-12T17:52:22Z</time>
   </trkpt>
   <trkpt lat="48.9409810" lon="9.0531430">
    <ele>195.3</ele>
    <time>2026-07-12T17:52:23Z</time>
   </trkpt>
   <trkpt lat="48.9409290" lon="9.0530510">
    <ele>195.1</ele>
    <time>2026-07-12T17:52:24Z</time>
   </trkpt>
   <trkpt lat="48.9408740" lon="9.0529530">
    <ele>194.9</ele>
    <time>2026-07-12T17:52:25Z</time>
   </trkpt>
   <trkpt lat="48.9408210" lon="9.0528580">
    <ele>194.7</ele>
    <time>2026-07-12T17:52:26Z</time>
   </trkpt>
   <trkpt lat="48.9407610" lon="9.0527560">
    <ele>194.5</ele>
    <time>2026-07-12T17:52:27Z</time>
   </trkpt>
   <trkpt lat="48.9406960" lon="9.0526590">
    <ele>194.4</ele>
    <time>2026-07-12T17:52:28Z</time>
   </trkpt>
   <trkpt lat="48.9406290" lon="9.0525720">
    <ele>194.3</ele>
    <time>2026-07-12T17:52:29Z</time>
   </trkpt>
   <trkpt lat="48.9405580" lon="9.0524950">
    <ele>194.2</ele>
    <time>2026-07-12T17:52:30Z</time>
   </trkpt>
   <trkpt lat="48.9404840" lon="9.0524160">
    <ele>194.1</ele>
    <time>2026-07-12T17:52:31Z</time>
   </trkpt>
   <trkpt lat="48.9404170" lon="9.0523310">
    <ele>194.0</ele>
    <time>2026-07-12T17:52:32Z</time>
   </trkpt>
   <trkpt lat="48.9403550" lon="9.0522370">
    <ele>193.9</ele>
    <time>2026-07-12T17:52:33Z</time>
   </trkpt>
   <trkpt lat="48.9402960" lon="9.0521360">
    <ele>193.8</ele>
    <time>2026-07-12T17:52:34Z</time>
   </trkpt>
   <trkpt lat="48.9402330" lon="9.0520350">
    <ele>193.7</ele>
    <time>2026-07-12T17:52:35Z</time>
   </trkpt>
   <trkpt lat="48.9401700" lon="9.0519350">
    <ele>193.6</ele>
    <time>2026-07-12T17:52:36Z</time>
   </trkpt>
   <trkpt lat="48.9401020" lon="9.0518390">
    <ele>193.6</ele>
    <time>2026-07-12T17:52:37Z</time>
   </trkpt>
   <trkpt lat="48.9400350" lon="9.0517440">
    <ele>193.6</ele>
    <time>2026-07-12T17:52:38Z</time>
   </trkpt>
   <trkpt lat="48.9399750" lon="9.0516460">
    <ele>193.6</ele>
    <time>2026-07-12T17:52:39Z</time>
   </trkpt>
   <trkpt lat="48.9399110" lon="9.0515470">
    <ele>193.6</ele>
    <time>2026-07-12T17:52:40Z</time>
   </trkpt>
   <trkpt lat="48.9398490" lon="9.0514480">
    <ele>193.6</ele>
    <time>2026-07-12T17:52:41Z</time>
   </trkpt>
   <trkpt lat="48.9397870" lon="9.0513510">
    <ele>193.6</ele>
    <time>2026-07-12T17:52:42Z</time>
   </trkpt>
   <trkpt lat="48.9397350" lon="9.0512510">
    <ele>193.7</ele>
    <time>2026-07-12T17:52:43Z</time>
   </trkpt>
   <trkpt lat="48.9396810" lon="9.0511490">
    <ele>193.7</ele>
    <time>2026-07-12T17:52:44Z</time>
   </trkpt>
   <trkpt lat="48.9396240" lon="9.0510530">
    <ele>193.8</ele>
    <time>2026-07-12T17:52:45Z</time>
   </trkpt>
   <trkpt lat="48.9395670" lon="9.0509510">
    <ele>193.8</ele>
    <time>2026-07-12T17:52:46Z</time>
   </trkpt>
   <trkpt lat="48.9395140" lon="9.0508620">
    <ele>193.9</ele>
    <time>2026-07-12T17:52:47Z</time>
   </trkpt>
   <trkpt lat="48.9394610" lon="9.0507640">
    <ele>193.9</ele>
    <time>2026-07-12T17:52:48Z</time>
   </trkpt>
   <trkpt lat="48.9394060" lon="9.0506680">
    <ele>193.9</ele>
    <time>2026-07-12T17:52:49Z</time>
   </trkpt>
   <trkpt lat="48.9393540" lon="9.0505730">
    <ele>194.0</ele>
    <time>2026-07-12T17:52:50Z</time>
   </trkpt>
   <trkpt lat="48.9393000" lon="9.0504810">
    <ele>194.0</ele>
    <time>2026-07-12T17:52:51Z</time>
   </trkpt>
   <trkpt lat="48.9392540" lon="9.0503900">
    <ele>194.1</ele>
    <time>2026-07-12T17:52:52Z</time>
   </trkpt>
   <trkpt lat="48.9392030" lon="9.0502960">
    <ele>194.2</ele>
    <time>2026-07-12T17:52:53Z</time>
   </trkpt>
   <trkpt lat="48.9391560" lon="9.0502010">
    <ele>194.2</ele>
    <time>2026-07-12T17:52:54Z</time>
   </trkpt>
   <trkpt lat="48.9391190" lon="9.0501050">
    <ele>194.3</ele>
    <time>2026-07-12T17:52:55Z</time>
   </trkpt>
   <trkpt lat="48.9390760" lon="9.0500060">
    <ele>194.5</ele>
    <time>2026-07-12T17:52:56Z</time>
   </trkpt>
   <trkpt lat="48.9390430" lon="9.0499010">
    <ele>194.7</ele>
    <time>2026-07-12T17:52:57Z</time>
   </trkpt>
   <trkpt lat="48.9390120" lon="9.0497940">
    <ele>195.1</ele>
    <time>2026-07-12T17:52:58Z</time>
   </trkpt>
   <trkpt lat="48.9389870" lon="9.0496840">
    <ele>195.4</ele>
    <time>2026-07-12T17:52:59Z</time>
   </trkpt>
   <trkpt lat="48.9389680" lon="9.0495830">
    <ele>195.7</ele>
    <time>2026-07-12T17:53:00Z</time>
   </trkpt>
   <trkpt lat="48.9389450" lon="9.0494830">
    <ele>196.1</ele>
    <time>2026-07-12T17:53:01Z</time>
   </trkpt>
   <trkpt lat="48.9389220" lon="9.0493810">
    <ele>196.4</ele>
    <time>2026-07-12T17:53:02Z</time>
   </trkpt>
   <trkpt lat="48.9389010" lon="9.0492880">
    <ele>196.7</ele>
    <time>2026-07-12T17:53:03Z</time>
   </trkpt>
   <trkpt lat="48.9388850" lon="9.0491920">
    <ele>197.0</ele>
    <time>2026-07-12T17:53:04Z</time>
   </trkpt>
   <trkpt lat="48.9388690" lon="9.0490950">
    <ele>197.3</ele>
    <time>2026-07-12T17:53:05Z</time>
   </trkpt>
   <trkpt lat="48.9388580" lon="9.0489950">
    <ele>197.3</ele>
    <time>2026-07-12T17:53:06Z</time>
   </trkpt>
   <trkpt lat="48.9388410" lon="9.0489020">
    <ele>197.3</ele>
    <time>2026-07-12T17:53:07Z</time>
   </trkpt>
   <trkpt lat="48.9388070" lon="9.0488270">
    <ele>197.3</ele>
    <time>2026-07-12T17:53:08Z</time>
   </trkpt>
   <trkpt lat="48.9387790" lon="9.0487530">
    <ele>197.1</ele>
    <time>2026-07-12T17:53:09Z</time>
   </trkpt>
   <trkpt lat="48.9387340" lon="9.0486760">
    <ele>196.8</ele>
    <time>2026-07-12T17:53:10Z</time>
   </trkpt>
   <trkpt lat="48.9386910" lon="9.0486010">
    <ele>196.6</ele>
    <time>2026-07-12T17:53:11Z</time>
   </trkpt>
   <trkpt lat="48.9386350" lon="9.0485140">
    <ele>196.2</ele>
    <time>2026-07-12T17:53:12Z</time>
   </trkpt>
   <trkpt lat="48.9385830" lon="9.0484310">
    <ele>195.9</ele>
    <time>2026-07-12T17:53:13Z</time>
   </trkpt>
   <trkpt lat="48.9385210" lon="9.0483410">
    <ele>195.7</ele>
    <time>2026-07-12T17:53:14Z</time>
   </trkpt>
   <trkpt lat="48.9384580" lon="9.0482520">
    <ele>195.5</ele>
    <time>2026-07-12T17:53:15Z</time>
   </trkpt>
   <trkpt lat="48.9383900" lon="9.0481820">
    <ele>195.4</ele>
    <time>2026-07-12T17:53:16Z</time>
   </trkpt>
   <trkpt lat="48.9383220" lon="9.0481120">
    <ele>195.4</ele>
    <time>2026-07-12T17:53:17Z</time>
   </trkpt>
   <trkpt lat="48.9382570" lon="9.0480350">
    <ele>195.4</ele>
    <time>2026-07-12T17:53:18Z</time>
   </trkpt>
   <trkpt lat="48.9382120" lon="9.0479390">
    <ele>195.4</ele>
    <time>2026-07-12T17:53:19Z</time>
   </trkpt>
   <trkpt lat="48.9381800" lon="9.0478420">
    <ele>195.5</ele>
    <time>2026-07-12T17:53:20Z</time>
   </trkpt>
   <trkpt lat="48.9381450" lon="9.0477360">
    <ele>195.7</ele>
    <time>2026-07-12T17:53:21Z</time>
   </trkpt>
   <trkpt lat="48.9381130" lon="9.0476260">
    <ele>195.9</ele>
    <time>2026-07-12T17:53:22Z</time>
   </trkpt>
   <trkpt lat="48.9380790" lon="9.0475210">
    <ele>196.2</ele>
    <time>2026-07-12T17:53:23Z</time>
   </trkpt>
   <trkpt lat="48.9380530" lon="9.0474330">
    <ele>196.5</ele>
    <time>2026-07-12T17:53:24Z</time>
   </trkpt>
   <trkpt lat="48.9380340" lon="9.0473560">
    <ele>196.7</ele>
    <time>2026-07-12T17:53:25Z</time>
   </trkpt>
   <trkpt lat="48.9380090" lon="9.0472540">
    <ele>197.1</ele>
    <time>2026-07-12T17:53:26Z</time>
   </trkpt>
   <trkpt lat="48.9379690" lon="9.0471720">
    <ele>197.4</ele>
    <time>2026-07-12T17:53:27Z</time>
   </trkpt>
   <trkpt lat="48.9379340" lon="9.0470820">
    <ele>197.6</ele>
    <time>2026-07-12T17:53:28Z</time>
   </trkpt>
   <trkpt lat="48.9378900" lon="9.0470020">
    <ele>197.7</ele>
    <time>2026-07-12T17:53:29Z</time>
   </trkpt>
   <trkpt lat="48.9378410" lon="9.0469240">
    <ele>197.7</ele>
    <time>2026-07-12T17:53:30Z</time>
   </trkpt>
   <trkpt lat="48.9377770" lon="9.0468620">
    <ele>197.5</ele>
    <time>2026-07-12T17:53:31Z</time>
   </trkpt>
   <trkpt lat="48.9377090" lon="9.0467970">
    <ele>197.3</ele>
    <time>2026-07-12T17:53:32Z</time>
   </trkpt>
   <trkpt lat="48.9376430" lon="9.0467380">
    <ele>197.1</ele>
    <time>2026-07-12T17:53:33Z</time>
   </trkpt>
   <trkpt lat="48.9375700" lon="9.0466920">
    <ele>196.9</ele>
    <time>2026-07-12T17:53:34Z</time>
   </trkpt>
   <trkpt lat="48.9374910" lon="9.0466660">
    <ele>196.6</ele>
    <time>2026-07-12T17:53:35Z</time>
   </trkpt>
   <trkpt lat="48.9374130" lon="9.0466310">
    <ele>196.4</ele>
    <time>2026-07-12T17:53:36Z</time>
   </trkpt>
   <trkpt lat="48.9373490" lon="9.0465530">
    <ele>196.2</ele>
    <time>2026-07-12T17:53:37Z</time>
   </trkpt>
   <trkpt lat="48.9372930" lon="9.0464600">
    <ele>196.0</ele>
    <time>2026-07-12T17:53:38Z</time>
   </trkpt>
   <trkpt lat="48.9372350" lon="9.0463610">
    <ele>195.8</ele>
    <time>2026-07-12T17:53:39Z</time>
   </trkpt>
   <trkpt lat="48.9371820" lon="9.0462550">
    <ele>195.7</ele>
    <time>2026-07-12T17:53:40Z</time>
   </trkpt>
   <trkpt lat="48.9371290" lon="9.0461490">
    <ele>195.6</ele>
    <time>2026-07-12T17:53:41Z</time>
   </trkpt>
   <trkpt lat="48.9370740" lon="9.0460450">
    <ele>195.6</ele>
    <time>2026-07-12T17:53:42Z</time>
   </trkpt>
   <trkpt lat="48.9370230" lon="9.0459410">
    <ele>195.6</ele>
    <time>2026-07-12T17:53:43Z</time>
   </trkpt>
   <trkpt lat="48.9369690" lon="9.0458370">
    <ele>195.7</ele>
    <time>2026-07-12T17:53:44Z</time>
   </trkpt>
   <trkpt lat="48.9369200" lon="9.0457240">
    <ele>195.8</ele>
    <time>2026-07-12T17:53:45Z</time>
   </trkpt>
   <trkpt lat="48.9368780" lon="9.0456150">
    <ele>195.9</ele>
    <time>2026-07-12T17:53:46Z</time>
   </trkpt>
   <trkpt lat="48.9368380" lon="9.0455070">
    <ele>196.1</ele>
    <time>2026-07-12T17:53:47Z</time>
   </trkpt>
   <trkpt lat="48.9368040" lon="9.0453980">
    <ele>196.3</ele>
    <time>2026-07-12T17:53:48Z</time>
   </trkpt>
   <trkpt lat="48.9367690" lon="9.0452900">
    <ele>196.5</ele>
    <time>2026-07-12T17:53:49Z</time>
   </trkpt>
   <trkpt lat="48.9367330" lon="9.0451800">
    <ele>196.7</ele>
    <time>2026-07-12T17:53:50Z</time>
   </trkpt>
   <trkpt lat="48.9367030" lon="9.0450740">
    <ele>196.9</ele>
    <time>2026-07-12T17:53:51Z</time>
   </trkpt>
   <trkpt lat="48.9366700" lon="9.0449660">
    <ele>197.2</ele>
    <time>2026-07-12T17:53:52Z</time>
   </trkpt>
   <trkpt lat="48.9366380" lon="9.0448660">
    <ele>197.5</ele>
    <time>2026-07-12T17:53:53Z</time>
   </trkpt>
   <trkpt lat="48.9366090" lon="9.0447680">
    <ele>197.7</ele>
    <time>2026-07-12T17:53:54Z</time>
   </trkpt>
   <trkpt lat="48.9365740" lon="9.0446670">
    <ele>197.9</ele>
    <time>2026-07-12T17:53:55Z</time>
   </trkpt>
   <trkpt lat="48.9365370" lon="9.0445720">
    <ele>197.9</ele>
    <time>2026-07-12T17:53:56Z</time>
   </trkpt>
   <trkpt lat="48.9364980" lon="9.0444730">
    <ele>197.9</ele>
    <time>2026-07-12T17:53:57Z</time>
   </trkpt>
   <trkpt lat="48.9364590" lon="9.0443740">
    <ele>197.9</ele>
    <time>2026-07-12T17:53:58Z</time>
   </trkpt>
   <trkpt lat="48.9364190" lon="9.0442640">
    <ele>197.9</ele>
    <time>2026-07-12T17:53:59Z</time>
   </trkpt>
   <trkpt lat="48.9363820" lon="9.0441580">
    <ele>197.9</ele>
    <time>2026-07-12T17:54:00Z</time>
   </trkpt>
   <trkpt lat="48.9363480" lon="9.0440520">
    <ele>198.0</ele>
    <time>2026-07-12T17:54:01Z</time>
   </trkpt>
   <trkpt lat="48.9363190" lon="9.0439430">
    <ele>198.0</ele>
    <time>2026-07-12T17:54:02Z</time>
   </trkpt>
   <trkpt lat="48.9362910" lon="9.0438340">
    <ele>198.1</ele>
    <time>2026-07-12T17:54:03Z</time>
   </trkpt>
   <trkpt lat="48.9362650" lon="9.0437210">
    <ele>198.2</ele>
    <time>2026-07-12T17:54:04Z</time>
   </trkpt>
   <trkpt lat="48.9362390" lon="9.0436120">
    <ele>198.2</ele>
    <time>2026-07-12T17:54:05Z</time>
   </trkpt>
   <trkpt lat="48.9362120" lon="9.0434980">
    <ele>198.2</ele>
    <time>2026-07-12T17:54:06Z</time>
   </trkpt>
   <trkpt lat="48.9361840" lon="9.0433850">
    <ele>198.3</ele>
    <time>2026-07-12T17:54:07Z</time>
   </trkpt>
   <trkpt lat="48.9361550" lon="9.0432760">
    <ele>198.3</ele>
    <time>2026-07-12T17:54:08Z</time>
   </trkpt>
   <trkpt lat="48.9361260" lon="9.0431640">
    <ele>198.3</ele>
    <time>2026-07-12T17:54:09Z</time>
   </trkpt>
   <trkpt lat="48.9360990" lon="9.0430520">
    <ele>198.2</ele>
    <time>2026-07-12T17:54:10Z</time>
   </trkpt>
   <trkpt lat="48.9360720" lon="9.0429400">
    <ele>198.2</ele>
    <time>2026-07-12T17:54:11Z</time>
   </trkpt>
   <trkpt lat="48.9360370" lon="9.0428330">
    <ele>198.2</ele>
    <time>2026-07-12T17:54:12Z</time>
   </trkpt>
   <trkpt lat="48.9360020" lon="9.0427240">
    <ele>198.1</ele>
    <time>2026-07-12T17:54:13Z</time>
   </trkpt>
   <trkpt lat="48.9359660" lon="9.0426190">
    <ele>198.1</ele>
    <time>2026-07-12T17:54:14Z</time>
   </trkpt>
   <trkpt lat="48.9359250" lon="9.0425220">
    <ele>198.0</ele>
    <time>2026-07-12T17:54:15Z</time>
   </trkpt>
   <trkpt lat="48.9358830" lon="9.0424210">
    <ele>197.9</ele>
    <time>2026-07-12T17:54:16Z</time>
   </trkpt>
   <trkpt lat="48.9358470" lon="9.0423220">
    <ele>197.8</ele>
    <time>2026-07-12T17:54:17Z</time>
   </trkpt>
   <trkpt lat="48.9358050" lon="9.0422140">
    <ele>197.5</ele>
    <time>2026-07-12T17:54:18Z</time>
   </trkpt>
   <trkpt lat="48.9357630" lon="9.0421020">
    <ele>197.3</ele>
    <time>2026-07-12T17:54:19Z</time>
   </trkpt>
   <trkpt lat="48.9357200" lon="9.0420010">
    <ele>197.1</ele>
    <time>2026-07-12T17:54:20Z</time>
   </trkpt>
   <trkpt lat="48.9356590" lon="9.0419010">
    <ele>197.0</ele>
    <time>2026-07-12T17:54:21Z</time>
   </trkpt>
   <trkpt lat="48.9355850" lon="9.0418180">
    <ele>196.8</ele>
    <time>2026-07-12T17:54:22Z</time>
   </trkpt>
   <trkpt lat="48.9355180" lon="9.0417370">
    <ele>196.7</ele>
    <time>2026-07-12T17:54:23Z</time>
   </trkpt>
   <trkpt lat="48.9354440" lon="9.0416520">
    <ele>196.6</ele>
    <time>2026-07-12T17:54:24Z</time>
   </trkpt>
   <trkpt lat="48.9353710" lon="9.0415730">
    <ele>196.5</ele>
    <time>2026-07-12T17:54:25Z</time>
   </trkpt>
   <trkpt lat="48.9352970" lon="9.0414930">
    <ele>196.5</ele>
    <time>2026-07-12T17:54:26Z</time>
   </trkpt>
   <trkpt lat="48.9352260" lon="9.0414160">
    <ele>196.4</ele>
    <time>2026-07-12T17:54:27Z</time>
   </trkpt>
   <trkpt lat="48.9351580" lon="9.0413450">
    <ele>196.3</ele>
    <time>2026-07-12T17:54:28Z</time>
   </trkpt>
   <trkpt lat="48.9350960" lon="9.0412690">
    <ele>196.0</ele>
    <time>2026-07-12T17:54:29Z</time>
   </trkpt>
   <trkpt lat="48.9350240" lon="9.0411940">
    <ele>195.7</ele>
    <time>2026-07-12T17:54:30Z</time>
   </trkpt>
   <trkpt lat="48.9349510" lon="9.0411140">
    <ele>195.4</ele>
    <time>2026-07-12T17:54:31Z</time>
   </trkpt>
   <trkpt lat="48.9348710" lon="9.0410350">
    <ele>195.1</ele>
    <time>2026-07-12T17:54:32Z</time>
   </trkpt>
   <trkpt lat="48.9347900" lon="9.0409610">
    <ele>194.9</ele>
    <time>2026-07-12T17:54:33Z</time>
   </trkpt>
   <trkpt lat="48.9347020" lon="9.0408910">
    <ele>194.7</ele>
    <time>2026-07-12T17:54:34Z</time>
   </trkpt>
   <trkpt lat="48.9346110" lon="9.0408350">
    <ele>194.6</ele>
    <time>2026-07-12T17:54:35Z</time>
   </trkpt>
   <trkpt lat="48.9345240" lon="9.0407820">
    <ele>194.6</ele>
    <time>2026-07-12T17:54:36Z</time>
   </trkpt>
   <trkpt lat="48.9344400" lon="9.0407280">
    <ele>194.6</ele>
    <time>2026-07-12T17:54:37Z</time>
   </trkpt>
   <trkpt lat="48.9343610" lon="9.0406600">
    <ele>194.6</ele>
    <time>2026-07-12T17:54:38Z</time>
   </trkpt>
   <trkpt lat="48.9342850" lon="9.0405880">
    <ele>194.6</ele>
    <time>2026-07-12T17:54:39Z</time>
   </trkpt>
   <trkpt lat="48.9342100" lon="9.0405160">
    <ele>194.6</ele>
    <time>2026-07-12T17:54:40Z</time>
   </trkpt>
   <trkpt lat="48.9341350" lon="9.0404330">
    <ele>194.6</ele>
    <time>2026-07-12T17:54:41Z</time>
   </trkpt>
   <trkpt lat="48.9340650" lon="9.0403480">
    <ele>194.7</ele>
    <time>2026-07-12T17:54:42Z</time>
   </trkpt>
   <trkpt lat="48.9339970" lon="9.0402690">
    <ele>194.7</ele>
    <time>2026-07-12T17:54:43Z</time>
   </trkpt>
   <trkpt lat="48.9339250" lon="9.0401860">
    <ele>194.7</ele>
    <time>2026-07-12T17:54:44Z</time>
   </trkpt>
   <trkpt lat="48.9338500" lon="9.0401030">
    <ele>194.8</ele>
    <time>2026-07-12T17:54:45Z</time>
   </trkpt>
   <trkpt lat="48.9337780" lon="9.0400200">
    <ele>194.8</ele>
    <time>2026-07-12T17:54:46Z</time>
   </trkpt>
   <trkpt lat="48.9337050" lon="9.0399390">
    <ele>194.8</ele>
    <time>2026-07-12T17:54:47Z</time>
   </trkpt>
   <trkpt lat="48.9336320" lon="9.0398630">
    <ele>194.9</ele>
    <time>2026-07-12T17:54:48Z</time>
   </trkpt>
   <trkpt lat="48.9335610" lon="9.0397790">
    <ele>194.9</ele>
    <time>2026-07-12T17:54:49Z</time>
   </trkpt>
   <trkpt lat="48.9334920" lon="9.0396950">
    <ele>195.0</ele>
    <time>2026-07-12T17:54:50Z</time>
   </trkpt>
   <trkpt lat="48.9334240" lon="9.0396090">
    <ele>195.0</ele>
    <time>2026-07-12T17:54:51Z</time>
   </trkpt>
   <trkpt lat="48.9333600" lon="9.0395200">
    <ele>195.1</ele>
    <time>2026-07-12T17:54:52Z</time>
   </trkpt>
   <trkpt lat="48.9333010" lon="9.0394410">
    <ele>195.2</ele>
    <time>2026-07-12T17:54:53Z</time>
   </trkpt>
   <trkpt lat="48.9332380" lon="9.0393450">
    <ele>195.2</ele>
    <time>2026-07-12T17:54:54Z</time>
   </trkpt>
   <trkpt lat="48.9331850" lon="9.0392460">
    <ele>195.2</ele>
    <time>2026-07-12T17:54:55Z</time>
   </trkpt>
   <trkpt lat="48.9331320" lon="9.0391460">
    <ele>195.2</ele>
    <time>2026-07-12T17:54:56Z</time>
   </trkpt>
   <trkpt lat="48.9330820" lon="9.0390440">
    <ele>195.2</ele>
    <time>2026-07-12T17:54:57Z</time>
   </trkpt>
   <trkpt lat="48.9330360" lon="9.0389360">
    <ele>195.2</ele>
    <time>2026-07-12T17:54:58Z</time>
   </trkpt>
   <trkpt lat="48.9329970" lon="9.0388320">
    <ele>195.2</ele>
    <time>2026-07-12T17:54:59Z</time>
   </trkpt>
   <trkpt lat="48.9329570" lon="9.0387250">
    <ele>195.2</ele>
    <time>2026-07-12T17:55:00Z</time>
   </trkpt>
   <trkpt lat="48.9329180" lon="9.0386130">
    <ele>195.2</ele>
    <time>2026-07-12T17:55:01Z</time>
   </trkpt>
   <trkpt lat="48.9328800" lon="9.0385010">
    <ele>195.3</ele>
    <time>2026-07-12T17:55:02Z</time>
   </trkpt>
   <trkpt lat="48.9328440" lon="9.0383870">
    <ele>195.3</ele>
    <time>2026-07-12T17:55:03Z</time>
   </trkpt>
   <trkpt lat="48.9328150" lon="9.0382700">
    <ele>195.3</ele>
    <time>2026-07-12T17:55:04Z</time>
   </trkpt>
   <trkpt lat="48.9327790" lon="9.0381520">
    <ele>195.2</ele>
    <time>2026-07-12T17:55:05Z</time>
   </trkpt>
   <trkpt lat="48.9327420" lon="9.0380360">
    <ele>195.2</ele>
    <time>2026-07-12T17:55:06Z</time>
   </trkpt>
   <trkpt lat="48.9327080" lon="9.0379240">
    <ele>195.2</ele>
    <time>2026-07-12T17:55:07Z</time>
   </trkpt>
   <trkpt lat="48.9326790" lon="9.0378100">
    <ele>195.2</ele>
    <time>2026-07-12T17:55:08Z</time>
   </trkpt>
   <trkpt lat="48.9326570" lon="9.0376910">
    <ele>195.2</ele>
    <time>2026-07-12T17:55:09Z</time>
   </trkpt>
   <trkpt lat="48.9326350" lon="9.0375700">
    <ele>195.2</ele>
    <time>2026-07-12T17:55:10Z</time>
   </trkpt>
   <trkpt lat="48.9326210" lon="9.0374460">
    <ele>195.2</ele>
    <time>2026-07-12T17:55:11Z</time>
   </trkpt>
   <trkpt lat="48.9326110" lon="9.0373220">
    <ele>195.2</ele>
    <time>2026-07-12T17:55:12Z</time>
   </trkpt>
   <trkpt lat="48.9326030" lon="9.0371970">
    <ele>195.2</ele>
    <time>2026-07-12T17:55:13Z</time>
   </trkpt>
   <trkpt lat="48.9325990" lon="9.0370680">
    <ele>195.2</ele>
    <time>2026-07-12T17:55:14Z</time>
   </trkpt>
   <trkpt lat="48.9325980" lon="9.0369410">
    <ele>195.2</ele>
    <time>2026-07-12T17:55:15Z</time>
   </trkpt>
   <trkpt lat="48.9325920" lon="9.0368190">
    <ele>195.2</ele>
    <time>2026-07-12T17:55:16Z</time>
   </trkpt>
   <trkpt lat="48.9325890" lon="9.0366930">
    <ele>195.3</ele>
    <time>2026-07-12T17:55:17Z</time>
   </trkpt>
   <trkpt lat="48.9325760" lon="9.0365730">
    <ele>195.3</ele>
    <time>2026-07-12T17:55:18Z</time>
   </trkpt>
   <trkpt lat="48.9325580" lon="9.0364570">
    <ele>195.3</ele>
    <time>2026-07-12T17:55:19Z</time>
   </trkpt>
   <trkpt lat="48.9325380" lon="9.0363380">
    <ele>195.4</ele>
    <time>2026-07-12T17:55:20Z</time>
   </trkpt>
   <trkpt lat="48.9325130" lon="9.0362220">
    <ele>195.4</ele>
    <time>2026-07-12T17:55:21Z</time>
   </trkpt>
   <trkpt lat="48.9324860" lon="9.0361080">
    <ele>195.4</ele>
    <time>2026-07-12T17:55:22Z</time>
   </trkpt>
   <trkpt lat="48.9324530" lon="9.0360020">
    <ele>195.5</ele>
    <time>2026-07-12T17:55:23Z</time>
   </trkpt>
   <trkpt lat="48.9324220" lon="9.0359060">
    <ele>195.5</ele>
    <time>2026-07-12T17:55:24Z</time>
   </trkpt>
   <trkpt lat="48.9323800" lon="9.0358030">
    <ele>195.6</ele>
    <time>2026-07-12T17:55:25Z</time>
   </trkpt>
   <trkpt lat="48.9323320" lon="9.0357010">
    <ele>195.6</ele>
    <time>2026-07-12T17:55:26Z</time>
   </trkpt>
   <trkpt lat="48.9322820" lon="9.0356080">
    <ele>195.7</ele>
    <time>2026-07-12T17:55:27Z</time>
   </trkpt>
   <trkpt lat="48.9322310" lon="9.0355180">
    <ele>195.8</ele>
    <time>2026-07-12T17:55:28Z</time>
   </trkpt>
   <trkpt lat="48.9321840" lon="9.0354310">
    <ele>196.0</ele>
    <time>2026-07-12T17:55:29Z</time>
   </trkpt>
   <trkpt lat="48.9321330" lon="9.0353450">
    <ele>196.2</ele>
    <time>2026-07-12T17:55:30Z</time>
   </trkpt>
   <trkpt lat="48.9320820" lon="9.0352510">
    <ele>196.4</ele>
    <time>2026-07-12T17:55:31Z</time>
   </trkpt>
   <trkpt lat="48.9320400" lon="9.0351620">
    <ele>196.7</ele>
    <time>2026-07-12T17:55:32Z</time>
   </trkpt>
   <trkpt lat="48.9320000" lon="9.0350690">
    <ele>196.9</ele>
    <time>2026-07-12T17:55:33Z</time>
   </trkpt>
   <trkpt lat="48.9319650" lon="9.0349790">
    <ele>197.1</ele>
    <time>2026-07-12T17:55:34Z</time>
   </trkpt>
   <trkpt lat="48.9319340" lon="9.0348890">
    <ele>197.2</ele>
    <time>2026-07-12T17:55:35Z</time>
   </trkpt>
   <trkpt lat="48.9319100" lon="9.0347950">
    <ele>197.4</ele>
    <time>2026-07-12T17:55:36Z</time>
   </trkpt>
   <trkpt lat="48.9318930" lon="9.0347160">
    <ele>197.6</ele>
    <time>2026-07-12T17:55:37Z</time>
   </trkpt>
   <trkpt lat="48.9318800" lon="9.0346240">
    <ele>197.8</ele>
    <time>2026-07-12T17:55:38Z</time>
   </trkpt>
   <trkpt lat="48.9318580" lon="9.0345390">
    <ele>198.0</ele>
    <time>2026-07-12T17:55:39Z</time>
   </trkpt>
   <trkpt lat="48.9318340" lon="9.0344520">
    <ele>198.2</ele>
    <time>2026-07-12T17:55:40Z</time>
   </trkpt>
   <trkpt lat="48.9318080" lon="9.0343620">
    <ele>198.4</ele>
    <time>2026-07-12T17:55:41Z</time>
   </trkpt>
   <trkpt lat="48.9317810" lon="9.0342810">
    <ele>198.6</ele>
    <time>2026-07-12T17:55:42Z</time>
   </trkpt>
   <trkpt lat="48.9317450" lon="9.0342050">
    <ele>198.8</ele>
    <time>2026-07-12T17:55:43Z</time>
   </trkpt>
   <trkpt lat="48.9317110" lon="9.0341300">
    <ele>198.9</ele>
    <time>2026-07-12T17:55:44Z</time>
   </trkpt>
   <trkpt lat="48.9316720" lon="9.0340550">
    <ele>199.1</ele>
    <time>2026-07-12T17:55:45Z</time>
   </trkpt>
   <trkpt lat="48.9316330" lon="9.0339710">
    <ele>199.3</ele>
    <time>2026-07-12T17:55:46Z</time>
   </trkpt>
   <trkpt lat="48.9316030" lon="9.0338840">
    <ele>199.5</ele>
    <time>2026-07-12T17:55:47Z</time>
   </trkpt>
   <trkpt lat="48.9315630" lon="9.0338020">
    <ele>199.6</ele>
    <time>2026-07-12T17:55:48Z</time>
   </trkpt>
   <trkpt lat="48.9315280" lon="9.0337220">
    <ele>199.8</ele>
    <time>2026-07-12T17:55:49Z</time>
   </trkpt>
   <trkpt lat="48.9314940" lon="9.0336440">
    <ele>200.0</ele>
    <time>2026-07-12T17:55:50Z</time>
   </trkpt>
   <trkpt lat="48.9314520" lon="9.0335700">
    <ele>200.1</ele>
    <time>2026-07-12T17:55:51Z</time>
   </trkpt>
   <trkpt lat="48.9314160" lon="9.0334900">
    <ele>200.3</ele>
    <time>2026-07-12T17:55:52Z</time>
   </trkpt>
   <trkpt lat="48.9313840" lon="9.0334130">
    <ele>200.5</ele>
    <time>2026-07-12T17:55:53Z</time>
   </trkpt>
   <trkpt lat="48.9313460" lon="9.0333400">
    <ele>200.6</ele>
    <time>2026-07-12T17:55:54Z</time>
   </trkpt>
   <trkpt lat="48.9313110" lon="9.0332670">
    <ele>200.6</ele>
    <time>2026-07-12T17:55:55Z</time>
   </trkpt>
   <trkpt lat="48.9312720" lon="9.0332010">
    <ele>200.7</ele>
    <time>2026-07-12T17:55:56Z</time>
   </trkpt>
   <trkpt lat="48.9312280" lon="9.0331370">
    <ele>200.7</ele>
    <time>2026-07-12T17:55:57Z</time>
   </trkpt>
   <trkpt lat="48.9311830" lon="9.0330770">
    <ele>200.7</ele>
    <time>2026-07-12T17:55:58Z</time>
   </trkpt>
   <trkpt lat="48.9311300" lon="9.0330160">
    <ele>200.7</ele>
    <time>2026-07-12T17:55:59Z</time>
   </trkpt>
   <trkpt lat="48.9310710" lon="9.0329610">
    <ele>200.6</ele>
    <time>2026-07-12T17:56:00Z</time>
   </trkpt>
   <trkpt lat="48.9310100" lon="9.0329060">
    <ele>200.6</ele>
    <time>2026-07-12T17:56:01Z</time>
   </trkpt>
   <trkpt lat="48.9309460" lon="9.0328500">
    <ele>200.5</ele>
    <time>2026-07-12T17:56:02Z</time>
   </trkpt>
   <trkpt lat="48.9308820" lon="9.0327980">
    <ele>200.3</ele>
    <time>2026-07-12T17:56:03Z</time>
   </trkpt>
   <trkpt lat="48.9308150" lon="9.0327460">
    <ele>200.2</ele>
    <time>2026-07-12T17:56:04Z</time>
   </trkpt>
   <trkpt lat="48.9307480" lon="9.0326910">
    <ele>200.0</ele>
    <time>2026-07-12T17:56:05Z</time>
   </trkpt>
   <trkpt lat="48.9306810" lon="9.0326260">
    <ele>199.9</ele>
    <time>2026-07-12T17:56:06Z</time>
   </trkpt>
   <trkpt lat="48.9306130" lon="9.0325670">
    <ele>199.7</ele>
    <time>2026-07-12T17:56:07Z</time>
   </trkpt>
   <trkpt lat="48.9305450" lon="9.0324970">
    <ele>199.5</ele>
    <time>2026-07-12T17:56:08Z</time>
   </trkpt>
   <trkpt lat="48.9304730" lon="9.0324390">
    <ele>199.3</ele>
    <time>2026-07-12T17:56:09Z</time>
   </trkpt>
   <trkpt lat="48.9304010" lon="9.0323710">
    <ele>199.1</ele>
    <time>2026-07-12T17:56:10Z</time>
   </trkpt>
   <trkpt lat="48.9303290" lon="9.0323010">
    <ele>199.0</ele>
    <time>2026-07-12T17:56:11Z</time>
   </trkpt>
   <trkpt lat="48.9302560" lon="9.0322300">
    <ele>198.8</ele>
    <time>2026-07-12T17:56:12Z</time>
   </trkpt>
   <trkpt lat="48.9301800" lon="9.0321630">
    <ele>198.7</ele>
    <time>2026-07-12T17:56:13Z</time>
   </trkpt>
   <trkpt lat="48.9301100" lon="9.0320980">
    <ele>198.6</ele>
    <time>2026-07-12T17:56:14Z</time>
   </trkpt>
   <trkpt lat="48.9300380" lon="9.0320310">
    <ele>198.5</ele>
    <time>2026-07-12T17:56:15Z</time>
   </trkpt>
   <trkpt lat="48.9299650" lon="9.0319580">
    <ele>198.4</ele>
    <time>2026-07-12T17:56:16Z</time>
   </trkpt>
   <trkpt lat="48.9298900" lon="9.0318890">
    <ele>198.3</ele>
    <time>2026-07-12T17:56:17Z</time>
   </trkpt>
   <trkpt lat="48.9298190" lon="9.0318180">
    <ele>198.2</ele>
    <time>2026-07-12T17:56:18Z</time>
   </trkpt>
   <trkpt lat="48.9297480" lon="9.0317570">
    <ele>198.0</ele>
    <time>2026-07-12T17:56:19Z</time>
   </trkpt>
   <trkpt lat="48.9296820" lon="9.0316930">
    <ele>198.0</ele>
    <time>2026-07-12T17:56:20Z</time>
   </trkpt>
   <trkpt lat="48.9296170" lon="9.0316300">
    <ele>197.9</ele>
    <time>2026-07-12T17:56:21Z</time>
   </trkpt>
   <trkpt lat="48.9295490" lon="9.0315650">
    <ele>197.9</ele>
    <time>2026-07-12T17:56:22Z</time>
   </trkpt>
   <trkpt lat="48.9294920" lon="9.0314920">
    <ele>197.9</ele>
    <time>2026-07-12T17:56:23Z</time>
   </trkpt>
   <trkpt lat="48.9294560" lon="9.0313890">
    <ele>198.0</ele>
    <time>2026-07-12T17:56:24Z</time>
   </trkpt>
   <trkpt lat="48.9294490" lon="9.0312950">
    <ele>198.2</ele>
    <time>2026-07-12T17:56:25Z</time>
   </trkpt>
   <trkpt lat="48.9294590" lon="9.0312140">
    <ele>198.6</ele>
    <time>2026-07-12T17:56:26Z</time>
   </trkpt>
   <trkpt lat="48.9294570" lon="9.0311340">
    <ele>199.0</ele>
    <time>2026-07-12T17:56:27Z</time>
   </trkpt>
   <trkpt lat="48.9294430" lon="9.0310550">
    <ele>199.3</ele>
    <time>2026-07-12T17:56:28Z</time>
   </trkpt>
   <trkpt lat="48.9294170" lon="9.0309810">
    <ele>199.3</ele>
    <time>2026-07-12T17:56:29Z</time>
   </trkpt>
   <trkpt lat="48.9293470" lon="9.0309450">
    <ele>199.4</ele>
    <time>2026-07-12T17:56:30Z</time>
   </trkpt>
   <trkpt lat="48.9292870" lon="9.0309000">
    <ele>199.4</ele>
    <time>2026-07-12T17:56:31Z</time>
   </trkpt>
   <trkpt lat="48.9292220" lon="9.0308540">
    <ele>199.4</ele>
    <time>2026-07-12T17:56:32Z</time>
   </trkpt>
   <trkpt lat="48.9291560" lon="9.0308080">
    <ele>199.5</ele>
    <time>2026-07-12T17:56:33Z</time>
   </trkpt>
   <trkpt lat="48.9290860" lon="9.0307640">
    <ele>199.6</ele>
    <time>2026-07-12T17:56:34Z</time>
   </trkpt>
   <trkpt lat="48.9290170" lon="9.0307230">
    <ele>199.7</ele>
    <time>2026-07-12T17:56:35Z</time>
   </trkpt>
   <trkpt lat="48.9289470" lon="9.0306730">
    <ele>199.9</ele>
    <time>2026-07-12T17:56:36Z</time>
   </trkpt>
   <trkpt lat="48.9288790" lon="9.0306280">
    <ele>200.0</ele>
    <time>2026-07-12T17:56:37Z</time>
   </trkpt>
   <trkpt lat="48.9288120" lon="9.0305710">
    <ele>200.1</ele>
    <time>2026-07-12T17:56:38Z</time>
   </trkpt>
   <trkpt lat="48.9287410" lon="9.0305210">
    <ele>200.1</ele>
    <time>2026-07-12T17:56:39Z</time>
   </trkpt>
   <trkpt lat="48.9286750" lon="9.0304690">
    <ele>200.2</ele>
    <time>2026-07-12T17:56:40Z</time>
   </trkpt>
   <trkpt lat="48.9286050" lon="9.0304130">
    <ele>200.2</ele>
    <time>2026-07-12T17:56:41Z</time>
   </trkpt>
   <trkpt lat="48.9285340" lon="9.0303650">
    <ele>200.2</ele>
    <time>2026-07-12T17:56:42Z</time>
   </trkpt>
   <trkpt lat="48.9284620" lon="9.0303130">
    <ele>200.2</ele>
    <time>2026-07-12T17:56:43Z</time>
   </trkpt>
   <trkpt lat="48.9283850" lon="9.0302620">
    <ele>200.2</ele>
    <time>2026-07-12T17:56:44Z</time>
   </trkpt>
   <trkpt lat="48.9283160" lon="9.0302110">
    <ele>200.4</ele>
    <time>2026-07-12T17:56:45Z</time>
   </trkpt>
   <trkpt lat="48.9282420" lon="9.0301540">
    <ele>200.5</ele>
    <time>2026-07-12T17:56:46Z</time>
   </trkpt>
   <trkpt lat="48.9281740" lon="9.0301000">
    <ele>200.7</ele>
    <time>2026-07-12T17:56:47Z</time>
   </trkpt>
   <trkpt lat="48.9281010" lon="9.0300500">
    <ele>200.9</ele>
    <time>2026-07-12T17:56:48Z</time>
   </trkpt>
   <trkpt lat="48.9280290" lon="9.0299870">
    <ele>201.1</ele>
    <time>2026-07-12T17:56:49Z</time>
   </trkpt>
   <trkpt lat="48.9279550" lon="9.0299310">
    <ele>201.3</ele>
    <time>2026-07-12T17:56:50Z</time>
   </trkpt>
   <trkpt lat="48.9278870" lon="9.0298630">
    <ele>201.5</ele>
    <time>2026-07-12T17:56:51Z</time>
   </trkpt>
   <trkpt lat="48.9278110" lon="9.0298130">
    <ele>201.6</ele>
    <time>2026-07-12T17:56:52Z</time>
   </trkpt>
   <trkpt lat="48.9277360" lon="9.0297600">
    <ele>201.8</ele>
    <time>2026-07-12T17:56:53Z</time>
   </trkpt>
   <trkpt lat="48.9276640" lon="9.0297090">
    <ele>202.1</ele>
    <time>2026-07-12T17:56:54Z</time>
   </trkpt>
   <trkpt lat="48.9275940" lon="9.0296560">
    <ele>202.3</ele>
    <time>2026-07-12T17:56:55Z</time>
   </trkpt>
   <trkpt lat="48.9275260" lon="9.0296040">
    <ele>202.6</ele>
    <time>2026-07-12T17:56:56Z</time>
   </trkpt>
   <trkpt lat="48.9274580" lon="9.0295490">
    <ele>202.9</ele>
    <time>2026-07-12T17:56:57Z</time>
   </trkpt>
   <trkpt lat="48.9273940" lon="9.0294990">
    <ele>203.2</ele>
    <time>2026-07-12T17:56:58Z</time>
   </trkpt>
   <trkpt lat="48.9273290" lon="9.0294460">
    <ele>203.5</ele>
    <time>2026-07-12T17:56:59Z</time>
   </trkpt>
   <trkpt lat="48.9272670" lon="9.0293960">
    <ele>203.8</ele>
    <time>2026-07-12T17:57:00Z</time>
   </trkpt>
   <trkpt lat="48.9272030" lon="9.0293420">
    <ele>204.1</ele>
    <time>2026-07-12T17:57:01Z</time>
   </trkpt>
   <trkpt lat="48.9271330" lon="9.0293050">
    <ele>204.3</ele>
    <time>2026-07-12T17:57:02Z</time>
   </trkpt>
   <trkpt lat="48.9270670" lon="9.0292570">
    <ele>204.2</ele>
    <time>2026-07-12T17:57:03Z</time>
   </trkpt>
   <trkpt lat="48.9270000" lon="9.0292080">
    <ele>204.0</ele>
    <time>2026-07-12T17:57:04Z</time>
   </trkpt>
   <trkpt lat="48.9269280" lon="9.0291610">
    <ele>203.8</ele>
    <time>2026-07-12T17:57:05Z</time>
   </trkpt>
   <trkpt lat="48.9268620" lon="9.0291040">
    <ele>203.6</ele>
    <time>2026-07-12T17:57:06Z</time>
   </trkpt>
   <trkpt lat="48.9267950" lon="9.0290480">
    <ele>203.2</ele>
    <time>2026-07-12T17:57:07Z</time>
   </trkpt>
   <trkpt lat="48.9267080" lon="9.0289970">
    <ele>202.9</ele>
    <time>2026-07-12T17:57:08Z</time>
   </trkpt>
   <trkpt lat="48.9266210" lon="9.0289500">
    <ele>202.5</ele>
    <time>2026-07-12T17:57:09Z</time>
   </trkpt>
   <trkpt lat="48.9265340" lon="9.0289030">
    <ele>202.3</ele>
    <time>2026-07-12T17:57:10Z</time>
   </trkpt>
   <trkpt lat="48.9264480" lon="9.0288380">
    <ele>202.1</ele>
    <time>2026-07-12T17:57:11Z</time>
   </trkpt>
   <trkpt lat="48.9263580" lon="9.0287780">
    <ele>202.1</ele>
    <time>2026-07-12T17:57:12Z</time>
   </trkpt>
   <trkpt lat="48.9262750" lon="9.0287220">
    <ele>202.0</ele>
    <time>2026-07-12T17:57:13Z</time>
   </trkpt>
   <trkpt lat="48.9261890" lon="9.0286750">
    <ele>202.0</ele>
    <time>2026-07-12T17:57:14Z</time>
   </trkpt>
   <trkpt lat="48.9261070" lon="9.0286190">
    <ele>201.9</ele>
    <time>2026-07-12T17:57:15Z</time>
   </trkpt>
   <trkpt lat="48.9260210" lon="9.0285680">
    <ele>201.8</ele>
    <time>2026-07-12T17:57:16Z</time>
   </trkpt>
   <trkpt lat="48.9259250" lon="9.0285200">
    <ele>201.7</ele>
    <time>2026-07-12T17:57:17Z</time>
   </trkpt>
   <trkpt lat="48.9258440" lon="9.0284670">
    <ele>201.6</ele>
    <time>2026-07-12T17:57:18Z</time>
   </trkpt>
   <trkpt lat="48.9257590" lon="9.0284020">
    <ele>201.5</ele>
    <time>2026-07-12T17:57:19Z</time>
   </trkpt>
   <trkpt lat="48.9256790" lon="9.0283430">
    <ele>201.3</ele>
    <time>2026-07-12T17:57:20Z</time>
   </trkpt>
   <trkpt lat="48.9255930" lon="9.0282750">
    <ele>201.1</ele>
    <time>2026-07-12T17:57:21Z</time>
   </trkpt>
   <trkpt lat="48.9255140" lon="9.0281990">
    <ele>200.9</ele>
    <time>2026-07-12T17:57:22Z</time>
   </trkpt>
   <trkpt lat="48.9254380" lon="9.0281230">
    <ele>200.7</ele>
    <time>2026-07-12T17:57:23Z</time>
   </trkpt>
   <trkpt lat="48.9253660" lon="9.0280250">
    <ele>200.4</ele>
    <time>2026-07-12T17:57:24Z</time>
   </trkpt>
   <trkpt lat="48.9252890" lon="9.0279390">
    <ele>200.2</ele>
    <time>2026-07-12T17:57:25Z</time>
   </trkpt>
   <trkpt lat="48.9252070" lon="9.0278510">
    <ele>199.9</ele>
    <time>2026-07-12T17:57:26Z</time>
   </trkpt>
   <trkpt lat="48.9251350" lon="9.0277580">
    <ele>199.5</ele>
    <time>2026-07-12T17:57:27Z</time>
   </trkpt>
   <trkpt lat="48.9250510" lon="9.0276820">
    <ele>199.1</ele>
    <time>2026-07-12T17:57:28Z</time>
   </trkpt>
   <trkpt lat="48.9249710" lon="9.0276130">
    <ele>198.8</ele>
    <time>2026-07-12T17:57:29Z</time>
   </trkpt>
   <trkpt lat="48.9248960" lon="9.0275070">
    <ele>198.5</ele>
    <time>2026-07-12T17:57:30Z</time>
   </trkpt>
   <trkpt lat="48.9248330" lon="9.0273970">
    <ele>198.5</ele>
    <time>2026-07-12T17:57:31Z</time>
   </trkpt>
   <trkpt lat="48.9247790" lon="9.0272820">
    <ele>198.7</ele>
    <time>2026-07-12T17:57:32Z</time>
   </trkpt>
   <trkpt lat="48.9247350" lon="9.0271760">
    <ele>198.9</ele>
    <time>2026-07-12T17:57:33Z</time>
   </trkpt>
   <trkpt lat="48.9246910" lon="9.0270590">
    <ele>199.1</ele>
    <time>2026-07-12T17:57:34Z</time>
   </trkpt>
   <trkpt lat="48.9246660" lon="9.0269270">
    <ele>199.3</ele>
    <time>2026-07-12T17:57:35Z</time>
   </trkpt>
   <trkpt lat="48.9246560" lon="9.0267970">
    <ele>199.3</ele>
    <time>2026-07-12T17:57:36Z</time>
   </trkpt>
   <trkpt lat="48.9246560" lon="9.0266620">
    <ele>199.3</ele>
    <time>2026-07-12T17:57:37Z</time>
   </trkpt>
   <trkpt lat="48.9246390" lon="9.0265330">
    <ele>199.3</ele>
    <time>2026-07-12T17:57:38Z</time>
   </trkpt>
   <trkpt lat="48.9246080" lon="9.0264150">
    <ele>199.4</ele>
    <time>2026-07-12T17:57:39Z</time>
   </trkpt>
   <trkpt lat="48.9245740" lon="9.0262970">
    <ele>199.4</ele>
    <time>2026-07-12T17:57:40Z</time>
   </trkpt>
   <trkpt lat="48.9245360" lon="9.0261900">
    <ele>199.5</ele>
    <time>2026-07-12T17:57:41Z</time>
   </trkpt>
   <trkpt lat="48.9244990" lon="9.0260820">
    <ele>199.6</ele>
    <time>2026-07-12T17:57:42Z</time>
   </trkpt>
   <trkpt lat="48.9244720" lon="9.0259720">
    <ele>199.6</ele>
    <time>2026-07-12T17:57:43Z</time>
   </trkpt>
   <trkpt lat="48.9244450" lon="9.0258690">
    <ele>199.7</ele>
    <time>2026-07-12T17:57:44Z</time>
   </trkpt>
   <trkpt lat="48.9244200" lon="9.0257680">
    <ele>199.7</ele>
    <time>2026-07-12T17:57:45Z</time>
   </trkpt>
   <trkpt lat="48.9243970" lon="9.0256640">
    <ele>199.8</ele>
    <time>2026-07-12T17:57:46Z</time>
   </trkpt>
   <trkpt lat="48.9243700" lon="9.0255620">
    <ele>199.8</ele>
    <time>2026-07-12T17:57:47Z</time>
   </trkpt>
   <trkpt lat="48.9243310" lon="9.0254660">
    <ele>199.8</ele>
    <time>2026-07-12T17:57:48Z</time>
   </trkpt>
   <trkpt lat="48.9242940" lon="9.0253720">
    <ele>199.7</ele>
    <time>2026-07-12T17:57:49Z</time>
   </trkpt>
   <trkpt lat="48.9242650" lon="9.0252740">
    <ele>199.5</ele>
    <time>2026-07-12T17:57:50Z</time>
   </trkpt>
   <trkpt lat="48.9242350" lon="9.0251690">
    <ele>199.3</ele>
    <time>2026-07-12T17:57:51Z</time>
   </trkpt>
   <trkpt lat="48.9242070" lon="9.0250580">
    <ele>199.1</ele>
    <time>2026-07-12T17:57:52Z</time>
   </trkpt>
   <trkpt lat="48.9241780" lon="9.0249300">
    <ele>198.9</ele>
    <time>2026-07-12T17:57:53Z</time>
   </trkpt>
   <trkpt lat="48.9241530" lon="9.0248070">
    <ele>198.8</ele>
    <time>2026-07-12T17:57:54Z</time>
   </trkpt>
   <trkpt lat="48.9241300" lon="9.0246820">
    <ele>198.7</ele>
    <time>2026-07-12T17:57:55Z</time>
   </trkpt>
   <trkpt lat="48.9241080" lon="9.0245520">
    <ele>198.6</ele>
    <time>2026-07-12T17:57:56Z</time>
   </trkpt>
   <trkpt lat="48.9240830" lon="9.0244220">
    <ele>198.6</ele>
    <time>2026-07-12T17:57:57Z</time>
   </trkpt>
   <trkpt lat="48.9240570" lon="9.0242990">
    <ele>198.7</ele>
    <time>2026-07-12T17:57:58Z</time>
   </trkpt>
   <trkpt lat="48.9240290" lon="9.0241790">
    <ele>198.7</ele>
    <time>2026-07-12T17:57:59Z</time>
   </trkpt>
   <trkpt lat="48.9240040" lon="9.0240530">
    <ele>198.8</ele>
    <time>2026-07-12T17:58:00Z</time>
   </trkpt>
   <trkpt lat="48.9239830" lon="9.0239390">
    <ele>198.9</ele>
    <time>2026-07-12T17:58:01Z</time>
   </trkpt>
   <trkpt lat="48.9239620" lon="9.0238220">
    <ele>199.0</ele>
    <time>2026-07-12T17:58:02Z</time>
   </trkpt>
   <trkpt lat="48.9239430" lon="9.0237050">
    <ele>199.0</ele>
    <time>2026-07-12T17:58:03Z</time>
   </trkpt>
   <trkpt lat="48.9239330" lon="9.0235870">
    <ele>199.0</ele>
    <time>2026-07-12T17:58:04Z</time>
   </trkpt>
   <trkpt lat="48.9239190" lon="9.0234540">
    <ele>198.9</ele>
    <time>2026-07-12T17:58:05Z</time>
   </trkpt>
   <trkpt lat="48.9239160" lon="9.0233300">
    <ele>198.9</ele>
    <time>2026-07-12T17:58:06Z</time>
   </trkpt>
   <trkpt lat="48.9239160" lon="9.0232110">
    <ele>198.8</ele>
    <time>2026-07-12T17:58:07Z</time>
   </trkpt>
   <trkpt lat="48.9239190" lon="9.0230930">
    <ele>198.7</ele>
    <time>2026-07-12T17:58:08Z</time>
   </trkpt>
   <trkpt lat="48.9239240" lon="9.0229850">
    <ele>198.7</ele>
    <time>2026-07-12T17:58:09Z</time>
   </trkpt>
   <trkpt lat="48.9239330" lon="9.0228940">
    <ele>198.6</ele>
    <time>2026-07-12T17:58:10Z</time>
   </trkpt>
   <trkpt lat="48.9239330" lon="9.0228200">
    <ele>198.6</ele>
    <time>2026-07-12T17:58:11Z</time>
   </trkpt>
   <trkpt lat="48.9239410" lon="9.0227280">
    <ele>198.5</ele>
    <time>2026-07-12T17:58:12Z</time>
   </trkpt>
   <trkpt lat="48.9239420" lon="9.0226460">
    <ele>198.5</ele>
    <time>2026-07-12T17:58:13Z</time>
   </trkpt>
   <trkpt lat="48.9239470" lon="9.0225430">
    <ele>198.4</ele>
    <time>2026-07-12T17:58:14Z</time>
   </trkpt>
   <trkpt lat="48.9239560" lon="9.0224360">
    <ele>198.3</ele>
    <time>2026-07-12T17:58:15Z</time>
   </trkpt>
   <trkpt lat="48.9239670" lon="9.0223310">
    <ele>198.3</ele>
    <time>2026-07-12T17:58:16Z</time>
   </trkpt>
   <trkpt lat="48.9239840" lon="9.0222110">
    <ele>198.4</ele>
    <time>2026-07-12T17:58:17Z</time>
   </trkpt>
   <trkpt lat="48.9239940" lon="9.0220900">
    <ele>198.4</ele>
    <time>2026-07-12T17:58:18Z</time>
   </trkpt>
   <trkpt lat="48.9240050" lon="9.0219670">
    <ele>198.4</ele>
    <time>2026-07-12T17:58:19Z</time>
   </trkpt>
   <trkpt lat="48.9240120" lon="9.0218410">
    <ele>198.5</ele>
    <time>2026-07-12T17:58:20Z</time>
   </trkpt>
   <trkpt lat="48.9240250" lon="9.0217190">
    <ele>198.5</ele>
    <time>2026-07-12T17:58:21Z</time>
   </trkpt>
   <trkpt lat="48.9240410" lon="9.0216060">
    <ele>198.6</ele>
    <time>2026-07-12T17:58:22Z</time>
   </trkpt>
   <trkpt lat="48.9240550" lon="9.0214830">
    <ele>198.5</ele>
    <time>2026-07-12T17:58:23Z</time>
   </trkpt>
   <trkpt lat="48.9240650" lon="9.0213700">
    <ele>198.5</ele>
    <time>2026-07-12T17:58:24Z</time>
   </trkpt>
   <trkpt lat="48.9240760" lon="9.0212500">
    <ele>198.5</ele>
    <time>2026-07-12T17:58:25Z</time>
   </trkpt>
   <trkpt lat="48.9240900" lon="9.0211340">
    <ele>198.5</ele>
    <time>2026-07-12T17:58:26Z</time>
   </trkpt>
   <trkpt lat="48.9241050" lon="9.0210230">
    <ele>198.4</ele>
    <time>2026-07-12T17:58:27Z</time>
   </trkpt>
   <trkpt lat="48.9241150" lon="9.0209050">
    <ele>198.4</ele>
    <time>2026-07-12T17:58:28Z</time>
   </trkpt>
   <trkpt lat="48.9241290" lon="9.0207920">
    <ele>198.4</ele>
    <time>2026-07-12T17:58:29Z</time>
   </trkpt>
   <trkpt lat="48.9241440" lon="9.0206720">
    <ele>198.4</ele>
    <time>2026-07-12T17:58:30Z</time>
   </trkpt>
   <trkpt lat="48.9241590" lon="9.0205470">
    <ele>198.4</ele>
    <time>2026-07-12T17:58:31Z</time>
   </trkpt>
   <trkpt lat="48.9241720" lon="9.0204320">
    <ele>198.4</ele>
    <time>2026-07-12T17:58:32Z</time>
   </trkpt>
   <trkpt lat="48.9241960" lon="9.0203300">
    <ele>198.4</ele>
    <time>2026-07-12T17:58:33Z</time>
   </trkpt>
   <trkpt lat="48.9242030" lon="9.0202200">
    <ele>198.4</ele>
    <time>2026-07-12T17:58:34Z</time>
   </trkpt>
   <trkpt lat="48.9242160" lon="9.0201130">
    <ele>198.4</ele>
    <time>2026-07-12T17:58:35Z</time>
   </trkpt>
   <trkpt lat="48.9242320" lon="9.0200090">
    <ele>198.4</ele>
    <time>2026-07-12T17:58:36Z</time>
   </trkpt>
   <trkpt lat="48.9242410" lon="9.0199150">
    <ele>198.5</ele>
    <time>2026-07-12T17:58:37Z</time>
   </trkpt>
   <trkpt lat="48.9242480" lon="9.0198400">
    <ele>198.6</ele>
    <time>2026-07-12T17:58:38Z</time>
   </trkpt>
   <trkpt lat="48.9242490" lon="9.0197930">
    <ele>198.6</ele>
    <time>2026-07-12T17:58:39Z</time>
   </trkpt>
   <trkpt lat="48.9242410" lon="9.0197620">
    <ele>198.6</ele>
    <time>2026-07-12T17:58:40Z</time>
   </trkpt>
   <trkpt lat="48.9242450" lon="9.0197340">
    <ele>198.6</ele>
    <time>2026-07-12T17:58:41Z</time>
   </trkpt>
   <trkpt lat="48.9242560" lon="9.0197140">
    <ele>198.6</ele>
    <time>2026-07-12T17:58:42Z</time>
   </trkpt>
   <trkpt lat="48.9242620" lon="9.0196920">
    <ele>198.6</ele>
    <time>2026-07-12T17:58:43Z</time>
   </trkpt>
   <trkpt lat="48.9242670" lon="9.0196620">
    <ele>198.7</ele>
    <time>2026-07-12T17:58:44Z</time>
   </trkpt>
   <trkpt lat="48.9242720" lon="9.0196170">
    <ele>198.7</ele>
    <time>2026-07-12T17:58:45Z</time>
   </trkpt>
   <trkpt lat="48.9242780" lon="9.0195630">
    <ele>198.7</ele>
    <time>2026-07-12T17:58:46Z</time>
   </trkpt>
   <trkpt lat="48.9242870" lon="9.0195030">
    <ele>198.7</ele>
    <time>2026-07-12T17:58:47Z</time>
   </trkpt>
   <trkpt lat="48.9243040" lon="9.0194260">
    <ele>198.6</ele>
    <time>2026-07-12T17:58:48Z</time>
   </trkpt>
   <trkpt lat="48.9243130" lon="9.0193450">
    <ele>198.6</ele>
    <time>2026-07-12T17:58:49Z</time>
   </trkpt>
   <trkpt lat="48.9243220" lon="9.0192590">
    <ele>198.6</ele>
    <time>2026-07-12T17:58:50Z</time>
   </trkpt>
   <trkpt lat="48.9243460" lon="9.0191760">
    <ele>198.5</ele>
    <time>2026-07-12T17:58:51Z</time>
   </trkpt>
   <trkpt lat="48.9243580" lon="9.0190800">
    <ele>198.5</ele>
    <time>2026-07-12T17:58:52Z</time>
   </trkpt>
   <trkpt lat="48.9243760" lon="9.0189820">
    <ele>198.5</ele>
    <time>2026-07-12T17:58:53Z</time>
   </trkpt>
   <trkpt lat="48.9243950" lon="9.0188850">
    <ele>198.5</ele>
    <time>2026-07-12T17:58:54Z</time>
   </trkpt>
   <trkpt lat="48.9244120" lon="9.0187840">
    <ele>198.5</ele>
    <time>2026-07-12T17:58:55Z</time>
   </trkpt>
   <trkpt lat="48.9244240" lon="9.0186820">
    <ele>198.5</ele>
    <time>2026-07-12T17:58:56Z</time>
   </trkpt>
   <trkpt lat="48.9244450" lon="9.0185870">
    <ele>198.5</ele>
    <time>2026-07-12T17:58:57Z</time>
   </trkpt>
   <trkpt lat="48.9244690" lon="9.0184920">
    <ele>198.5</ele>
    <time>2026-07-12T17:58:58Z</time>
   </trkpt>
   <trkpt lat="48.9244900" lon="9.0183980">
    <ele>198.5</ele>
    <time>2026-07-12T17:58:59Z</time>
   </trkpt>
   <trkpt lat="48.9245160" lon="9.0183140">
    <ele>198.4</ele>
    <time>2026-07-12T17:59:00Z</time>
   </trkpt>
   <trkpt lat="48.9245410" lon="9.0182120">
    <ele>198.3</ele>
    <time>2026-07-12T17:59:01Z</time>
   </trkpt>
   <trkpt lat="48.9245570" lon="9.0181140">
    <ele>198.2</ele>
    <time>2026-07-12T17:59:02Z</time>
   </trkpt>
   <trkpt lat="48.9245710" lon="9.0180000">
    <ele>198.1</ele>
    <time>2026-07-12T17:59:03Z</time>
   </trkpt>
   <trkpt lat="48.9245870" lon="9.0178890">
    <ele>198.0</ele>
    <time>2026-07-12T17:59:04Z</time>
   </trkpt>
   <trkpt lat="48.9246020" lon="9.0177720">
    <ele>198.0</ele>
    <time>2026-07-12T17:59:05Z</time>
   </trkpt>
   <trkpt lat="48.9246150" lon="9.0176600">
    <ele>197.9</ele>
    <time>2026-07-12T17:59:06Z</time>
   </trkpt>
   <trkpt lat="48.9246250" lon="9.0175380">
    <ele>197.9</ele>
    <time>2026-07-12T17:59:07Z</time>
   </trkpt>
   <trkpt lat="48.9246420" lon="9.0174170">
    <ele>197.8</ele>
    <time>2026-07-12T17:59:08Z</time>
   </trkpt>
   <trkpt lat="48.9246560" lon="9.0173080">
    <ele>197.8</ele>
    <time>2026-07-12T17:59:09Z</time>
   </trkpt>
   <trkpt lat="48.9246710" lon="9.0171860">
    <ele>197.8</ele>
    <time>2026-07-12T17:59:10Z</time>
   </trkpt>
   <trkpt lat="48.9246900" lon="9.0170690">
    <ele>197.8</ele>
    <time>2026-07-12T17:59:11Z</time>
   </trkpt>
   <trkpt lat="48.9247100" lon="9.0169540">
    <ele>197.8</ele>
    <time>2026-07-12T17:59:12Z</time>
   </trkpt>
   <trkpt lat="48.9247330" lon="9.0168360">
    <ele>197.8</ele>
    <time>2026-07-12T17:59:13Z</time>
   </trkpt>
   <trkpt lat="48.9247500" lon="9.0167250">
    <ele>197.8</ele>
    <time>2026-07-12T17:59:14Z</time>
   </trkpt>
   <trkpt lat="48.9247720" lon="9.0166140">
    <ele>197.9</ele>
    <time>2026-07-12T17:59:15Z</time>
   </trkpt>
   <trkpt lat="48.9247860" lon="9.0164960">
    <ele>197.9</ele>
    <time>2026-07-12T17:59:16Z</time>
   </trkpt>
   <trkpt lat="48.9248100" lon="9.0163750">
    <ele>198.0</ele>
    <time>2026-07-12T17:59:17Z</time>
   </trkpt>
   <trkpt lat="48.9248300" lon="9.0162630">
    <ele>198.0</ele>
    <time>2026-07-12T17:59:18Z</time>
   </trkpt>
   <trkpt lat="48.9248420" lon="9.0161540">
    <ele>198.0</ele>
    <time>2026-07-12T17:59:19Z</time>
   </trkpt>
   <trkpt lat="48.9248630" lon="9.0160500">
    <ele>197.9</ele>
    <time>2026-07-12T17:59:20Z</time>
   </trkpt>
   <trkpt lat="48.9249040" lon="9.0159510">
    <ele>197.8</ele>
    <time>2026-07-12T17:59:21Z</time>
   </trkpt>
   <trkpt lat="48.9249260" lon="9.0158490">
    <ele>197.7</ele>
    <time>2026-07-12T17:59:22Z</time>
   </trkpt>
   <trkpt lat="48.9249530" lon="9.0157390">
    <ele>197.6</ele>
    <time>2026-07-12T17:59:23Z</time>
   </trkpt>
   <trkpt lat="48.9249760" lon="9.0156290">
    <ele>197.6</ele>
    <time>2026-07-12T17:59:24Z</time>
   </trkpt>
   <trkpt lat="48.9249970" lon="9.0155100">
    <ele>197.6</ele>
    <time>2026-07-12T17:59:25Z</time>
   </trkpt>
   <trkpt lat="48.9250160" lon="9.0154080">
    <ele>197.6</ele>
    <time>2026-07-12T17:59:26Z</time>
   </trkpt>
   <trkpt lat="48.9250340" lon="9.0152950">
    <ele>197.6</ele>
    <time>2026-07-12T17:59:27Z</time>
   </trkpt>
   <trkpt lat="48.9250560" lon="9.0151850">
    <ele>197.6</ele>
    <time>2026-07-12T17:59:28Z</time>
   </trkpt>
   <trkpt lat="48.9250860" lon="9.0150840">
    <ele>197.6</ele>
    <time>2026-07-12T17:59:29Z</time>
   </trkpt>
   <trkpt lat="48.9251010" lon="9.0149630">
    <ele>197.6</ele>
    <time>2026-07-12T17:59:30Z</time>
   </trkpt>
   <trkpt lat="48.9251220" lon="9.0148540">
    <ele>197.5</ele>
    <time>2026-07-12T17:59:31Z</time>
   </trkpt>
   <trkpt lat="48.9251390" lon="9.0147440">
    <ele>197.5</ele>
    <time>2026-07-12T17:59:32Z</time>
   </trkpt>
   <trkpt lat="48.9251760" lon="9.0146350">
    <ele>197.5</ele>
    <time>2026-07-12T17:59:33Z</time>
   </trkpt>
   <trkpt lat="48.9252040" lon="9.0145230">
    <ele>197.5</ele>
    <time>2026-07-12T17:59:34Z</time>
   </trkpt>
   <trkpt lat="48.9252360" lon="9.0144090">
    <ele>197.5</ele>
    <time>2026-07-12T17:59:35Z</time>
   </trkpt>
   <trkpt lat="48.9252740" lon="9.0143100">
    <ele>197.5</ele>
    <time>2026-07-12T17:59:36Z</time>
   </trkpt>
   <trkpt lat="48.9253060" lon="9.0142030">
    <ele>197.6</ele>
    <time>2026-07-12T17:59:37Z</time>
   </trkpt>
   <trkpt lat="48.9253490" lon="9.0141040">
    <ele>197.7</ele>
    <time>2026-07-12T17:59:38Z</time>
   </trkpt>
   <trkpt lat="48.9253930" lon="9.0140210">
    <ele>197.9</ele>
    <time>2026-07-12T17:59:39Z</time>
   </trkpt>
   <trkpt lat="48.9254270" lon="9.0139220">
    <ele>198.1</ele>
    <time>2026-07-12T17:59:40Z</time>
   </trkpt>
   <trkpt lat="48.9254610" lon="9.0138090">
    <ele>198.4</ele>
    <time>2026-07-12T17:59:41Z</time>
   </trkpt>
   <trkpt lat="48.9254950" lon="9.0137190">
    <ele>198.7</ele>
    <time>2026-07-12T17:59:42Z</time>
   </trkpt>
   <trkpt lat="48.9255260" lon="9.0136360">
    <ele>198.9</ele>
    <time>2026-07-12T17:59:43Z</time>
   </trkpt>
   <trkpt lat="48.9255540" lon="9.0135470">
    <ele>199.2</ele>
    <time>2026-07-12T17:59:44Z</time>
   </trkpt>
   <trkpt lat="48.9255820" lon="9.0134680">
    <ele>199.5</ele>
    <time>2026-07-12T17:59:45Z</time>
   </trkpt>
   <trkpt lat="48.9256200" lon="9.0133980">
    <ele>199.8</ele>
    <time>2026-07-12T17:59:46Z</time>
   </trkpt>
   <trkpt lat="48.9256470" lon="9.0133190">
    <ele>200.1</ele>
    <time>2026-07-12T17:59:47Z</time>
   </trkpt>
   <trkpt lat="48.9256760" lon="9.0132370">
    <ele>200.4</ele>
    <time>2026-07-12T17:59:48Z</time>
   </trkpt>
   <trkpt lat="48.9257100" lon="9.0131590">
    <ele>200.7</ele>
    <time>2026-07-12T17:59:49Z</time>
   </trkpt>
   <trkpt lat="48.9257350" lon="9.0130870">
    <ele>201.0</ele>
    <time>2026-07-12T17:59:50Z</time>
   </trkpt>
   <trkpt lat="48.9257560" lon="9.0130110">
    <ele>201.3</ele>
    <time>2026-07-12T17:59:51Z</time>
   </trkpt>
   <trkpt lat="48.9257850" lon="9.0129310">
    <ele>201.5</ele>
    <time>2026-07-12T17:59:52Z</time>
   </trkpt>
   <trkpt lat="48.9258070" lon="9.0128460">
    <ele>201.8</ele>
    <time>2026-07-12T17:59:53Z</time>
   </trkpt>
   <trkpt lat="48.9258300" lon="9.0127760">
    <ele>201.9</ele>
    <time>2026-07-12T17:59:54Z</time>
   </trkpt>
   <trkpt lat="48.9258560" lon="9.0126950">
    <ele>202.1</ele>
    <time>2026-07-12T17:59:55Z</time>
   </trkpt>
   <trkpt lat="48.9258890" lon="9.0126350">
    <ele>202.3</ele>
    <time>2026-07-12T17:59:56Z</time>
   </trkpt>
   <trkpt lat="48.9259130" lon="9.0125440">
    <ele>202.6</ele>
    <time>2026-07-12T17:59:57Z</time>
   </trkpt>
   <trkpt lat="48.9259410" lon="9.0124710">
    <ele>202.7</ele>
    <time>2026-07-12T17:59:58Z</time>
   </trkpt>
   <trkpt lat="48.9259650" lon="9.0124000">
    <ele>202.9</ele>
    <time>2026-07-12T17:59:59Z</time>
   </trkpt>
   <trkpt lat="48.9259880" lon="9.0123180">
    <ele>203.1</ele>
    <time>2026-07-12T18:00:00Z</time>
   </trkpt>
   <trkpt lat="48.9260150" lon="9.0122370">
    <ele>203.3</ele>
    <time>2026-07-12T18:00:01Z</time>
   </trkpt>
   <trkpt lat="48.9260400" lon="9.0121570">
    <ele>203.4</ele>
    <time>2026-07-12T18:00:02Z</time>
   </trkpt>
   <trkpt lat="48.9260620" lon="9.0120770">
    <ele>203.5</ele>
    <time>2026-07-12T18:00:03Z</time>
   </trkpt>
   <trkpt lat="48.9260870" lon="9.0120030">
    <ele>203.5</ele>
    <time>2026-07-12T18:00:04Z</time>
   </trkpt>
   <trkpt lat="48.9261040" lon="9.0119320">
    <ele>203.4</ele>
    <time>2026-07-12T18:00:05Z</time>
   </trkpt>
   <trkpt lat="48.9261270" lon="9.0118610">
    <ele>203.2</ele>
    <time>2026-07-12T18:00:06Z</time>
   </trkpt>
   <trkpt lat="48.9261490" lon="9.0117790">
    <ele>203.0</ele>
    <time>2026-07-12T18:00:07Z</time>
   </trkpt>
   <trkpt lat="48.9261730" lon="9.0116890">
    <ele>202.5</ele>
    <time>2026-07-12T18:00:08Z</time>
   </trkpt>
   <trkpt lat="48.9261890" lon="9.0115860">
    <ele>202.0</ele>
    <time>2026-07-12T18:00:09Z</time>
   </trkpt>
   <trkpt lat="48.9262050" lon="9.0114970">
    <ele>201.5</ele>
    <time>2026-07-12T18:00:10Z</time>
   </trkpt>
   <trkpt lat="48.9262290" lon="9.0113830">
    <ele>200.8</ele>
    <time>2026-07-12T18:00:11Z</time>
   </trkpt>
   <trkpt lat="48.9262440" lon="9.0112580">
    <ele>200.0</ele>
    <time>2026-07-12T18:00:12Z</time>
   </trkpt>
   <trkpt lat="48.9262610" lon="9.0111220">
    <ele>199.4</ele>
    <time>2026-07-12T18:00:13Z</time>
   </trkpt>
   <trkpt lat="48.9262760" lon="9.0109660">
    <ele>198.8</ele>
    <time>2026-07-12T18:00:14Z</time>
   </trkpt>
   <trkpt lat="48.9262910" lon="9.0108270">
    <ele>198.4</ele>
    <time>2026-07-12T18:00:15Z</time>
   </trkpt>
   <trkpt lat="48.9263290" lon="9.0106910">
    <ele>198.1</ele>
    <time>2026-07-12T18:00:16Z</time>
   </trkpt>
   <trkpt lat="48.9263580" lon="9.0105470">
    <ele>197.9</ele>
    <time>2026-07-12T18:00:17Z</time>
   </trkpt>
   <trkpt lat="48.9263820" lon="9.0104080">
    <ele>197.8</ele>
    <time>2026-07-12T18:00:18Z</time>
   </trkpt>
   <trkpt lat="48.9263990" lon="9.0102680">
    <ele>197.8</ele>
    <time>2026-07-12T18:00:19Z</time>
   </trkpt>
   <trkpt lat="48.9264170" lon="9.0101310">
    <ele>197.8</ele>
    <time>2026-07-12T18:00:20Z</time>
   </trkpt>
   <trkpt lat="48.9264380" lon="9.0100050">
    <ele>197.8</ele>
    <time>2026-07-12T18:00:21Z</time>
   </trkpt>
   <trkpt lat="48.9264600" lon="9.0098850">
    <ele>197.9</ele>
    <time>2026-07-12T18:00:22Z</time>
   </trkpt>
   <trkpt lat="48.9264790" lon="9.0097580">
    <ele>198.0</ele>
    <time>2026-07-12T18:00:23Z</time>
   </trkpt>
   <trkpt lat="48.9265000" lon="9.0096370">
    <ele>198.1</ele>
    <time>2026-07-12T18:00:24Z</time>
   </trkpt>
   <trkpt lat="48.9265200" lon="9.0095100">
    <ele>198.3</ele>
    <time>2026-07-12T18:00:25Z</time>
   </trkpt>
   <trkpt lat="48.9265450" lon="9.0094170">
    <ele>198.5</ele>
    <time>2026-07-12T18:00:26Z</time>
   </trkpt>
   <trkpt lat="48.9265660" lon="9.0093010">
    <ele>198.7</ele>
    <time>2026-07-12T18:00:27Z</time>
   </trkpt>
   <trkpt lat="48.9265860" lon="9.0091920">
    <ele>199.0</ele>
    <time>2026-07-12T18:00:28Z</time>
   </trkpt>
   <trkpt lat="48.9266080" lon="9.0090790">
    <ele>199.3</ele>
    <time>2026-07-12T18:00:29Z</time>
   </trkpt>
   <trkpt lat="48.9266210" lon="9.0089770">
    <ele>199.7</ele>
    <time>2026-07-12T18:00:30Z</time>
   </trkpt>
   <trkpt lat="48.9266400" lon="9.0088740">
    <ele>200.1</ele>
    <time>2026-07-12T18:00:31Z</time>
   </trkpt>
   <trkpt lat="48.9266630" lon="9.0087650">
    <ele>200.5</ele>
    <time>2026-07-12T18:00:32Z</time>
   </trkpt>
   <trkpt lat="48.9266840" lon="9.0086710">
    <ele>200.9</ele>
    <time>2026-07-12T18:00:33Z</time>
   </trkpt>
   <trkpt lat="48.9267000" lon="9.0085850">
    <ele>201.2</ele>
    <time>2026-07-12T18:00:34Z</time>
   </trkpt>
   <trkpt lat="48.9267170" lon="9.0085000">
    <ele>201.6</ele>
    <time>2026-07-12T18:00:35Z</time>
   </trkpt>
   <trkpt lat="48.9267380" lon="9.0084240">
    <ele>201.8</ele>
    <time>2026-07-12T18:00:36Z</time>
   </trkpt>
   <trkpt lat="48.9267690" lon="9.0083470">
    <ele>202.0</ele>
    <time>2026-07-12T18:00:37Z</time>
   </trkpt>
   <trkpt lat="48.9267710" lon="9.0082630">
    <ele>202.1</ele>
    <time>2026-07-12T18:00:38Z</time>
   </trkpt>
   <trkpt lat="48.9267610" lon="9.0081750">
    <ele>202.1</ele>
    <time>2026-07-12T18:00:39Z</time>
   </trkpt>
   <trkpt lat="48.9267580" lon="9.0080890">
    <ele>202.0</ele>
    <time>2026-07-12T18:00:40Z</time>
   </trkpt>
   <trkpt lat="48.9267590" lon="9.0079870">
    <ele>201.9</ele>
    <time>2026-07-12T18:00:41Z</time>
   </trkpt>
   <trkpt lat="48.9267510" lon="9.0078670">
    <ele>201.7</ele>
    <time>2026-07-12T18:00:42Z</time>
   </trkpt>
   <trkpt lat="48.9267410" lon="9.0077420">
    <ele>201.6</ele>
    <time>2026-07-12T18:00:43Z</time>
   </trkpt>
   <trkpt lat="48.9267250" lon="9.0076260">
    <ele>201.4</ele>
    <time>2026-07-12T18:00:44Z</time>
   </trkpt>
   <trkpt lat="48.9266890" lon="9.0075090">
    <ele>201.3</ele>
    <time>2026-07-12T18:00:45Z</time>
   </trkpt>
   <trkpt lat="48.9266540" lon="9.0073960">
    <ele>201.2</ele>
    <time>2026-07-12T18:00:46Z</time>
   </trkpt>
   <trkpt lat="48.9266080" lon="9.0072880">
    <ele>201.1</ele>
    <time>2026-07-12T18:00:47Z</time>
   </trkpt>
   <trkpt lat="48.9265600" lon="9.0071790">
    <ele>201.0</ele>
    <time>2026-07-12T18:00:48Z</time>
   </trkpt>
   <trkpt lat="48.9265170" lon="9.0070680">
    <ele>200.9</ele>
    <time>2026-07-12T18:00:49Z</time>
   </trkpt>
   <trkpt lat="48.9264740" lon="9.0069510">
    <ele>200.8</ele>
    <time>2026-07-12T18:00:50Z</time>
   </trkpt>
   <trkpt lat="48.9264320" lon="9.0068370">
    <ele>200.8</ele>
    <time>2026-07-12T18:00:51Z</time>
   </trkpt>
   <trkpt lat="48.9263950" lon="9.0067230">
    <ele>200.7</ele>
    <time>2026-07-12T18:00:52Z</time>
   </trkpt>
   <trkpt lat="48.9263490" lon="9.0066110">
    <ele>200.6</ele>
    <time>2026-07-12T18:00:53Z</time>
   </trkpt>
   <trkpt lat="48.9263100" lon="9.0064980">
    <ele>200.5</ele>
    <time>2026-07-12T18:00:54Z</time>
   </trkpt>
   <trkpt lat="48.9262650" lon="9.0063830">
    <ele>200.4</ele>
    <time>2026-07-12T18:00:55Z</time>
   </trkpt>
   <trkpt lat="48.9262230" lon="9.0062650">
    <ele>200.3</ele>
    <time>2026-07-12T18:00:56Z</time>
   </trkpt>
   <trkpt lat="48.9261730" lon="9.0061530">
    <ele>200.3</ele>
    <time>2026-07-12T18:00:57Z</time>
   </trkpt>
   <trkpt lat="48.9261310" lon="9.0060410">
    <ele>200.2</ele>
    <time>2026-07-12T18:00:58Z</time>
   </trkpt>
   <trkpt lat="48.9260880" lon="9.0059340">
    <ele>200.1</ele>
    <time>2026-07-12T18:00:59Z</time>
   </trkpt>
   <trkpt lat="48.9260440" lon="9.0058290">
    <ele>200.1</ele>
    <time>2026-07-12T18:01:00Z</time>
   </trkpt>
   <trkpt lat="48.9259990" lon="9.0057250">
    <ele>200.0</ele>
    <time>2026-07-12T18:01:01Z</time>
   </trkpt>
   <trkpt lat="48.9259570" lon="9.0056160">
    <ele>200.0</ele>
    <time>2026-07-12T18:01:02Z</time>
   </trkpt>
   <trkpt lat="48.9259140" lon="9.0055090">
    <ele>199.9</ele>
    <time>2026-07-12T18:01:03Z</time>
   </trkpt>
   <trkpt lat="48.9258820" lon="9.0054010">
    <ele>199.9</ele>
    <time>2026-07-12T18:01:04Z</time>
   </trkpt>
   <trkpt lat="48.9258510" lon="9.0052850">
    <ele>199.8</ele>
    <time>2026-07-12T18:01:05Z</time>
   </trkpt>
   <trkpt lat="48.9258230" lon="9.0051590">
    <ele>199.7</ele>
    <time>2026-07-12T18:01:06Z</time>
   </trkpt>
   <trkpt lat="48.9257970" lon="9.0050390">
    <ele>199.6</ele>
    <time>2026-07-12T18:01:07Z</time>
   </trkpt>
   <trkpt lat="48.9257760" lon="9.0049150">
    <ele>199.6</ele>
    <time>2026-07-12T18:01:08Z</time>
   </trkpt>
   <trkpt lat="48.9257520" lon="9.0047910">
    <ele>199.6</ele>
    <time>2026-07-12T18:01:09Z</time>
   </trkpt>
   <trkpt lat="48.9257260" lon="9.0046730">
    <ele>199.6</ele>
    <time>2026-07-12T18:01:10Z</time>
   </trkpt>
   <trkpt lat="48.9256990" lon="9.0045460">
    <ele>199.6</ele>
    <time>2026-07-12T18:01:11Z</time>
   </trkpt>
   <trkpt lat="48.9256760" lon="9.0044200">
    <ele>199.6</ele>
    <time>2026-07-12T18:01:12Z</time>
   </trkpt>
   <trkpt lat="48.9256500" lon="9.0043000">
    <ele>199.6</ele>
    <time>2026-07-12T18:01:13Z</time>
   </trkpt>
   <trkpt lat="48.9256270" lon="9.0041800">
    <ele>199.7</ele>
    <time>2026-07-12T18:01:14Z</time>
   </trkpt>
   <trkpt lat="48.9256040" lon="9.0040620">
    <ele>199.7</ele>
    <time>2026-07-12T18:01:15Z</time>
   </trkpt>
   <trkpt lat="48.9255800" lon="9.0039450">
    <ele>199.8</ele>
    <time>2026-07-12T18:01:16Z</time>
   </trkpt>
   <trkpt lat="48.9255540" lon="9.0038270">
    <ele>199.9</ele>
    <time>2026-07-12T18:01:17Z</time>
   </trkpt>
   <trkpt lat="48.9255320" lon="9.0037090">
    <ele>200.0</ele>
    <time>2026-07-12T18:01:18Z</time>
   </trkpt>
   <trkpt lat="48.9255110" lon="9.0035940">
    <ele>200.2</ele>
    <time>2026-07-12T18:01:19Z</time>
   </trkpt>
   <trkpt lat="48.9254870" lon="9.0034780">
    <ele>200.4</ele>
    <time>2026-07-12T18:01:20Z</time>
   </trkpt>
   <trkpt lat="48.9254630" lon="9.0033630">
    <ele>200.6</ele>
    <time>2026-07-12T18:01:21Z</time>
   </trkpt>
   <trkpt lat="48.9254390" lon="9.0032450">
    <ele>200.8</ele>
    <time>2026-07-12T18:01:22Z</time>
   </trkpt>
   <trkpt lat="48.9254110" lon="9.0031290">
    <ele>201.0</ele>
    <time>2026-07-12T18:01:23Z</time>
   </trkpt>
   <trkpt lat="48.9253890" lon="9.0030190">
    <ele>201.2</ele>
    <time>2026-07-12T18:01:24Z</time>
   </trkpt>
   <trkpt lat="48.9253680" lon="9.0029040">
    <ele>201.4</ele>
    <time>2026-07-12T18:01:25Z</time>
   </trkpt>
   <trkpt lat="48.9253440" lon="9.0027950">
    <ele>201.6</ele>
    <time>2026-07-12T18:01:26Z</time>
   </trkpt>
   <trkpt lat="48.9253230" lon="9.0026870">
    <ele>201.8</ele>
    <time>2026-07-12T18:01:27Z</time>
   </trkpt>
   <trkpt lat="48.9253030" lon="9.0025820">
    <ele>202.0</ele>
    <time>2026-07-12T18:01:28Z</time>
   </trkpt>
   <trkpt lat="48.9252890" lon="9.0024740">
    <ele>202.2</ele>
    <time>2026-07-12T18:01:29Z</time>
   </trkpt>
   <trkpt lat="48.9252880" lon="9.0023670">
    <ele>202.3</ele>
    <time>2026-07-12T18:01:30Z</time>
   </trkpt>
   <trkpt lat="48.9252950" lon="9.0022630">
    <ele>202.5</ele>
    <time>2026-07-12T18:01:31Z</time>
   </trkpt>
   <trkpt lat="48.9253120" lon="9.0021600">
    <ele>202.6</ele>
    <time>2026-07-12T18:01:32Z</time>
   </trkpt>
   <trkpt lat="48.9253180" lon="9.0020510">
    <ele>202.7</ele>
    <time>2026-07-12T18:01:33Z</time>
   </trkpt>
   <trkpt lat="48.9253110" lon="9.0019420">
    <ele>202.7</ele>
    <time>2026-07-12T18:01:34Z</time>
   </trkpt>
   <trkpt lat="48.9253000" lon="9.0018310">
    <ele>202.8</ele>
    <time>2026-07-12T18:01:35Z</time>
   </trkpt>
   <trkpt lat="48.9252900" lon="9.0017230">
    <ele>202.8</ele>
    <time>2026-07-12T18:01:36Z</time>
   </trkpt>
   <trkpt lat="48.9252770" lon="9.0016200">
    <ele>202.9</ele>
    <time>2026-07-12T18:01:37Z</time>
   </trkpt>
   <trkpt lat="48.9252650" lon="9.0015170">
    <ele>202.9</ele>
    <time>2026-07-12T18:01:38Z</time>
   </trkpt>
   <trkpt lat="48.9252510" lon="9.0014090">
    <ele>202.9</ele>
    <time>2026-07-12T18:01:39Z</time>
   </trkpt>
   <trkpt lat="48.9252380" lon="9.0013000">
    <ele>203.0</ele>
    <time>2026-07-12T18:01:40Z</time>
   </trkpt>
   <trkpt lat="48.9252240" lon="9.0011930">
    <ele>203.0</ele>
    <time>2026-07-12T18:01:41Z</time>
   </trkpt>
   <trkpt lat="48.9252080" lon="9.0010830">
    <ele>203.0</ele>
    <time>2026-07-12T18:01:42Z</time>
   </trkpt>
   <trkpt lat="48.9252050" lon="9.0009730">
    <ele>203.0</ele>
    <time>2026-07-12T18:01:43Z</time>
   </trkpt>
   <trkpt lat="48.9251870" lon="9.0008740">
    <ele>203.1</ele>
    <time>2026-07-12T18:01:44Z</time>
   </trkpt>
   <trkpt lat="48.9251690" lon="9.0007690">
    <ele>203.1</ele>
    <time>2026-07-12T18:01:45Z</time>
   </trkpt>
   <trkpt lat="48.9251470" lon="9.0006670">
    <ele>203.2</ele>
    <time>2026-07-12T18:01:46Z</time>
   </trkpt>
   <trkpt lat="48.9251200" lon="9.0005690">
    <ele>203.2</ele>
    <time>2026-07-12T18:01:47Z</time>
   </trkpt>
   <trkpt lat="48.9250880" lon="9.0004780">
    <ele>203.4</ele>
    <time>2026-07-12T18:01:48Z</time>
   </trkpt>
   <trkpt lat="48.9250530" lon="9.0003890">
    <ele>203.5</ele>
    <time>2026-07-12T18:01:49Z</time>
   </trkpt>
   <trkpt lat="48.9250160" lon="9.0002990">
    <ele>203.6</ele>
    <time>2026-07-12T18:01:50Z</time>
   </trkpt>
   <trkpt lat="48.9249780" lon="9.0002120">
    <ele>203.7</ele>
    <time>2026-07-12T18:01:51Z</time>
   </trkpt>
   <trkpt lat="48.9249430" lon="9.0001270">
    <ele>203.8</ele>
    <time>2026-07-12T18:01:52Z</time>
   </trkpt>
   <trkpt lat="48.9249040" lon="9.0000400">
    <ele>204.0</ele>
    <time>2026-07-12T18:01:53Z</time>
   </trkpt>
   <trkpt lat="48.9248680" lon="8.9999540">
    <ele>204.1</ele>
    <time>2026-07-12T18:01:54Z</time>
   </trkpt>
   <trkpt lat="48.9248310" lon="8.9998660">
    <ele>204.2</ele>
    <time>2026-07-12T18:01:55Z</time>
   </trkpt>
   <trkpt lat="48.9247940" lon="8.9997830">
    <ele>204.4</ele>
    <time>2026-07-12T18:01:56Z</time>
   </trkpt>
   <trkpt lat="48.9247560" lon="8.9996920">
    <ele>204.5</ele>
    <time>2026-07-12T18:01:57Z</time>
   </trkpt>
   <trkpt lat="48.9247260" lon="8.9996080">
    <ele>204.6</ele>
    <time>2026-07-12T18:01:58Z</time>
   </trkpt>
   <trkpt lat="48.9246820" lon="8.9995310">
    <ele>204.7</ele>
    <time>2026-07-12T18:01:59Z</time>
   </trkpt>
   <trkpt lat="48.9246360" lon="8.9994620">
    <ele>204.7</ele>
    <time>2026-07-12T18:02:00Z</time>
   </trkpt>
   <trkpt lat="48.9245860" lon="8.9993940">
    <ele>204.8</ele>
    <time>2026-07-12T18:02:01Z</time>
   </trkpt>
   <trkpt lat="48.9245350" lon="8.9993270">
    <ele>204.8</ele>
    <time>2026-07-12T18:02:02Z</time>
   </trkpt>
   <trkpt lat="48.9244850" lon="8.9992610">
    <ele>204.8</ele>
    <time>2026-07-12T18:02:03Z</time>
   </trkpt>
   <trkpt lat="48.9244290" lon="8.9991980">
    <ele>204.8</ele>
    <time>2026-07-12T18:02:04Z</time>
   </trkpt>
   <trkpt lat="48.9243740" lon="8.9991340">
    <ele>204.8</ele>
    <time>2026-07-12T18:02:05Z</time>
   </trkpt>
   <trkpt lat="48.9243190" lon="8.9990630">
    <ele>204.8</ele>
    <time>2026-07-12T18:02:06Z</time>
   </trkpt>
   <trkpt lat="48.9242640" lon="8.9989950">
    <ele>204.7</ele>
    <time>2026-07-12T18:02:07Z</time>
   </trkpt>
   <trkpt lat="48.9242020" lon="8.9989250">
    <ele>204.7</ele>
    <time>2026-07-12T18:02:08Z</time>
   </trkpt>
   <trkpt lat="48.9241420" lon="8.9988550">
    <ele>204.7</ele>
    <time>2026-07-12T18:02:09Z</time>
   </trkpt>
   <trkpt lat="48.9240810" lon="8.9987820">
    <ele>204.7</ele>
    <time>2026-07-12T18:02:10Z</time>
   </trkpt>
   <trkpt lat="48.9240250" lon="8.9987040">
    <ele>204.6</ele>
    <time>2026-07-12T18:02:11Z</time>
   </trkpt>
   <trkpt lat="48.9239670" lon="8.9986300">
    <ele>204.6</ele>
    <time>2026-07-12T18:02:12Z</time>
   </trkpt>
   <trkpt lat="48.9239050" lon="8.9985570">
    <ele>204.5</ele>
    <time>2026-07-12T18:02:13Z</time>
   </trkpt>
   <trkpt lat="48.9238440" lon="8.9984800">
    <ele>204.5</ele>
    <time>2026-07-12T18:02:14Z</time>
   </trkpt>
   <trkpt lat="48.9237800" lon="8.9984040">
    <ele>204.5</ele>
    <time>2026-07-12T18:02:15Z</time>
   </trkpt>
   <trkpt lat="48.9237210" lon="8.9983280">
    <ele>204.4</ele>
    <time>2026-07-12T18:02:16Z</time>
   </trkpt>
   <trkpt lat="48.9236620" lon="8.9982500">
    <ele>204.4</ele>
    <time>2026-07-12T18:02:17Z</time>
   </trkpt>
   <trkpt lat="48.9236070" lon="8.9981670">
    <ele>204.4</ele>
    <time>2026-07-12T18:02:18Z</time>
   </trkpt>
   <trkpt lat="48.9235490" lon="8.9980850">
    <ele>204.3</ele>
    <time>2026-07-12T18:02:19Z</time>
   </trkpt>
   <trkpt lat="48.9234900" lon="8.9980060">
    <ele>204.3</ele>
    <time>2026-07-12T18:02:20Z</time>
   </trkpt>
   <trkpt lat="48.9234410" lon="8.9979120">
    <ele>204.3</ele>
    <time>2026-07-12T18:02:21Z</time>
   </trkpt>
   <trkpt lat="48.9233890" lon="8.9978240">
    <ele>204.3</ele>
    <time>2026-07-12T18:02:22Z</time>
   </trkpt>
   <trkpt lat="48.9233330" lon="8.9977370">
    <ele>204.3</ele>
    <time>2026-07-12T18:02:23Z</time>
   </trkpt>
   <trkpt lat="48.9232880" lon="8.9976440">
    <ele>204.3</ele>
    <time>2026-07-12T18:02:24Z</time>
   </trkpt>
   <trkpt lat="48.9232360" lon="8.9975500">
    <ele>204.3</ele>
    <time>2026-07-12T18:02:25Z</time>
   </trkpt>
   <trkpt lat="48.9231850" lon="8.9974520">
    <ele>204.3</ele>
    <time>2026-07-12T18:02:26Z</time>
   </trkpt>
   <trkpt lat="48.9231380" lon="8.9973540">
    <ele>204.3</ele>
    <time>2026-07-12T18:02:27Z</time>
   </trkpt>
   <trkpt lat="48.9230940" lon="8.9972540">
    <ele>204.3</ele>
    <time>2026-07-12T18:02:28Z</time>
   </trkpt>
   <trkpt lat="48.9230520" lon="8.9971580">
    <ele>204.3</ele>
    <time>2026-07-12T18:02:29Z</time>
   </trkpt>
   <trkpt lat="48.9230100" lon="8.9970660">
    <ele>204.3</ele>
    <time>2026-07-12T18:02:30Z</time>
   </trkpt>
   <trkpt lat="48.9229710" lon="8.9969660">
    <ele>204.4</ele>
    <time>2026-07-12T18:02:31Z</time>
   </trkpt>
   <trkpt lat="48.9229360" lon="8.9968680">
    <ele>204.4</ele>
    <time>2026-07-12T18:02:32Z</time>
   </trkpt>
   <trkpt lat="48.9228920" lon="8.9967710">
    <ele>204.4</ele>
    <time>2026-07-12T18:02:33Z</time>
   </trkpt>
   <trkpt lat="48.9228500" lon="8.9966710">
    <ele>204.4</ele>
    <time>2026-07-12T18:02:34Z</time>
   </trkpt>
   <trkpt lat="48.9228070" lon="8.9965730">
    <ele>204.4</ele>
    <time>2026-07-12T18:02:35Z</time>
   </trkpt>
   <trkpt lat="48.9227660" lon="8.9964740">
    <ele>204.4</ele>
    <time>2026-07-12T18:02:36Z</time>
   </trkpt>
   <trkpt lat="48.9227220" lon="8.9963790">
    <ele>204.4</ele>
    <time>2026-07-12T18:02:37Z</time>
   </trkpt>
   <trkpt lat="48.9226780" lon="8.9962880">
    <ele>204.3</ele>
    <time>2026-07-12T18:02:38Z</time>
   </trkpt>
   <trkpt lat="48.9226350" lon="8.9961910">
    <ele>204.3</ele>
    <time>2026-07-12T18:02:39Z</time>
   </trkpt>
   <trkpt lat="48.9225870" lon="8.9960950">
    <ele>204.2</ele>
    <time>2026-07-12T18:02:40Z</time>
   </trkpt>
   <trkpt lat="48.9225370" lon="8.9960040">
    <ele>204.0</ele>
    <time>2026-07-12T18:02:41Z</time>
   </trkpt>
   <trkpt lat="48.9224850" lon="8.9959190">
    <ele>203.9</ele>
    <time>2026-07-12T18:02:42Z</time>
   </trkpt>
   <trkpt lat="48.9224310" lon="8.9958290">
    <ele>203.8</ele>
    <time>2026-07-12T18:02:43Z</time>
   </trkpt>
   <trkpt lat="48.9223710" lon="8.9957420">
    <ele>203.6</ele>
    <time>2026-07-12T18:02:44Z</time>
   </trkpt>
   <trkpt lat="48.9223130" lon="8.9956550">
    <ele>203.4</ele>
    <time>2026-07-12T18:02:45Z</time>
   </trkpt>
   <trkpt lat="48.9222540" lon="8.9955650">
    <ele>203.2</ele>
    <time>2026-07-12T18:02:46Z</time>
   </trkpt>
   <trkpt lat="48.9221930" lon="8.9954770">
    <ele>202.9</ele>
    <time>2026-07-12T18:02:47Z</time>
   </trkpt>
   <trkpt lat="48.9221310" lon="8.9953880">
    <ele>202.7</ele>
    <time>2026-07-12T18:02:48Z</time>
   </trkpt>
   <trkpt lat="48.9220720" lon="8.9952940">
    <ele>202.5</ele>
    <time>2026-07-12T18:02:49Z</time>
   </trkpt>
   <trkpt lat="48.9220100" lon="8.9952040">
    <ele>202.3</ele>
    <time>2026-07-12T18:02:50Z</time>
   </trkpt>
   <trkpt lat="48.9219550" lon="8.9951120">
    <ele>202.1</ele>
    <time>2026-07-12T18:02:51Z</time>
   </trkpt>
   <trkpt lat="48.9219000" lon="8.9950060">
    <ele>201.9</ele>
    <time>2026-07-12T18:02:52Z</time>
   </trkpt>
   <trkpt lat="48.9218500" lon="8.9949050">
    <ele>201.7</ele>
    <time>2026-07-12T18:02:53Z</time>
   </trkpt>
   <trkpt lat="48.9217980" lon="8.9947990">
    <ele>201.5</ele>
    <time>2026-07-12T18:02:54Z</time>
   </trkpt>
   <trkpt lat="48.9217490" lon="8.9946870">
    <ele>201.4</ele>
    <time>2026-07-12T18:02:55Z</time>
   </trkpt>
   <trkpt lat="48.9216990" lon="8.9945790">
    <ele>201.3</ele>
    <time>2026-07-12T18:02:56Z</time>
   </trkpt>
   <trkpt lat="48.9216450" lon="8.9944730">
    <ele>201.2</ele>
    <time>2026-07-12T18:02:57Z</time>
   </trkpt>
   <trkpt lat="48.9216010" lon="8.9943690">
    <ele>201.2</ele>
    <time>2026-07-12T18:02:58Z</time>
   </trkpt>
   <trkpt lat="48.9215580" lon="8.9942580">
    <ele>201.2</ele>
    <time>2026-07-12T18:02:59Z</time>
   </trkpt>
   <trkpt lat="48.9215150" lon="8.9941460">
    <ele>201.2</ele>
    <time>2026-07-12T18:03:00Z</time>
   </trkpt>
   <trkpt lat="48.9214780" lon="8.9940260">
    <ele>201.2</ele>
    <time>2026-07-12T18:03:01Z</time>
   </trkpt>
   <trkpt lat="48.9214470" lon="8.9939050">
    <ele>201.2</ele>
    <time>2026-07-12T18:03:02Z</time>
   </trkpt>
   <trkpt lat="48.9214280" lon="8.9937780">
    <ele>201.1</ele>
    <time>2026-07-12T18:03:03Z</time>
   </trkpt>
   <trkpt lat="48.9214120" lon="8.9936480">
    <ele>201.1</ele>
    <time>2026-07-12T18:03:04Z</time>
   </trkpt>
   <trkpt lat="48.9214090" lon="8.9935170">
    <ele>201.0</ele>
    <time>2026-07-12T18:03:05Z</time>
   </trkpt>
   <trkpt lat="48.9214160" lon="8.9933950">
    <ele>200.9</ele>
    <time>2026-07-12T18:03:06Z</time>
   </trkpt>
   <trkpt lat="48.9214300" lon="8.9932620">
    <ele>200.9</ele>
    <time>2026-07-12T18:03:07Z</time>
   </trkpt>
   <trkpt lat="48.9214450" lon="8.9931330">
    <ele>200.8</ele>
    <time>2026-07-12T18:03:08Z</time>
   </trkpt>
   <trkpt lat="48.9214640" lon="8.9930040">
    <ele>200.8</ele>
    <time>2026-07-12T18:03:09Z</time>
   </trkpt>
   <trkpt lat="48.9214860" lon="8.9928790">
    <ele>200.9</ele>
    <time>2026-07-12T18:03:10Z</time>
   </trkpt>
   <trkpt lat="48.9215080" lon="8.9927500">
    <ele>200.9</ele>
    <time>2026-07-12T18:03:11Z</time>
   </trkpt>
   <trkpt lat="48.9215260" lon="8.9926270">
    <ele>201.0</ele>
    <time>2026-07-12T18:03:12Z</time>
   </trkpt>
   <trkpt lat="48.9215430" lon="8.9925150">
    <ele>201.1</ele>
    <time>2026-07-12T18:03:13Z</time>
   </trkpt>
   <trkpt lat="48.9215510" lon="8.9923980">
    <ele>201.2</ele>
    <time>2026-07-12T18:03:14Z</time>
   </trkpt>
   <trkpt lat="48.9215550" lon="8.9922830">
    <ele>201.3</ele>
    <time>2026-07-12T18:03:15Z</time>
   </trkpt>
   <trkpt lat="48.9215560" lon="8.9921640">
    <ele>201.4</ele>
    <time>2026-07-12T18:03:16Z</time>
   </trkpt>
   <trkpt lat="48.9215500" lon="8.9920580">
    <ele>201.6</ele>
    <time>2026-07-12T18:03:17Z</time>
   </trkpt>
   <trkpt lat="48.9215470" lon="8.9919500">
    <ele>201.7</ele>
    <time>2026-07-12T18:03:18Z</time>
   </trkpt>
   <trkpt lat="48.9215450" lon="8.9918450">
    <ele>201.8</ele>
    <time>2026-07-12T18:03:19Z</time>
   </trkpt>
   <trkpt lat="48.9215430" lon="8.9917390">
    <ele>201.8</ele>
    <time>2026-07-12T18:03:20Z</time>
   </trkpt>
   <trkpt lat="48.9215390" lon="8.9916350">
    <ele>201.9</ele>
    <time>2026-07-12T18:03:21Z</time>
   </trkpt>
   <trkpt lat="48.9215290" lon="8.9915280">
    <ele>201.8</ele>
    <time>2026-07-12T18:03:22Z</time>
   </trkpt>
   <trkpt lat="48.9215140" lon="8.9914200">
    <ele>201.8</ele>
    <time>2026-07-12T18:03:23Z</time>
   </trkpt>
   <trkpt lat="48.9215000" lon="8.9913170">
    <ele>201.7</ele>
    <time>2026-07-12T18:03:24Z</time>
   </trkpt>
   <trkpt lat="48.9214840" lon="8.9912060">
    <ele>201.7</ele>
    <time>2026-07-12T18:03:25Z</time>
   </trkpt>
   <trkpt lat="48.9214690" lon="8.9911030">
    <ele>201.6</ele>
    <time>2026-07-12T18:03:26Z</time>
   </trkpt>
   <trkpt lat="48.9214540" lon="8.9910010">
    <ele>201.5</ele>
    <time>2026-07-12T18:03:27Z</time>
   </trkpt>
   <trkpt lat="48.9214300" lon="8.9908960">
    <ele>201.4</ele>
    <time>2026-07-12T18:03:28Z</time>
   </trkpt>
   <trkpt lat="48.9214140" lon="8.9907870">
    <ele>201.3</ele>
    <time>2026-07-12T18:03:29Z</time>
   </trkpt>
   <trkpt lat="48.9213920" lon="8.9906710">
    <ele>201.3</ele>
    <time>2026-07-12T18:03:30Z</time>
   </trkpt>
   <trkpt lat="48.9213820" lon="8.9905550">
    <ele>201.2</ele>
    <time>2026-07-12T18:03:31Z</time>
   </trkpt>
   <trkpt lat="48.9213900" lon="8.9904380">
    <ele>201.2</ele>
    <time>2026-07-12T18:03:32Z</time>
   </trkpt>
   <trkpt lat="48.9213930" lon="8.9903110">
    <ele>201.1</ele>
    <time>2026-07-12T18:03:33Z</time>
   </trkpt>
   <trkpt lat="48.9213960" lon="8.9901880">
    <ele>201.1</ele>
    <time>2026-07-12T18:03:34Z</time>
   </trkpt>
   <trkpt lat="48.9214020" lon="8.9900640">
    <ele>201.1</ele>
    <time>2026-07-12T18:03:35Z</time>
   </trkpt>
   <trkpt lat="48.9214050" lon="8.9899350">
    <ele>200.9</ele>
    <time>2026-07-12T18:03:36Z</time>
   </trkpt>
   <trkpt lat="48.9214040" lon="8.9898050">
    <ele>200.7</ele>
    <time>2026-07-12T18:03:37Z</time>
   </trkpt>
   <trkpt lat="48.9214030" lon="8.9896700">
    <ele>200.5</ele>
    <time>2026-07-12T18:03:38Z</time>
   </trkpt>
   <trkpt lat="48.9214010" lon="8.9895370">
    <ele>200.4</ele>
    <time>2026-07-12T18:03:39Z</time>
   </trkpt>
   <trkpt lat="48.9214000" lon="8.9894010">
    <ele>200.2</ele>
    <time>2026-07-12T18:03:40Z</time>
   </trkpt>
   <trkpt lat="48.9213980" lon="8.9892680">
    <ele>200.1</ele>
    <time>2026-07-12T18:03:41Z</time>
   </trkpt>
   <trkpt lat="48.9214000" lon="8.9891370">
    <ele>200.0</ele>
    <time>2026-07-12T18:03:42Z</time>
   </trkpt>
   <trkpt lat="48.9214060" lon="8.9890070">
    <ele>199.9</ele>
    <time>2026-07-12T18:03:43Z</time>
   </trkpt>
   <trkpt lat="48.9214140" lon="8.9888770">
    <ele>199.8</ele>
    <time>2026-07-12T18:03:44Z</time>
   </trkpt>
   <trkpt lat="48.9214240" lon="8.9887460">
    <ele>199.8</ele>
    <time>2026-07-12T18:03:45Z</time>
   </trkpt>
   <trkpt lat="48.9214360" lon="8.9886180">
    <ele>199.7</ele>
    <time>2026-07-12T18:03:46Z</time>
   </trkpt>
   <trkpt lat="48.9214500" lon="8.9884850">
    <ele>199.7</ele>
    <time>2026-07-12T18:03:47Z</time>
   </trkpt>
   <trkpt lat="48.9214630" lon="8.9883530">
    <ele>199.7</ele>
    <time>2026-07-12T18:03:48Z</time>
   </trkpt>
   <trkpt lat="48.9214730" lon="8.9882300">
    <ele>199.7</ele>
    <time>2026-07-12T18:03:49Z</time>
   </trkpt>
   <trkpt lat="48.9214890" lon="8.9881000">
    <ele>199.7</ele>
    <time>2026-07-12T18:03:50Z</time>
   </trkpt>
   <trkpt lat="48.9215050" lon="8.9879750">
    <ele>199.8</ele>
    <time>2026-07-12T18:03:51Z</time>
   </trkpt>
   <trkpt lat="48.9215230" lon="8.9878570">
    <ele>199.8</ele>
    <time>2026-07-12T18:03:52Z</time>
   </trkpt>
   <trkpt lat="48.9215450" lon="8.9877400">
    <ele>199.8</ele>
    <time>2026-07-12T18:03:53Z</time>
   </trkpt>
   <trkpt lat="48.9215600" lon="8.9876180">
    <ele>199.7</ele>
    <time>2026-07-12T18:03:54Z</time>
   </trkpt>
   <trkpt lat="48.9215780" lon="8.9874990">
    <ele>199.6</ele>
    <time>2026-07-12T18:03:55Z</time>
   </trkpt>
   <trkpt lat="48.9215970" lon="8.9873730">
    <ele>199.5</ele>
    <time>2026-07-12T18:03:56Z</time>
   </trkpt>
   <trkpt lat="48.9216140" lon="8.9872520">
    <ele>199.4</ele>
    <time>2026-07-12T18:03:57Z</time>
   </trkpt>
   <trkpt lat="48.9216350" lon="8.9871290">
    <ele>199.3</ele>
    <time>2026-07-12T18:03:58Z</time>
   </trkpt>
   <trkpt lat="48.9216570" lon="8.9870080">
    <ele>199.2</ele>
    <time>2026-07-12T18:03:59Z</time>
   </trkpt>
   <trkpt lat="48.9216820" lon="8.9868860">
    <ele>199.2</ele>
    <time>2026-07-12T18:04:00Z</time>
   </trkpt>
   <trkpt lat="48.9217130" lon="8.9867670">
    <ele>199.1</ele>
    <time>2026-07-12T18:04:01Z</time>
   </trkpt>
   <trkpt lat="48.9217410" lon="8.9866500">
    <ele>199.1</ele>
    <time>2026-07-12T18:04:02Z</time>
   </trkpt>
   <trkpt lat="48.9217710" lon="8.9865390">
    <ele>199.1</ele>
    <time>2026-07-12T18:04:03Z</time>
   </trkpt>
   <trkpt lat="48.9218070" lon="8.9864260">
    <ele>199.1</ele>
    <time>2026-07-12T18:04:04Z</time>
   </trkpt>
   <trkpt lat="48.9218410" lon="8.9863100">
    <ele>199.0</ele>
    <time>2026-07-12T18:04:05Z</time>
   </trkpt>
   <trkpt lat="48.9218720" lon="8.9861940">
    <ele>199.0</ele>
    <time>2026-07-12T18:04:06Z</time>
   </trkpt>
   <trkpt lat="48.9219030" lon="8.9860810">
    <ele>199.0</ele>
    <time>2026-07-12T18:04:07Z</time>
   </trkpt>
   <trkpt lat="48.9219410" lon="8.9859640">
    <ele>199.0</ele>
    <time>2026-07-12T18:04:08Z</time>
   </trkpt>
   <trkpt lat="48.9219970" lon="8.9857300">
    <ele>199.0</ele>
    <time>2026-07-12T18:04:09Z</time>
   </trkpt>
   <trkpt lat="48.9220260" lon="8.9856110">
    <ele>199.0</ele>
    <time>2026-07-12T18:04:10Z</time>
   </trkpt>
   <trkpt lat="48.9220570" lon="8.9854930">
    <ele>199.1</ele>
    <time>2026-07-12T18:04:11Z</time>
   </trkpt>
   <trkpt lat="48.9220870" lon="8.9853740">
    <ele>199.1</ele>
    <time>2026-07-12T18:04:12Z</time>
   </trkpt>
   <trkpt lat="48.9221020" lon="8.9853140">
    <ele>199.1</ele>
    <time>2026-07-12T18:04:13Z</time>
   </trkpt>
   <trkpt lat="48.9221180" lon="8.9852540">
    <ele>199.1</ele>
    <time>2026-07-12T18:04:14Z</time>
   </trkpt>
   <trkpt lat="48.9221490" lon="8.9851370">
    <ele>199.1</ele>
    <time>2026-07-12T18:04:15Z</time>
   </trkpt>
   <trkpt lat="48.9221780" lon="8.9850250">
    <ele>199.1</ele>
    <time>2026-07-12T18:04:16Z</time>
   </trkpt>
   <trkpt lat="48.9222070" lon="8.9849060">
    <ele>199.2</ele>
    <time>2026-07-12T18:04:17Z</time>
   </trkpt>
   <trkpt lat="48.9222350" lon="8.9847890">
    <ele>199.2</ele>
    <time>2026-07-12T18:04:18Z</time>
   </trkpt>
   <trkpt lat="48.9222610" lon="8.9846730">
    <ele>199.3</ele>
    <time>2026-07-12T18:04:19Z</time>
   </trkpt>
   <trkpt lat="48.9222750" lon="8.9845400">
    <ele>199.4</ele>
    <time>2026-07-12T18:04:20Z</time>
   </trkpt>
   <trkpt lat="48.9222890" lon="8.9844170">
    <ele>199.5</ele>
    <time>2026-07-12T18:04:21Z</time>
   </trkpt>
   <trkpt lat="48.9222960" lon="8.9842960">
    <ele>199.6</ele>
    <time>2026-07-12T18:04:22Z</time>
   </trkpt>
   <trkpt lat="48.9223050" lon="8.9841740">
    <ele>199.6</ele>
    <time>2026-07-12T18:04:23Z</time>
   </trkpt>
   <trkpt lat="48.9223070" lon="8.9840520">
    <ele>199.7</ele>
    <time>2026-07-12T18:04:24Z</time>
   </trkpt>
   <trkpt lat="48.9223180" lon="8.9839300">
    <ele>199.8</ele>
    <time>2026-07-12T18:04:25Z</time>
   </trkpt>
   <trkpt lat="48.9223260" lon="8.9838130">
    <ele>199.8</ele>
    <time>2026-07-12T18:04:26Z</time>
   </trkpt>
   <trkpt lat="48.9223420" lon="8.9836890">
    <ele>199.8</ele>
    <time>2026-07-12T18:04:27Z</time>
   </trkpt>
   <trkpt lat="48.9223600" lon="8.9835670">
    <ele>199.9</ele>
    <time>2026-07-12T18:04:28Z</time>
   </trkpt>
   <trkpt lat="48.9223870" lon="8.9834510">
    <ele>199.9</ele>
    <time>2026-07-12T18:04:29Z</time>
   </trkpt>
   <trkpt lat="48.9224050" lon="8.9833360">
    <ele>200.0</ele>
    <time>2026-07-12T18:04:30Z</time>
   </trkpt>
   <trkpt lat="48.9224140" lon="8.9832170">
    <ele>200.0</ele>
    <time>2026-07-12T18:04:31Z</time>
   </trkpt>
   <trkpt lat="48.9224240" lon="8.9831030">
    <ele>200.0</ele>
    <time>2026-07-12T18:04:32Z</time>
   </trkpt>
   <trkpt lat="48.9224290" lon="8.9829930">
    <ele>199.9</ele>
    <time>2026-07-12T18:04:33Z</time>
   </trkpt>
   <trkpt lat="48.9224250" lon="8.9828840">
    <ele>199.9</ele>
    <time>2026-07-12T18:04:34Z</time>
   </trkpt>
   <trkpt lat="48.9224110" lon="8.9827590">
    <ele>199.8</ele>
    <time>2026-07-12T18:04:35Z</time>
   </trkpt>
   <trkpt lat="48.9224030" lon="8.9826410">
    <ele>199.7</ele>
    <time>2026-07-12T18:04:36Z</time>
   </trkpt>
   <trkpt lat="48.9223930" lon="8.9825240">
    <ele>199.6</ele>
    <time>2026-07-12T18:04:37Z</time>
   </trkpt>
   <trkpt lat="48.9223930" lon="8.9824030">
    <ele>199.5</ele>
    <time>2026-07-12T18:04:38Z</time>
   </trkpt>
   <trkpt lat="48.9223960" lon="8.9822800">
    <ele>199.5</ele>
    <time>2026-07-12T18:04:39Z</time>
   </trkpt>
   <trkpt lat="48.9224000" lon="8.9821560">
    <ele>199.5</ele>
    <time>2026-07-12T18:04:40Z</time>
   </trkpt>
   <trkpt lat="48.9224100" lon="8.9820300">
    <ele>199.5</ele>
    <time>2026-07-12T18:04:41Z</time>
   </trkpt>
   <trkpt lat="48.9224210" lon="8.9819110">
    <ele>199.5</ele>
    <time>2026-07-12T18:04:42Z</time>
   </trkpt>
   <trkpt lat="48.9224370" lon="8.9817930">
    <ele>199.5</ele>
    <time>2026-07-12T18:04:43Z</time>
   </trkpt>
   <trkpt lat="48.9224480" lon="8.9816700">
    <ele>199.5</ele>
    <time>2026-07-12T18:04:44Z</time>
   </trkpt>
   <trkpt lat="48.9224580" lon="8.9815590">
    <ele>199.5</ele>
    <time>2026-07-12T18:04:45Z</time>
   </trkpt>
   <trkpt lat="48.9224720" lon="8.9814440">
    <ele>199.5</ele>
    <time>2026-07-12T18:04:46Z</time>
   </trkpt>
   <trkpt lat="48.9224840" lon="8.9813240">
    <ele>199.6</ele>
    <time>2026-07-12T18:04:47Z</time>
   </trkpt>
   <trkpt lat="48.9224970" lon="8.9812080">
    <ele>199.6</ele>
    <time>2026-07-12T18:04:48Z</time>
   </trkpt>
   <trkpt lat="48.9225080" lon="8.9810900">
    <ele>199.6</ele>
    <time>2026-07-12T18:04:49Z</time>
   </trkpt>
   <trkpt lat="48.9225170" lon="8.9809740">
    <ele>199.7</ele>
    <time>2026-07-12T18:04:50Z</time>
   </trkpt>
   <trkpt lat="48.9225240" lon="8.9808580">
    <ele>199.7</ele>
    <time>2026-07-12T18:04:51Z</time>
   </trkpt>
   <trkpt lat="48.9225320" lon="8.9807440">
    <ele>199.8</ele>
    <time>2026-07-12T18:04:52Z</time>
   </trkpt>
   <trkpt lat="48.9225380" lon="8.9806280">
    <ele>199.8</ele>
    <time>2026-07-12T18:04:53Z</time>
   </trkpt>
   <trkpt lat="48.9225460" lon="8.9805140">
    <ele>199.9</ele>
    <time>2026-07-12T18:04:54Z</time>
   </trkpt>
   <trkpt lat="48.9225600" lon="8.9804010">
    <ele>199.9</ele>
    <time>2026-07-12T18:04:55Z</time>
   </trkpt>
   <trkpt lat="48.9225680" lon="8.9802820">
    <ele>200.0</ele>
    <time>2026-07-12T18:04:56Z</time>
   </trkpt>
   <trkpt lat="48.9225750" lon="8.9801670">
    <ele>200.1</ele>
    <time>2026-07-12T18:04:57Z</time>
   </trkpt>
   <trkpt lat="48.9225810" lon="8.9800580">
    <ele>200.2</ele>
    <time>2026-07-12T18:04:58Z</time>
   </trkpt>
   <trkpt lat="48.9225870" lon="8.9799480">
    <ele>200.3</ele>
    <time>2026-07-12T18:04:59Z</time>
   </trkpt>
   <trkpt lat="48.9225870" lon="8.9798470">
    <ele>200.4</ele>
    <time>2026-07-12T18:05:00Z</time>
   </trkpt>
   <trkpt lat="48.9225920" lon="8.9797450">
    <ele>200.5</ele>
    <time>2026-07-12T18:05:01Z</time>
   </trkpt>
   <trkpt lat="48.9225910" lon="8.9796400">
    <ele>200.6</ele>
    <time>2026-07-12T18:05:02Z</time>
   </trkpt>
   <trkpt lat="48.9225900" lon="8.9795320">
    <ele>200.7</ele>
    <time>2026-07-12T18:05:03Z</time>
   </trkpt>
   <trkpt lat="48.9225870" lon="8.9794240">
    <ele>200.8</ele>
    <time>2026-07-12T18:05:04Z</time>
   </trkpt>
   <trkpt lat="48.9225800" lon="8.9793210">
    <ele>200.9</ele>
    <time>2026-07-12T18:05:05Z</time>
   </trkpt>
   <trkpt lat="48.9225730" lon="8.9792130">
    <ele>201.1</ele>
    <time>2026-07-12T18:05:06Z</time>
   </trkpt>
   <trkpt lat="48.9225670" lon="8.9791130">
    <ele>201.2</ele>
    <time>2026-07-12T18:05:07Z</time>
   </trkpt>
   <trkpt lat="48.9225620" lon="8.9790140">
    <ele>201.4</ele>
    <time>2026-07-12T18:05:08Z</time>
   </trkpt>
   <trkpt lat="48.9225550" lon="8.9789120">
    <ele>201.6</ele>
    <time>2026-07-12T18:05:09Z</time>
   </trkpt>
   <trkpt lat="48.9225490" lon="8.9788110">
    <ele>201.8</ele>
    <time>2026-07-12T18:05:10Z</time>
   </trkpt>
   <trkpt lat="48.9225480" lon="8.9787100">
    <ele>202.0</ele>
    <time>2026-07-12T18:05:11Z</time>
   </trkpt>
   <trkpt lat="48.9225470" lon="8.9786080">
    <ele>202.2</ele>
    <time>2026-07-12T18:05:12Z</time>
   </trkpt>
   <trkpt lat="48.9225440" lon="8.9785130">
    <ele>202.5</ele>
    <time>2026-07-12T18:05:13Z</time>
   </trkpt>
   <trkpt lat="48.9225410" lon="8.9784280">
    <ele>202.7</ele>
    <time>2026-07-12T18:05:14Z</time>
   </trkpt>
   <trkpt lat="48.9225400" lon="8.9783340">
    <ele>203.0</ele>
    <time>2026-07-12T18:05:15Z</time>
   </trkpt>
   <trkpt lat="48.9225400" lon="8.9782480">
    <ele>203.3</ele>
    <time>2026-07-12T18:05:16Z</time>
   </trkpt>
   <trkpt lat="48.9225490" lon="8.9781620">
    <ele>203.5</ele>
    <time>2026-07-12T18:05:17Z</time>
   </trkpt>
   <trkpt lat="48.9225560" lon="8.9780840">
    <ele>203.8</ele>
    <time>2026-07-12T18:05:18Z</time>
   </trkpt>
   <trkpt lat="48.9225670" lon="8.9780110">
    <ele>204.1</ele>
    <time>2026-07-12T18:05:19Z</time>
   </trkpt>
   <trkpt lat="48.9225810" lon="8.9779370">
    <ele>204.5</ele>
    <time>2026-07-12T18:05:20Z</time>
   </trkpt>
   <trkpt lat="48.9225960" lon="8.9778680">
    <ele>204.8</ele>
    <time>2026-07-12T18:05:21Z</time>
   </trkpt>
   <trkpt lat="48.9226090" lon="8.9778050">
    <ele>205.1</ele>
    <time>2026-07-12T18:05:22Z</time>
   </trkpt>
   <trkpt lat="48.9226180" lon="8.9777500">
    <ele>205.4</ele>
    <time>2026-07-12T18:05:23Z</time>
   </trkpt>
   <trkpt lat="48.9226390" lon="8.9777000">
    <ele>205.6</ele>
    <time>2026-07-12T18:05:24Z</time>
   </trkpt>
   <trkpt lat="48.9226470" lon="8.9776410">
    <ele>205.9</ele>
    <time>2026-07-12T18:05:25Z</time>
   </trkpt>
   <trkpt lat="48.9226540" lon="8.9775850">
    <ele>206.2</ele>
    <time>2026-07-12T18:05:26Z</time>
   </trkpt>
   <trkpt lat="48.9226650" lon="8.9775240">
    <ele>206.5</ele>
    <time>2026-07-12T18:05:27Z</time>
   </trkpt>
   <trkpt lat="48.9226790" lon="8.9774630">
    <ele>206.9</ele>
    <time>2026-07-12T18:05:28Z</time>
   </trkpt>
   <trkpt lat="48.9226900" lon="8.9774060">
    <ele>207.2</ele>
    <time>2026-07-12T18:05:29Z</time>
   </trkpt>
   <trkpt lat="48.9226980" lon="8.9773470">
    <ele>207.6</ele>
    <time>2026-07-12T18:05:30Z</time>
   </trkpt>
   <trkpt lat="48.9227050" lon="8.9772850">
    <ele>207.8</ele>
    <time>2026-07-12T18:05:31Z</time>
   </trkpt>
   <trkpt lat="48.9227010" lon="8.9772210">
    <ele>208.0</ele>
    <time>2026-07-12T18:05:32Z</time>
   </trkpt>
   <trkpt lat="48.9227020" lon="8.9771550">
    <ele>208.2</ele>
    <time>2026-07-12T18:05:33Z</time>
   </trkpt>
   <trkpt lat="48.9227000" lon="8.9770810">
    <ele>208.2</ele>
    <time>2026-07-12T18:05:34Z</time>
   </trkpt>
   <trkpt lat="48.9227020" lon="8.9770070">
    <ele>208.2</ele>
    <time>2026-07-12T18:05:35Z</time>
   </trkpt>
   <trkpt lat="48.9226980" lon="8.9769450">
    <ele>208.3</ele>
    <time>2026-07-12T18:05:36Z</time>
   </trkpt>
   <trkpt lat="48.9227060" lon="8.9768750">
    <ele>208.3</ele>
    <time>2026-07-12T18:05:37Z</time>
   </trkpt>
   <trkpt lat="48.9227050" lon="8.9768000">
    <ele>208.4</ele>
    <time>2026-07-12T18:05:38Z</time>
   </trkpt>
   <trkpt lat="48.9227030" lon="8.9767210">
    <ele>208.6</ele>
    <time>2026-07-12T18:05:39Z</time>
   </trkpt>
   <trkpt lat="48.9226930" lon="8.9766500">
    <ele>208.8</ele>
    <time>2026-07-12T18:05:40Z</time>
   </trkpt>
   <trkpt lat="48.9226880" lon="8.9765760">
    <ele>209.0</ele>
    <time>2026-07-12T18:05:41Z</time>
   </trkpt>
   <trkpt lat="48.9226830" lon="8.9765030">
    <ele>209.3</ele>
    <time>2026-07-12T18:05:42Z</time>
   </trkpt>
   <trkpt lat="48.9226780" lon="8.9764370">
    <ele>209.6</ele>
    <time>2026-07-12T18:05:43Z</time>
   </trkpt>
   <trkpt lat="48.9226990" lon="8.9763790">
    <ele>209.6</ele>
    <time>2026-07-12T18:05:44Z</time>
   </trkpt>
   <trkpt lat="48.9227750" lon="8.9762950">
    <ele>209.7</ele>
    <time>2026-07-12T18:05:45Z</time>
   </trkpt>
   <trkpt lat="48.9227920" lon="8.9762810">
    <ele>209.8</ele>
    <time>2026-07-12T18:05:46Z</time>
   </trkpt>
   <trkpt lat="48.9228080" lon="8.9762670">
    <ele>209.8</ele>
    <time>2026-07-12T18:05:47Z</time>
   </trkpt>
   <trkpt lat="48.9228480" lon="8.9762410">
    <ele>209.9</ele>
    <time>2026-07-12T18:05:48Z</time>
   </trkpt>
   <trkpt lat="48.9228870" lon="8.9762080">
    <ele>210.0</ele>
    <time>2026-07-12T18:05:49Z</time>
   </trkpt>
   <trkpt lat="48.9229280" lon="8.9761750">
    <ele>210.1</ele>
    <time>2026-07-12T18:05:50Z</time>
   </trkpt>
   <trkpt lat="48.9229680" lon="8.9761420">
    <ele>210.2</ele>
    <time>2026-07-12T18:05:51Z</time>
   </trkpt>
   <trkpt lat="48.9230070" lon="8.9761100">
    <ele>210.3</ele>
    <time>2026-07-12T18:05:52Z</time>
   </trkpt>
   <trkpt lat="48.9230460" lon="8.9760860">
    <ele>210.3</ele>
    <time>2026-07-12T18:05:53Z</time>
   </trkpt>
   <trkpt lat="48.9230840" lon="8.9760570">
    <ele>210.4</ele>
    <time>2026-07-12T18:05:54Z</time>
   </trkpt>
   <trkpt lat="48.9231240" lon="8.9760280">
    <ele>210.5</ele>
    <time>2026-07-12T18:05:55Z</time>
   </trkpt>
   <trkpt lat="48.9231620" lon="8.9760010">
    <ele>210.6</ele>
    <time>2026-07-12T18:05:56Z</time>
   </trkpt>
   <trkpt lat="48.9232010" lon="8.9759750">
    <ele>210.7</ele>
    <time>2026-07-12T18:05:57Z</time>
   </trkpt>
   <trkpt lat="48.9232400" lon="8.9759500">
    <ele>210.8</ele>
    <time>2026-07-12T18:05:58Z</time>
   </trkpt>
   <trkpt lat="48.9232780" lon="8.9759230">
    <ele>210.9</ele>
    <time>2026-07-12T18:05:59Z</time>
   </trkpt>
   <trkpt lat="48.9233160" lon="8.9759000">
    <ele>210.9</ele>
    <time>2026-07-12T18:06:00Z</time>
   </trkpt>
   <trkpt lat="48.9233550" lon="8.9758750">
    <ele>211.1</ele>
    <time>2026-07-12T18:06:01Z</time>
   </trkpt>
   <trkpt lat="48.9233950" lon="8.9758530">
    <ele>211.2</ele>
    <time>2026-07-12T18:06:02Z</time>
   </trkpt>
   <trkpt lat="48.9234340" lon="8.9758280">
    <ele>211.3</ele>
    <time>2026-07-12T18:06:03Z</time>
   </trkpt>
   <trkpt lat="48.9234730" lon="8.9757990">
    <ele>211.4</ele>
    <time>2026-07-12T18:06:04Z</time>
   </trkpt>
   <trkpt lat="48.9235100" lon="8.9757730">
    <ele>211.5</ele>
    <time>2026-07-12T18:06:05Z</time>
   </trkpt>
   <trkpt lat="48.9235480" lon="8.9757510">
    <ele>211.6</ele>
    <time>2026-07-12T18:06:06Z</time>
   </trkpt>
   <trkpt lat="48.9235870" lon="8.9757230">
    <ele>211.8</ele>
    <time>2026-07-12T18:06:07Z</time>
   </trkpt>
   <trkpt lat="48.9236180" lon="8.9757010">
    <ele>211.9</ele>
    <time>2026-07-12T18:06:08Z</time>
   </trkpt>
   <trkpt lat="48.9236530" lon="8.9756800">
    <ele>212.0</ele>
    <time>2026-07-12T18:06:09Z</time>
   </trkpt>
   <trkpt lat="48.9236890" lon="8.9756540">
    <ele>212.1</ele>
    <time>2026-07-12T18:06:10Z</time>
   </trkpt>
   <trkpt lat="48.9237200" lon="8.9756370">
    <ele>212.2</ele>
    <time>2026-07-12T18:06:11Z</time>
   </trkpt>
   <trkpt lat="48.9237530" lon="8.9756190">
    <ele>212.3</ele>
    <time>2026-07-12T18:06:12Z</time>
   </trkpt>
   <trkpt lat="48.9237950" lon="8.9755870">
    <ele>212.4</ele>
    <time>2026-07-12T18:06:13Z</time>
   </trkpt>
   <trkpt lat="48.9238370" lon="8.9755590">
    <ele>212.5</ele>
    <time>2026-07-12T18:06:14Z</time>
   </trkpt>
   <trkpt lat="48.9238770" lon="8.9755310">
    <ele>212.6</ele>
    <time>2026-07-12T18:06:15Z</time>
   </trkpt>
   <trkpt lat="48.9239110" lon="8.9755100">
    <ele>212.7</ele>
    <time>2026-07-12T18:06:16Z</time>
   </trkpt>
   <trkpt lat="48.9239440" lon="8.9754880">
    <ele>212.8</ele>
    <time>2026-07-12T18:06:17Z</time>
   </trkpt>
   <trkpt lat="48.9239880" lon="8.9754650">
    <ele>212.9</ele>
    <time>2026-07-12T18:06:18Z</time>
   </trkpt>
   <trkpt lat="48.9240350" lon="8.9754410">
    <ele>213.0</ele>
    <time>2026-07-12T18:06:19Z</time>
   </trkpt>
   <trkpt lat="48.9240780" lon="8.9754110">
    <ele>213.1</ele>
    <time>2026-07-12T18:06:20Z</time>
   </trkpt>
   <trkpt lat="48.9241190" lon="8.9753830">
    <ele>213.2</ele>
    <time>2026-07-12T18:06:21Z</time>
   </trkpt>
   <trkpt lat="48.9241560" lon="8.9753610">
    <ele>213.3</ele>
    <time>2026-07-12T18:06:22Z</time>
   </trkpt>
   <trkpt lat="48.9241950" lon="8.9753370">
    <ele>213.4</ele>
    <time>2026-07-12T18:06:23Z</time>
   </trkpt>
   <trkpt lat="48.9242260" lon="8.9753070">
    <ele>213.5</ele>
    <time>2026-07-12T18:06:24Z</time>
   </trkpt>
   <trkpt lat="48.9242600" lon="8.9752800">
    <ele>213.6</ele>
    <time>2026-07-12T18:06:25Z</time>
   </trkpt>
   <trkpt lat="48.9242940" lon="8.9752510">
    <ele>213.7</ele>
    <time>2026-07-12T18:06:26Z</time>
   </trkpt>
   <trkpt lat="48.9243320" lon="8.9752240">
    <ele>213.9</ele>
    <time>2026-07-12T18:06:27Z</time>
   </trkpt>
   <trkpt lat="48.9243660" lon="8.9751980">
    <ele>214.0</ele>
    <time>2026-07-12T18:06:28Z</time>
   </trkpt>
   <trkpt lat="48.9244010" lon="8.9751730">
    <ele>214.1</ele>
    <time>2026-07-12T18:06:29Z</time>
   </trkpt>
   <trkpt lat="48.9244370" lon="8.9751420">
    <ele>214.3</ele>
    <time>2026-07-12T18:06:30Z</time>
   </trkpt>
   <trkpt lat="48.9244730" lon="8.9751080">
    <ele>214.4</ele>
    <time>2026-07-12T18:06:31Z</time>
   </trkpt>
   <trkpt lat="48.9245070" lon="8.9750760">
    <ele>214.4</ele>
    <time>2026-07-12T18:06:32Z</time>
   </trkpt>
   <trkpt lat="48.9245410" lon="8.9750470">
    <ele>214.4</ele>
    <time>2026-07-12T18:06:33Z</time>
   </trkpt>
   <trkpt lat="48.9245770" lon="8.9750160">
    <ele>214.4</ele>
    <time>2026-07-12T18:06:34Z</time>
   </trkpt>
   <trkpt lat="48.9246130" lon="8.9749740">
    <ele>214.5</ele>
    <time>2026-07-12T18:06:35Z</time>
   </trkpt>
   <trkpt lat="48.9246490" lon="8.9749300">
    <ele>214.5</ele>
    <time>2026-07-12T18:06:36Z</time>
   </trkpt>
   <trkpt lat="48.9246960" lon="8.9748950">
    <ele>214.6</ele>
    <time>2026-07-12T18:06:37Z</time>
   </trkpt>
   <trkpt lat="48.9247390" lon="8.9748450">
    <ele>214.7</ele>
    <time>2026-07-12T18:06:38Z</time>
   </trkpt>
   <trkpt lat="48.9247810" lon="8.9748030">
    <ele>214.8</ele>
    <time>2026-07-12T18:06:39Z</time>
   </trkpt>
   <trkpt lat="48.9248220" lon="8.9747560">
    <ele>214.9</ele>
    <time>2026-07-12T18:06:40Z</time>
   </trkpt>
   <trkpt lat="48.9248660" lon="8.9747080">
    <ele>215.0</ele>
    <time>2026-07-12T18:06:41Z</time>
   </trkpt>
   <trkpt lat="48.9249060" lon="8.9746540">
    <ele>215.0</ele>
    <time>2026-07-12T18:06:42Z</time>
   </trkpt>
   <trkpt lat="48.9249490" lon="8.9745950">
    <ele>215.1</ele>
    <time>2026-07-12T18:06:43Z</time>
   </trkpt>
   <trkpt lat="48.9249900" lon="8.9745360">
    <ele>215.2</ele>
    <time>2026-07-12T18:06:44Z</time>
   </trkpt>
   <trkpt lat="48.9250360" lon="8.9744730">
    <ele>215.3</ele>
    <time>2026-07-12T18:06:45Z</time>
   </trkpt>
   <trkpt lat="48.9250790" lon="8.9744130">
    <ele>215.4</ele>
    <time>2026-07-12T18:06:46Z</time>
   </trkpt>
   <trkpt lat="48.9251200" lon="8.9743420">
    <ele>215.5</ele>
    <time>2026-07-12T18:06:47Z</time>
   </trkpt>
   <trkpt lat="48.9251600" lon="8.9742790">
    <ele>215.6</ele>
    <time>2026-07-12T18:06:48Z</time>
   </trkpt>
   <trkpt lat="48.9252010" lon="8.9742110">
    <ele>215.8</ele>
    <time>2026-07-12T18:06:49Z</time>
   </trkpt>
   <trkpt lat="48.9252400" lon="8.9741460">
    <ele>215.9</ele>
    <time>2026-07-12T18:06:50Z</time>
   </trkpt>
   <trkpt lat="48.9252780" lon="8.9740850">
    <ele>216.0</ele>
    <time>2026-07-12T18:06:51Z</time>
   </trkpt>
   <trkpt lat="48.9253170" lon="8.9740200">
    <ele>216.1</ele>
    <time>2026-07-12T18:06:52Z</time>
   </trkpt>
   <trkpt lat="48.9253600" lon="8.9739530">
    <ele>216.2</ele>
    <time>2026-07-12T18:06:53Z</time>
   </trkpt>
   <trkpt lat="48.9253970" lon="8.9738840">
    <ele>216.3</ele>
    <time>2026-07-12T18:06:54Z</time>
   </trkpt>
   <trkpt lat="48.9254390" lon="8.9738230">
    <ele>216.4</ele>
    <time>2026-07-12T18:06:55Z</time>
   </trkpt>
   <trkpt lat="48.9254780" lon="8.9737600">
    <ele>216.5</ele>
    <time>2026-07-12T18:06:56Z</time>
   </trkpt>
   <trkpt lat="48.9255210" lon="8.9736970">
    <ele>216.7</ele>
    <time>2026-07-12T18:06:57Z</time>
   </trkpt>
   <trkpt lat="48.9255600" lon="8.9736270">
    <ele>216.8</ele>
    <time>2026-07-12T18:06:58Z</time>
   </trkpt>
   <trkpt lat="48.9256000" lon="8.9735590">
    <ele>216.9</ele>
    <time>2026-07-12T18:06:59Z</time>
   </trkpt>
   <trkpt lat="48.9256410" lon="8.9734960">
    <ele>217.0</ele>
    <time>2026-07-12T18:07:00Z</time>
   </trkpt>
   <trkpt lat="48.9256820" lon="8.9734260">
    <ele>217.2</ele>
    <time>2026-07-12T18:07:01Z</time>
   </trkpt>
   <trkpt lat="48.9257170" lon="8.9733630">
    <ele>217.3</ele>
    <time>2026-07-12T18:07:02Z</time>
   </trkpt>
   <trkpt lat="48.9257580" lon="8.9733040">
    <ele>217.4</ele>
    <time>2026-07-12T18:07:03Z</time>
   </trkpt>
   <trkpt lat="48.9258010" lon="8.9732360">
    <ele>217.6</ele>
    <time>2026-07-12T18:07:04Z</time>
   </trkpt>
   <trkpt lat="48.9258460" lon="8.9731790">
    <ele>217.7</ele>
    <time>2026-07-12T18:07:05Z</time>
   </trkpt>
   <trkpt lat="48.9258850" lon="8.9731180">
    <ele>217.9</ele>
    <time>2026-07-12T18:07:06Z</time>
   </trkpt>
   <trkpt lat="48.9259240" lon="8.9730480">
    <ele>218.0</ele>
    <time>2026-07-12T18:07:07Z</time>
   </trkpt>
   <trkpt lat="48.9259670" lon="8.9729750">
    <ele>218.2</ele>
    <time>2026-07-12T18:07:08Z</time>
   </trkpt>
   <trkpt lat="48.9260070" lon="8.9729020">
    <ele>218.4</ele>
    <time>2026-07-12T18:07:09Z</time>
   </trkpt>
   <trkpt lat="48.9260510" lon="8.9728280">
    <ele>218.5</ele>
    <time>2026-07-12T18:07:10Z</time>
   </trkpt>
   <trkpt lat="48.9260950" lon="8.9727620">
    <ele>218.7</ele>
    <time>2026-07-12T18:07:11Z</time>
   </trkpt>
   <trkpt lat="48.9261390" lon="8.9726960">
    <ele>218.8</ele>
    <time>2026-07-12T18:07:12Z</time>
   </trkpt>
   <trkpt lat="48.9261880" lon="8.9726310">
    <ele>219.0</ele>
    <time>2026-07-12T18:07:13Z</time>
   </trkpt>
   <trkpt lat="48.9262270" lon="8.9725670">
    <ele>219.1</ele>
    <time>2026-07-12T18:07:14Z</time>
   </trkpt>
   <trkpt lat="48.9262690" lon="8.9725000">
    <ele>219.2</ele>
    <time>2026-07-12T18:07:15Z</time>
   </trkpt>
   <trkpt lat="48.9263080" lon="8.9724390">
    <ele>219.3</ele>
    <time>2026-07-12T18:07:16Z</time>
   </trkpt>
   <trkpt lat="48.9263540" lon="8.9723750">
    <ele>219.5</ele>
    <time>2026-07-12T18:07:17Z</time>
   </trkpt>
   <trkpt lat="48.9264000" lon="8.9723140">
    <ele>219.6</ele>
    <time>2026-07-12T18:07:18Z</time>
   </trkpt>
   <trkpt lat="48.9264470" lon="8.9722580">
    <ele>219.7</ele>
    <time>2026-07-12T18:07:19Z</time>
   </trkpt>
   <trkpt lat="48.9264950" lon="8.9722020">
    <ele>219.8</ele>
    <time>2026-07-12T18:07:20Z</time>
   </trkpt>
   <trkpt lat="48.9265380" lon="8.9721480">
    <ele>219.9</ele>
    <time>2026-07-12T18:07:21Z</time>
   </trkpt>
   <trkpt lat="48.9265900" lon="8.9720930">
    <ele>220.1</ele>
    <time>2026-07-12T18:07:22Z</time>
   </trkpt>
   <trkpt lat="48.9266450" lon="8.9720380">
    <ele>220.2</ele>
    <time>2026-07-12T18:07:23Z</time>
   </trkpt>
   <trkpt lat="48.9266950" lon="8.9719890">
    <ele>220.3</ele>
    <time>2026-07-12T18:07:24Z</time>
   </trkpt>
   <trkpt lat="48.9267520" lon="8.9719430">
    <ele>220.4</ele>
    <time>2026-07-12T18:07:25Z</time>
   </trkpt>
   <trkpt lat="48.9268060" lon="8.9718920">
    <ele>220.5</ele>
    <time>2026-07-12T18:07:26Z</time>
   </trkpt>
   <trkpt lat="48.9268550" lon="8.9718480">
    <ele>220.6</ele>
    <time>2026-07-12T18:07:27Z</time>
   </trkpt>
   <trkpt lat="48.9269150" lon="8.9718030">
    <ele>220.8</ele>
    <time>2026-07-12T18:07:28Z</time>
   </trkpt>
   <trkpt lat="48.9269710" lon="8.9717600">
    <ele>220.9</ele>
    <time>2026-07-12T18:07:29Z</time>
   </trkpt>
   <trkpt lat="48.9270290" lon="8.9717200">
    <ele>221.0</ele>
    <time>2026-07-12T18:07:30Z</time>
   </trkpt>
   <trkpt lat="48.9270850" lon="8.9716830">
    <ele>221.2</ele>
    <time>2026-07-12T18:07:31Z</time>
   </trkpt>
   <trkpt lat="48.9271460" lon="8.9716420">
    <ele>221.3</ele>
    <time>2026-07-12T18:07:32Z</time>
   </trkpt>
   <trkpt lat="48.9272010" lon="8.9716190">
    <ele>221.4</ele>
    <time>2026-07-12T18:07:33Z</time>
   </trkpt>
   <trkpt lat="48.9272580" lon="8.9715870">
    <ele>221.6</ele>
    <time>2026-07-12T18:07:34Z</time>
   </trkpt>
   <trkpt lat="48.9273200" lon="8.9715550">
    <ele>221.7</ele>
    <time>2026-07-12T18:07:35Z</time>
   </trkpt>
   <trkpt lat="48.9273800" lon="8.9715210">
    <ele>221.8</ele>
    <time>2026-07-12T18:07:36Z</time>
   </trkpt>
   <trkpt lat="48.9274390" lon="8.9714900">
    <ele>222.0</ele>
    <time>2026-07-12T18:07:37Z</time>
   </trkpt>
   <trkpt lat="48.9275020" lon="8.9714560">
    <ele>222.2</ele>
    <time>2026-07-12T18:07:38Z</time>
   </trkpt>
   <trkpt lat="48.9275580" lon="8.9714250">
    <ele>222.3</ele>
    <time>2026-07-12T18:07:39Z</time>
   </trkpt>
   <trkpt lat="48.9276170" lon="8.9713990">
    <ele>222.4</ele>
    <time>2026-07-12T18:07:40Z</time>
   </trkpt>
   <trkpt lat="48.9276740" lon="8.9713670">
    <ele>222.6</ele>
    <time>2026-07-12T18:07:41Z</time>
   </trkpt>
   <trkpt lat="48.9277280" lon="8.9713420">
    <ele>222.7</ele>
    <time>2026-07-12T18:07:42Z</time>
   </trkpt>
   <trkpt lat="48.9277860" lon="8.9713140">
    <ele>222.9</ele>
    <time>2026-07-12T18:07:43Z</time>
   </trkpt>
   <trkpt lat="48.9278470" lon="8.9712870">
    <ele>223.1</ele>
    <time>2026-07-12T18:07:44Z</time>
   </trkpt>
   <trkpt lat="48.9279080" lon="8.9712590">
    <ele>223.2</ele>
    <time>2026-07-12T18:07:45Z</time>
   </trkpt>
   <trkpt lat="48.9279680" lon="8.9712290">
    <ele>223.3</ele>
    <time>2026-07-12T18:07:46Z</time>
   </trkpt>
   <trkpt lat="48.9280300" lon="8.9711970">
    <ele>223.3</ele>
    <time>2026-07-12T18:07:47Z</time>
   </trkpt>
   <trkpt lat="48.9281490" lon="8.9711480">
    <ele>223.5</ele>
    <time>2026-07-12T18:07:48Z</time>
   </trkpt>
   <trkpt lat="48.9281810" lon="8.9711340">
    <ele>223.6</ele>
    <time>2026-07-12T18:07:49Z</time>
   </trkpt>
   <trkpt lat="48.9282130" lon="8.9711200">
    <ele>223.6</ele>
    <time>2026-07-12T18:07:50Z</time>
   </trkpt>
   <trkpt lat="48.9282740" lon="8.9710910">
    <ele>223.7</ele>
    <time>2026-07-12T18:07:51Z</time>
   </trkpt>
   <trkpt lat="48.9283390" lon="8.9710580">
    <ele>223.9</ele>
    <time>2026-07-12T18:07:52Z</time>
   </trkpt>
   <trkpt lat="48.9284050" lon="8.9710260">
    <ele>224.0</ele>
    <time>2026-07-12T18:07:53Z</time>
   </trkpt>
   <trkpt lat="48.9284630" lon="8.9709930">
    <ele>224.2</ele>
    <time>2026-07-12T18:07:54Z</time>
   </trkpt>
   <trkpt lat="48.9285260" lon="8.9709590">
    <ele>224.3</ele>
    <time>2026-07-12T18:07:55Z</time>
   </trkpt>
   <trkpt lat="48.9285860" lon="8.9709320">
    <ele>224.5</ele>
    <time>2026-07-12T18:07:56Z</time>
   </trkpt>
   <trkpt lat="48.9286470" lon="8.9709060">
    <ele>224.7</ele>
    <time>2026-07-12T18:07:57Z</time>
   </trkpt>
   <trkpt lat="48.9287080" lon="8.9708780">
    <ele>224.9</ele>
    <time>2026-07-12T18:07:58Z</time>
   </trkpt>
   <trkpt lat="48.9287680" lon="8.9708450">
    <ele>225.1</ele>
    <time>2026-07-12T18:07:59Z</time>
   </trkpt>
   <trkpt lat="48.9288300" lon="8.9708150">
    <ele>225.4</ele>
    <time>2026-07-12T18:08:00Z</time>
   </trkpt>
   <trkpt lat="48.9288890" lon="8.9707880">
    <ele>225.6</ele>
    <time>2026-07-12T18:08:01Z</time>
   </trkpt>
   <trkpt lat="48.9289520" lon="8.9707580">
    <ele>225.8</ele>
    <time>2026-07-12T18:08:02Z</time>
   </trkpt>
   <trkpt lat="48.9290130" lon="8.9707300">
    <ele>226.0</ele>
    <time>2026-07-12T18:08:03Z</time>
   </trkpt>
   <trkpt lat="48.9290690" lon="8.9707050">
    <ele>226.1</ele>
    <time>2026-07-12T18:08:04Z</time>
   </trkpt>
   <trkpt lat="48.9291260" lon="8.9706710">
    <ele>226.3</ele>
    <time>2026-07-12T18:08:05Z</time>
   </trkpt>
   <trkpt lat="48.9291880" lon="8.9706410">
    <ele>226.4</ele>
    <time>2026-07-12T18:08:06Z</time>
   </trkpt>
   <trkpt lat="48.9292450" lon="8.9706080">
    <ele>226.6</ele>
    <time>2026-07-12T18:08:07Z</time>
   </trkpt>
   <trkpt lat="48.9292960" lon="8.9705750">
    <ele>226.8</ele>
    <time>2026-07-12T18:08:08Z</time>
   </trkpt>
   <trkpt lat="48.9293490" lon="8.9705410">
    <ele>227.0</ele>
    <time>2026-07-12T18:08:09Z</time>
   </trkpt>
   <trkpt lat="48.9294030" lon="8.9705000">
    <ele>227.1</ele>
    <time>2026-07-12T18:08:10Z</time>
   </trkpt>
   <trkpt lat="48.9294560" lon="8.9704570">
    <ele>227.3</ele>
    <time>2026-07-12T18:08:11Z</time>
   </trkpt>
   <trkpt lat="48.9295100" lon="8.9704150">
    <ele>227.6</ele>
    <time>2026-07-12T18:08:12Z</time>
   </trkpt>
   <trkpt lat="48.9295650" lon="8.9703730">
    <ele>227.8</ele>
    <time>2026-07-12T18:08:13Z</time>
   </trkpt>
   <trkpt lat="48.9296210" lon="8.9703260">
    <ele>228.0</ele>
    <time>2026-07-12T18:08:14Z</time>
   </trkpt>
   <trkpt lat="48.9296740" lon="8.9702770">
    <ele>228.2</ele>
    <time>2026-07-12T18:08:15Z</time>
   </trkpt>
   <trkpt lat="48.9297260" lon="8.9702260">
    <ele>228.4</ele>
    <time>2026-07-12T18:08:16Z</time>
   </trkpt>
   <trkpt lat="48.9297790" lon="8.9701680">
    <ele>228.6</ele>
    <time>2026-07-12T18:08:17Z</time>
   </trkpt>
   <trkpt lat="48.9298310" lon="8.9701130">
    <ele>228.8</ele>
    <time>2026-07-12T18:08:18Z</time>
   </trkpt>
   <trkpt lat="48.9298830" lon="8.9700580">
    <ele>229.0</ele>
    <time>2026-07-12T18:08:19Z</time>
   </trkpt>
   <trkpt lat="48.9299330" lon="8.9699940">
    <ele>229.2</ele>
    <time>2026-07-12T18:08:20Z</time>
   </trkpt>
   <trkpt lat="48.9299830" lon="8.9699310">
    <ele>229.3</ele>
    <time>2026-07-12T18:08:21Z</time>
   </trkpt>
   <trkpt lat="48.9300330" lon="8.9698680">
    <ele>229.5</ele>
    <time>2026-07-12T18:08:22Z</time>
   </trkpt>
   <trkpt lat="48.9300810" lon="8.9698020">
    <ele>229.7</ele>
    <time>2026-07-12T18:08:23Z</time>
   </trkpt>
   <trkpt lat="48.9301300" lon="8.9697340">
    <ele>229.9</ele>
    <time>2026-07-12T18:08:24Z</time>
   </trkpt>
   <trkpt lat="48.9301740" lon="8.9696710">
    <ele>230.0</ele>
    <time>2026-07-12T18:08:25Z</time>
   </trkpt>
   <trkpt lat="48.9302170" lon="8.9696080">
    <ele>230.2</ele>
    <time>2026-07-12T18:08:26Z</time>
   </trkpt>
   <trkpt lat="48.9302580" lon="8.9695380">
    <ele>230.3</ele>
    <time>2026-07-12T18:08:27Z</time>
   </trkpt>
   <trkpt lat="48.9302960" lon="8.9694550">
    <ele>230.4</ele>
    <time>2026-07-12T18:08:28Z</time>
   </trkpt>
   <trkpt lat="48.9303310" lon="8.9693780">
    <ele>230.5</ele>
    <time>2026-07-12T18:08:29Z</time>
   </trkpt>
   <trkpt lat="48.9303670" lon="8.9693020">
    <ele>230.6</ele>
    <time>2026-07-12T18:08:30Z</time>
   </trkpt>
   <trkpt lat="48.9304060" lon="8.9692250">
    <ele>230.7</ele>
    <time>2026-07-12T18:08:31Z</time>
   </trkpt>
   <trkpt lat="48.9304370" lon="8.9691520">
    <ele>230.8</ele>
    <time>2026-07-12T18:08:32Z</time>
   </trkpt>
   <trkpt lat="48.9304750" lon="8.9690880">
    <ele>230.8</ele>
    <time>2026-07-12T18:08:33Z</time>
   </trkpt>
   <trkpt lat="48.9305150" lon="8.9690110">
    <ele>230.8</ele>
    <time>2026-07-12T18:08:34Z</time>
   </trkpt>
   <trkpt lat="48.9305530" lon="8.9689330">
    <ele>230.9</ele>
    <time>2026-07-12T18:08:35Z</time>
   </trkpt>
   <trkpt lat="48.9305860" lon="8.9688490">
    <ele>231.0</ele>
    <time>2026-07-12T18:08:36Z</time>
   </trkpt>
   <trkpt lat="48.9306130" lon="8.9687700">
    <ele>231.1</ele>
    <time>2026-07-12T18:08:37Z</time>
   </trkpt>
   <trkpt lat="48.9306420" lon="8.9686820">
    <ele>231.2</ele>
    <time>2026-07-12T18:08:38Z</time>
   </trkpt>
   <trkpt lat="48.9306690" lon="8.9685890">
    <ele>231.4</ele>
    <time>2026-07-12T18:08:39Z</time>
   </trkpt>
   <trkpt lat="48.9306950" lon="8.9685010">
    <ele>231.5</ele>
    <time>2026-07-12T18:08:40Z</time>
   </trkpt>
   <trkpt lat="48.9307160" lon="8.9684150">
    <ele>231.6</ele>
    <time>2026-07-12T18:08:41Z</time>
   </trkpt>
   <trkpt lat="48.9307340" lon="8.9683260">
    <ele>231.8</ele>
    <time>2026-07-12T18:08:42Z</time>
   </trkpt>
   <trkpt lat="48.9307610" lon="8.9682390">
    <ele>231.9</ele>
    <time>2026-07-12T18:08:43Z</time>
   </trkpt>
   <trkpt lat="48.9307920" lon="8.9681520">
    <ele>232.1</ele>
    <time>2026-07-12T18:08:44Z</time>
   </trkpt>
   <trkpt lat="48.9308170" lon="8.9680650">
    <ele>232.2</ele>
    <time>2026-07-12T18:08:45Z</time>
   </trkpt>
   <trkpt lat="48.9308440" lon="8.9679710">
    <ele>232.3</ele>
    <time>2026-07-12T18:08:46Z</time>
   </trkpt>
   <trkpt lat="48.9308680" lon="8.9678790">
    <ele>232.4</ele>
    <time>2026-07-12T18:08:47Z</time>
   </trkpt>
   <trkpt lat="48.9308900" lon="8.9677860">
    <ele>232.4</ele>
    <time>2026-07-12T18:08:48Z</time>
   </trkpt>
   <trkpt lat="48.9309160" lon="8.9676970">
    <ele>232.5</ele>
    <time>2026-07-12T18:08:49Z</time>
   </trkpt>
   <trkpt lat="48.9309430" lon="8.9676080">
    <ele>232.6</ele>
    <time>2026-07-12T18:08:50Z</time>
   </trkpt>
   <trkpt lat="48.9309710" lon="8.9675170">
    <ele>232.7</ele>
    <time>2026-07-12T18:08:51Z</time>
   </trkpt>
   <trkpt lat="48.9309970" lon="8.9674270">
    <ele>232.8</ele>
    <time>2026-07-12T18:08:52Z</time>
   </trkpt>
   <trkpt lat="48.9310220" lon="8.9673340">
    <ele>232.8</ele>
    <time>2026-07-12T18:08:53Z</time>
   </trkpt>
   <trkpt lat="48.9310480" lon="8.9672430">
    <ele>232.9</ele>
    <time>2026-07-12T18:08:54Z</time>
   </trkpt>
   <trkpt lat="48.9310750" lon="8.9671500">
    <ele>233.0</ele>
    <time>2026-07-12T18:08:55Z</time>
   </trkpt>
   <trkpt lat="48.9311020" lon="8.9670610">
    <ele>233.1</ele>
    <time>2026-07-12T18:08:56Z</time>
   </trkpt>
   <trkpt lat="48.9311250" lon="8.9669730">
    <ele>233.2</ele>
    <time>2026-07-12T18:08:57Z</time>
   </trkpt>
   <trkpt lat="48.9311490" lon="8.9668840">
    <ele>233.3</ele>
    <time>2026-07-12T18:08:58Z</time>
   </trkpt>
   <trkpt lat="48.9311750" lon="8.9667960">
    <ele>233.4</ele>
    <time>2026-07-12T18:08:59Z</time>
   </trkpt>
   <trkpt lat="48.9312020" lon="8.9667070">
    <ele>233.5</ele>
    <time>2026-07-12T18:09:00Z</time>
   </trkpt>
   <trkpt lat="48.9312250" lon="8.9666130">
    <ele>233.6</ele>
    <time>2026-07-12T18:09:01Z</time>
   </trkpt>
   <trkpt lat="48.9312500" lon="8.9665220">
    <ele>233.7</ele>
    <time>2026-07-12T18:09:02Z</time>
   </trkpt>
   <trkpt lat="48.9312780" lon="8.9664330">
    <ele>233.9</ele>
    <time>2026-07-12T18:09:03Z</time>
   </trkpt>
   <trkpt lat="48.9313030" lon="8.9663430">
    <ele>234.0</ele>
    <time>2026-07-12T18:09:04Z</time>
   </trkpt>
   <trkpt lat="48.9313270" lon="8.9662520">
    <ele>234.2</ele>
    <time>2026-07-12T18:09:05Z</time>
   </trkpt>
   <trkpt lat="48.9313560" lon="8.9661640">
    <ele>234.4</ele>
    <time>2026-07-12T18:09:06Z</time>
   </trkpt>
   <trkpt lat="48.9313830" lon="8.9660770">
    <ele>234.5</ele>
    <time>2026-07-12T18:09:07Z</time>
   </trkpt>
   <trkpt lat="48.9314060" lon="8.9659900">
    <ele>234.7</ele>
    <time>2026-07-12T18:09:08Z</time>
   </trkpt>
   <trkpt lat="48.9314290" lon="8.9658950">
    <ele>234.9</ele>
    <time>2026-07-12T18:09:09Z</time>
   </trkpt>
   <trkpt lat="48.9314590" lon="8.9658070">
    <ele>235.0</ele>
    <time>2026-07-12T18:09:10Z</time>
   </trkpt>
   <trkpt lat="48.9314930" lon="8.9657300">
    <ele>235.2</ele>
    <time>2026-07-12T18:09:11Z</time>
   </trkpt>
   <trkpt lat="48.9315240" lon="8.9656460">
    <ele>235.4</ele>
    <time>2026-07-12T18:09:12Z</time>
   </trkpt>
   <trkpt lat="48.9315570" lon="8.9655670">
    <ele>235.5</ele>
    <time>2026-07-12T18:09:13Z</time>
   </trkpt>
   <trkpt lat="48.9315940" lon="8.9654910">
    <ele>235.7</ele>
    <time>2026-07-12T18:09:14Z</time>
   </trkpt>
   <trkpt lat="48.9316300" lon="8.9654130">
    <ele>235.8</ele>
    <time>2026-07-12T18:09:15Z</time>
   </trkpt>
   <trkpt lat="48.9316720" lon="8.9653290">
    <ele>236.0</ele>
    <time>2026-07-12T18:09:16Z</time>
   </trkpt>
   <trkpt lat="48.9317100" lon="8.9652560">
    <ele>236.1</ele>
    <time>2026-07-12T18:09:17Z</time>
   </trkpt>
   <trkpt lat="48.9317510" lon="8.9651800">
    <ele>236.2</ele>
    <time>2026-07-12T18:09:18Z</time>
   </trkpt>
   <trkpt lat="48.9317900" lon="8.9651110">
    <ele>236.3</ele>
    <time>2026-07-12T18:09:19Z</time>
   </trkpt>
   <trkpt lat="48.9318380" lon="8.9650490">
    <ele>236.4</ele>
    <time>2026-07-12T18:09:20Z</time>
   </trkpt>
   <trkpt lat="48.9318780" lon="8.9649790">
    <ele>236.5</ele>
    <time>2026-07-12T18:09:21Z</time>
   </trkpt>
   <trkpt lat="48.9319130" lon="8.9649140">
    <ele>236.6</ele>
    <time>2026-07-12T18:09:22Z</time>
   </trkpt>
   <trkpt lat="48.9319560" lon="8.9648420">
    <ele>236.7</ele>
    <time>2026-07-12T18:09:23Z</time>
   </trkpt>
   <trkpt lat="48.9320080" lon="8.9647640">
    <ele>236.7</ele>
    <time>2026-07-12T18:09:24Z</time>
   </trkpt>
   <trkpt lat="48.9320570" lon="8.9646840">
    <ele>236.8</ele>
    <time>2026-07-12T18:09:25Z</time>
   </trkpt>
   <trkpt lat="48.9321050" lon="8.9646120">
    <ele>236.8</ele>
    <time>2026-07-12T18:09:26Z</time>
   </trkpt>
   <trkpt lat="48.9321540" lon="8.9645380">
    <ele>236.8</ele>
    <time>2026-07-12T18:09:27Z</time>
   </trkpt>
   <trkpt lat="48.9322050" lon="8.9644690">
    <ele>236.8</ele>
    <time>2026-07-12T18:09:28Z</time>
   </trkpt>
   <trkpt lat="48.9322590" lon="8.9643940">
    <ele>236.8</ele>
    <time>2026-07-12T18:09:29Z</time>
   </trkpt>
   <trkpt lat="48.9323160" lon="8.9643210">
    <ele>236.9</ele>
    <time>2026-07-12T18:09:30Z</time>
   </trkpt>
   <trkpt lat="48.9323690" lon="8.9642550">
    <ele>236.9</ele>
    <time>2026-07-12T18:09:31Z</time>
   </trkpt>
   <trkpt lat="48.9324220" lon="8.9641760">
    <ele>236.9</ele>
    <time>2026-07-12T18:09:32Z</time>
   </trkpt>
   <trkpt lat="48.9324750" lon="8.9641030">
    <ele>236.9</ele>
    <time>2026-07-12T18:09:33Z</time>
   </trkpt>
   <trkpt lat="48.9325330" lon="8.9640270">
    <ele>236.9</ele>
    <time>2026-07-12T18:09:34Z</time>
   </trkpt>
   <trkpt lat="48.9325890" lon="8.9639440">
    <ele>236.9</ele>
    <time>2026-07-12T18:09:35Z</time>
   </trkpt>
   <trkpt lat="48.9326390" lon="8.9638660">
    <ele>236.9</ele>
    <time>2026-07-12T18:09:36Z</time>
   </trkpt>
   <trkpt lat="48.9326860" lon="8.9637850">
    <ele>236.9</ele>
    <time>2026-07-12T18:09:37Z</time>
   </trkpt>
   <trkpt lat="48.9327420" lon="8.9637110">
    <ele>236.9</ele>
    <time>2026-07-12T18:09:38Z</time>
   </trkpt>
   <trkpt lat="48.9327940" lon="8.9636330">
    <ele>236.9</ele>
    <time>2026-07-12T18:09:39Z</time>
   </trkpt>
   <trkpt lat="48.9328490" lon="8.9635580">
    <ele>236.9</ele>
    <time>2026-07-12T18:09:40Z</time>
   </trkpt>
   <trkpt lat="48.9329030" lon="8.9634770">
    <ele>236.9</ele>
    <time>2026-07-12T18:09:41Z</time>
   </trkpt>
   <trkpt lat="48.9329460" lon="8.9633990">
    <ele>236.9</ele>
    <time>2026-07-12T18:09:42Z</time>
   </trkpt>
   <trkpt lat="48.9329890" lon="8.9633470">
    <ele>236.9</ele>
    <time>2026-07-12T18:09:43Z</time>
   </trkpt>
   <trkpt lat="48.9330160" lon="8.9633170">
    <ele>236.9</ele>
    <time>2026-07-12T18:09:44Z</time>
   </trkpt>
   <trkpt lat="48.9330280" lon="8.9632770">
    <ele>236.9</ele>
    <time>2026-07-12T18:09:45Z</time>
   </trkpt>
   <trkpt lat="48.9330030" lon="8.9633020">
    <ele>236.9</ele>
    <time>2026-07-12T18:09:46Z</time>
   </trkpt>
   <trkpt lat="48.9330000" lon="8.9633230">
    <ele>236.9</ele>
    <time>2026-07-12T18:09:47Z</time>
   </trkpt>
   <trkpt lat="48.9329860" lon="8.9633450">
    <ele>236.9</ele>
    <time>2026-07-12T18:09:48Z</time>
   </trkpt>
   <trkpt lat="48.9329680" lon="8.9633780">
    <ele>236.9</ele>
    <time>2026-07-12T18:09:49Z</time>
   </trkpt>
   <trkpt lat="48.9329470" lon="8.9634090">
    <ele>236.9</ele>
    <time>2026-07-12T18:09:50Z</time>
   </trkpt>
   <trkpt lat="48.9329260" lon="8.9634370">
    <ele>236.9</ele>
    <time>2026-07-12T18:09:51Z</time>
   </trkpt>
   <trkpt lat="48.9329070" lon="8.9634600">
    <ele>236.9</ele>
    <time>2026-07-12T18:09:52Z</time>
   </trkpt>
   <trkpt lat="48.9328950" lon="8.9634690">
    <ele>236.9</ele>
    <time>2026-07-12T18:09:53Z</time>
   </trkpt>
   <trkpt lat="48.9328920" lon="8.9634650">
    <ele>236.9</ele>
    <time>2026-07-12T18:09:54Z</time>
   </trkpt>
   <trkpt lat="48.9328910" lon="8.9634600">
    <ele>236.9</ele>
    <time>2026-07-12T18:09:55Z</time>
   </trkpt>
   <trkpt lat="48.9328880" lon="8.9634580">
    <ele>236.9</ele>
    <time>2026-07-12T18:09:56Z</time>
   </trkpt>
   <trkpt lat="48.9328870" lon="8.9634570">
    <ele>236.9</ele>
    <time>2026-07-12T18:09:57Z</time>
   </trkpt>
   <trkpt lat="48.9328850" lon="8.9634550">
    <ele>236.9</ele>
    <time>2026-07-12T18:09:58Z</time>
   </trkpt>
   <trkpt lat="48.9328820" lon="8.9634560">
    <ele>236.9</ele>
    <time>2026-07-12T18:09:59Z</time>
   </trkpt>
   <trkpt lat="48.9328810" lon="8.9634550">
    <ele>236.9</ele>
    <time>2026-07-12T18:10:00Z</time>
   </trkpt>
   <trkpt lat="48.9328790" lon="8.9634570">
    <ele>236.9</ele>
    <time>2026-07-12T18:10:01Z</time>
   </trkpt>
   <trkpt lat="48.9328780" lon="8.9634580">
    <ele>236.9</ele>
    <time>2026-07-12T18:10:02Z</time>
   </trkpt>
   <trkpt lat="48.9328760" lon="8.9634600">
    <ele>236.9</ele>
    <time>2026-07-12T18:10:03Z</time>
   </trkpt>
   <trkpt lat="48.9328970" lon="8.9634780">
    <ele>236.9</ele>
    <time>2026-07-12T18:10:39Z</time>
   </trkpt>
   <trkpt lat="48.9329100" lon="8.9634640">
    <ele>236.9</ele>
    <time>2026-07-12T18:10:40Z</time>
   </trkpt>
   <trkpt lat="48.9329220" lon="8.9634450">
    <ele>236.9</ele>
    <time>2026-07-12T18:10:41Z</time>
   </trkpt>
   <trkpt lat="48.9329530" lon="8.9634010">
    <ele>236.9</ele>
    <time>2026-07-12T18:10:42Z</time>
   </trkpt>
   <trkpt lat="48.9329890" lon="8.9633510">
    <ele>236.9</ele>
    <time>2026-07-12T18:10:43Z</time>
   </trkpt>
   <trkpt lat="48.9330300" lon="8.9633010">
    <ele>236.9</ele>
    <time>2026-07-12T18:10:44Z</time>
   </trkpt>
   <trkpt lat="48.9330640" lon="8.9632590">
    <ele>236.9</ele>
    <time>2026-07-12T18:10:45Z</time>
   </trkpt>
   <trkpt lat="48.9331110" lon="8.9632030">
    <ele>236.9</ele>
    <time>2026-07-12T18:10:46Z</time>
   </trkpt>
   <trkpt lat="48.9331530" lon="8.9631350">
    <ele>236.9</ele>
    <time>2026-07-12T18:10:47Z</time>
   </trkpt>
   <trkpt lat="48.9331970" lon="8.9630840">
    <ele>236.9</ele>
    <time>2026-07-12T18:10:48Z</time>
   </trkpt>
   <trkpt lat="48.9332530" lon="8.9630110">
    <ele>236.8</ele>
    <time>2026-07-12T18:10:49Z</time>
   </trkpt>
   <trkpt lat="48.9333030" lon="8.9629350">
    <ele>236.8</ele>
    <time>2026-07-12T18:10:50Z</time>
   </trkpt>
   <trkpt lat="48.9333530" lon="8.9628580">
    <ele>236.8</ele>
    <time>2026-07-12T18:10:51Z</time>
   </trkpt>
   <trkpt lat="48.9334060" lon="8.9627890">
    <ele>236.8</ele>
    <time>2026-07-12T18:10:52Z</time>
   </trkpt>
   <trkpt lat="48.9334600" lon="8.9627090">
    <ele>236.8</ele>
    <time>2026-07-12T18:10:53Z</time>
   </trkpt>
   <trkpt lat="48.9335150" lon="8.9626310">
    <ele>236.8</ele>
    <time>2026-07-12T18:10:54Z</time>
   </trkpt>
   <trkpt lat="48.9335680" lon="8.9625490">
    <ele>236.7</ele>
    <time>2026-07-12T18:10:55Z</time>
   </trkpt>
   <trkpt lat="48.9336840" lon="8.9623900">
    <ele>236.6</ele>
    <time>2026-07-12T18:10:56Z</time>
   </trkpt>
   <trkpt lat="48.9337130" lon="8.9623510">
    <ele>236.6</ele>
    <time>2026-07-12T18:10:57Z</time>
   </trkpt>
   <trkpt lat="48.9337420" lon="8.9623110">
    <ele>236.5</ele>
    <time>2026-07-12T18:10:58Z</time>
   </trkpt>
   <trkpt lat="48.9338020" lon="8.9622280">
    <ele>236.5</ele>
    <time>2026-07-12T18:10:59Z</time>
   </trkpt>
   <trkpt lat="48.9338610" lon="8.9621490">
    <ele>236.4</ele>
    <time>2026-07-12T18:11:00Z</time>
   </trkpt>
   <trkpt lat="48.9339240" lon="8.9620610">
    <ele>236.3</ele>
    <time>2026-07-12T18:11:01Z</time>
   </trkpt>
   <trkpt lat="48.9339890" lon="8.9619770">
    <ele>236.2</ele>
    <time>2026-07-12T18:11:02Z</time>
   </trkpt>
   <trkpt lat="48.9340500" lon="8.9618850">
    <ele>236.1</ele>
    <time>2026-07-12T18:11:03Z</time>
   </trkpt>
   <trkpt lat="48.9341090" lon="8.9617970">
    <ele>236.1</ele>
    <time>2026-07-12T18:11:04Z</time>
   </trkpt>
   <trkpt lat="48.9341710" lon="8.9617100">
    <ele>236.0</ele>
    <time>2026-07-12T18:11:05Z</time>
   </trkpt>
   <trkpt lat="48.9342250" lon="8.9616220">
    <ele>236.0</ele>
    <time>2026-07-12T18:11:06Z</time>
   </trkpt>
   <trkpt lat="48.9342830" lon="8.9615280">
    <ele>236.0</ele>
    <time>2026-07-12T18:11:07Z</time>
   </trkpt>
   <trkpt lat="48.9343380" lon="8.9614250">
    <ele>236.0</ele>
    <time>2026-07-12T18:11:08Z</time>
   </trkpt>
   <trkpt lat="48.9343910" lon="8.9613280">
    <ele>236.0</ele>
    <time>2026-07-12T18:11:09Z</time>
   </trkpt>
   <trkpt lat="48.9344410" lon="8.9612320">
    <ele>236.1</ele>
    <time>2026-07-12T18:11:10Z</time>
   </trkpt>
   <trkpt lat="48.9344900" lon="8.9611370">
    <ele>236.1</ele>
    <time>2026-07-12T18:11:11Z</time>
   </trkpt>
   <trkpt lat="48.9345320" lon="8.9610350">
    <ele>236.2</ele>
    <time>2026-07-12T18:11:12Z</time>
   </trkpt>
   <trkpt lat="48.9345740" lon="8.9609360">
    <ele>236.3</ele>
    <time>2026-07-12T18:11:13Z</time>
   </trkpt>
   <trkpt lat="48.9346150" lon="8.9608410">
    <ele>236.4</ele>
    <time>2026-07-12T18:11:14Z</time>
   </trkpt>
   <trkpt lat="48.9346590" lon="8.9607430">
    <ele>236.4</ele>
    <time>2026-07-12T18:11:15Z</time>
   </trkpt>
   <trkpt lat="48.9347050" lon="8.9606510">
    <ele>236.5</ele>
    <time>2026-07-12T18:11:16Z</time>
   </trkpt>
   <trkpt lat="48.9347480" lon="8.9605500">
    <ele>236.5</ele>
    <time>2026-07-12T18:11:17Z</time>
   </trkpt>
   <trkpt lat="48.9347890" lon="8.9604530">
    <ele>236.6</ele>
    <time>2026-07-12T18:11:18Z</time>
   </trkpt>
   <trkpt lat="48.9348300" lon="8.9603680">
    <ele>236.7</ele>
    <time>2026-07-12T18:11:19Z</time>
   </trkpt>
   <trkpt lat="48.9348720" lon="8.9602760">
    <ele>236.9</ele>
    <time>2026-07-12T18:11:20Z</time>
   </trkpt>
   <trkpt lat="48.9349140" lon="8.9601760">
    <ele>237.0</ele>
    <time>2026-07-12T18:11:21Z</time>
   </trkpt>
   <trkpt lat="48.9349570" lon="8.9600820">
    <ele>237.1</ele>
    <time>2026-07-12T18:11:22Z</time>
   </trkpt>
   <trkpt lat="48.9349980" lon="8.9599870">
    <ele>237.3</ele>
    <time>2026-07-12T18:11:23Z</time>
   </trkpt>
   <trkpt lat="48.9350340" lon="8.9598880">
    <ele>237.4</ele>
    <time>2026-07-12T18:11:24Z</time>
   </trkpt>
   <trkpt lat="48.9350750" lon="8.9597930">
    <ele>237.5</ele>
    <time>2026-07-12T18:11:25Z</time>
   </trkpt>
   <trkpt lat="48.9351200" lon="8.9597030">
    <ele>237.6</ele>
    <time>2026-07-12T18:11:26Z</time>
   </trkpt>
   <trkpt lat="48.9351570" lon="8.9596010">
    <ele>237.7</ele>
    <time>2026-07-12T18:11:27Z</time>
   </trkpt>
   <trkpt lat="48.9351960" lon="8.9595110">
    <ele>237.8</ele>
    <time>2026-07-12T18:11:28Z</time>
   </trkpt>
   <trkpt lat="48.9352380" lon="8.9594200">
    <ele>238.0</ele>
    <time>2026-07-12T18:11:29Z</time>
   </trkpt>
   <trkpt lat="48.9352760" lon="8.9593290">
    <ele>238.2</ele>
    <time>2026-07-12T18:11:30Z</time>
   </trkpt>
   <trkpt lat="48.9353170" lon="8.9592460">
    <ele>238.3</ele>
    <time>2026-07-12T18:11:31Z</time>
   </trkpt>
   <trkpt lat="48.9353550" lon="8.9591560">
    <ele>238.5</ele>
    <time>2026-07-12T18:11:32Z</time>
   </trkpt>
   <trkpt lat="48.9353910" lon="8.9590630">
    <ele>238.7</ele>
    <time>2026-07-12T18:11:33Z</time>
   </trkpt>
   <trkpt lat="48.9354310" lon="8.9589710">
    <ele>238.8</ele>
    <time>2026-07-12T18:11:34Z</time>
   </trkpt>
   <trkpt lat="48.9354680" lon="8.9588860">
    <ele>238.9</ele>
    <time>2026-07-12T18:11:35Z</time>
   </trkpt>
   <trkpt lat="48.9355110" lon="8.9587940">
    <ele>239.1</ele>
    <time>2026-07-12T18:11:36Z</time>
   </trkpt>
   <trkpt lat="48.9355470" lon="8.9587030">
    <ele>239.3</ele>
    <time>2026-07-12T18:11:37Z</time>
   </trkpt>
   <trkpt lat="48.9355820" lon="8.9586220">
    <ele>239.4</ele>
    <time>2026-07-12T18:11:38Z</time>
   </trkpt>
   <trkpt lat="48.9356180" lon="8.9585400">
    <ele>239.5</ele>
    <time>2026-07-12T18:11:39Z</time>
   </trkpt>
   <trkpt lat="48.9356570" lon="8.9584560">
    <ele>239.7</ele>
    <time>2026-07-12T18:11:40Z</time>
   </trkpt>
   <trkpt lat="48.9356860" lon="8.9583850">
    <ele>239.8</ele>
    <time>2026-07-12T18:11:41Z</time>
   </trkpt>
   <trkpt lat="48.9357240" lon="8.9583080">
    <ele>240.0</ele>
    <time>2026-07-12T18:11:42Z</time>
   </trkpt>
   <trkpt lat="48.9357630" lon="8.9582330">
    <ele>240.1</ele>
    <time>2026-07-12T18:11:43Z</time>
   </trkpt>
   <trkpt lat="48.9357990" lon="8.9581570">
    <ele>240.3</ele>
    <time>2026-07-12T18:11:44Z</time>
   </trkpt>
   <trkpt lat="48.9358330" lon="8.9580720">
    <ele>240.5</ele>
    <time>2026-07-12T18:11:45Z</time>
   </trkpt>
   <trkpt lat="48.9358690" lon="8.9579910">
    <ele>240.6</ele>
    <time>2026-07-12T18:11:46Z</time>
   </trkpt>
   <trkpt lat="48.9359030" lon="8.9579130">
    <ele>240.7</ele>
    <time>2026-07-12T18:11:47Z</time>
   </trkpt>
   <trkpt lat="48.9359360" lon="8.9578280">
    <ele>240.8</ele>
    <time>2026-07-12T18:11:48Z</time>
   </trkpt>
   <trkpt lat="48.9359680" lon="8.9577480">
    <ele>240.9</ele>
    <time>2026-07-12T18:11:49Z</time>
   </trkpt>
   <trkpt lat="48.9360000" lon="8.9576700">
    <ele>241.0</ele>
    <time>2026-07-12T18:11:50Z</time>
   </trkpt>
   <trkpt lat="48.9360390" lon="8.9575950">
    <ele>241.1</ele>
    <time>2026-07-12T18:11:51Z</time>
   </trkpt>
   <trkpt lat="48.9360730" lon="8.9575180">
    <ele>241.2</ele>
    <time>2026-07-12T18:11:52Z</time>
   </trkpt>
   <trkpt lat="48.9361140" lon="8.9574400">
    <ele>241.4</ele>
    <time>2026-07-12T18:11:53Z</time>
   </trkpt>
   <trkpt lat="48.9361490" lon="8.9573670">
    <ele>241.5</ele>
    <time>2026-07-12T18:11:54Z</time>
   </trkpt>
   <trkpt lat="48.9361780" lon="8.9572780">
    <ele>241.6</ele>
    <time>2026-07-12T18:11:55Z</time>
   </trkpt>
   <trkpt lat="48.9362140" lon="8.9571950">
    <ele>241.8</ele>
    <time>2026-07-12T18:11:56Z</time>
   </trkpt>
   <trkpt lat="48.9362490" lon="8.9571030">
    <ele>241.9</ele>
    <time>2026-07-12T18:11:57Z</time>
   </trkpt>
   <trkpt lat="48.9362730" lon="8.9570070">
    <ele>242.0</ele>
    <time>2026-07-12T18:11:58Z</time>
   </trkpt>
   <trkpt lat="48.9363060" lon="8.9569190">
    <ele>242.1</ele>
    <time>2026-07-12T18:11:59Z</time>
   </trkpt>
   <trkpt lat="48.9363350" lon="8.9568220">
    <ele>242.2</ele>
    <time>2026-07-12T18:12:00Z</time>
   </trkpt>
   <trkpt lat="48.9363660" lon="8.9567300">
    <ele>242.4</ele>
    <time>2026-07-12T18:12:01Z</time>
   </trkpt>
   <trkpt lat="48.9363980" lon="8.9566450">
    <ele>242.5</ele>
    <time>2026-07-12T18:12:02Z</time>
   </trkpt>
   <trkpt lat="48.9364230" lon="8.9565550">
    <ele>242.6</ele>
    <time>2026-07-12T18:12:03Z</time>
   </trkpt>
   <trkpt lat="48.9364570" lon="8.9564600">
    <ele>242.7</ele>
    <time>2026-07-12T18:12:04Z</time>
   </trkpt>
   <trkpt lat="48.9364880" lon="8.9563670">
    <ele>242.9</ele>
    <time>2026-07-12T18:12:05Z</time>
   </trkpt>
   <trkpt lat="48.9365150" lon="8.9562860">
    <ele>243.0</ele>
    <time>2026-07-12T18:12:06Z</time>
   </trkpt>
   <trkpt lat="48.9365500" lon="8.9561960">
    <ele>243.1</ele>
    <time>2026-07-12T18:12:07Z</time>
   </trkpt>
   <trkpt lat="48.9365800" lon="8.9561060">
    <ele>243.3</ele>
    <time>2026-07-12T18:12:08Z</time>
   </trkpt>
   <trkpt lat="48.9366110" lon="8.9560250">
    <ele>243.4</ele>
    <time>2026-07-12T18:12:09Z</time>
   </trkpt>
   <trkpt lat="48.9366410" lon="8.9559370">
    <ele>243.5</ele>
    <time>2026-07-12T18:12:10Z</time>
   </trkpt>
   <trkpt lat="48.9366730" lon="8.9558570">
    <ele>243.6</ele>
    <time>2026-07-12T18:12:11Z</time>
   </trkpt>
   <trkpt lat="48.9367080" lon="8.9557750">
    <ele>243.7</ele>
    <time>2026-07-12T18:12:12Z</time>
   </trkpt>
   <trkpt lat="48.9367410" lon="8.9556910">
    <ele>243.8</ele>
    <time>2026-07-12T18:12:13Z</time>
   </trkpt>
   <trkpt lat="48.9367780" lon="8.9556130">
    <ele>243.9</ele>
    <time>2026-07-12T18:12:14Z</time>
   </trkpt>
   <trkpt lat="48.9368180" lon="8.9555270">
    <ele>244.1</ele>
    <time>2026-07-12T18:12:15Z</time>
   </trkpt>
   <trkpt lat="48.9368570" lon="8.9554480">
    <ele>244.2</ele>
    <time>2026-07-12T18:12:16Z</time>
   </trkpt>
   <trkpt lat="48.9368930" lon="8.9553610">
    <ele>244.3</ele>
    <time>2026-07-12T18:12:17Z</time>
   </trkpt>
   <trkpt lat="48.9369330" lon="8.9552730">
    <ele>244.5</ele>
    <time>2026-07-12T18:12:18Z</time>
   </trkpt>
   <trkpt lat="48.9369770" lon="8.9551950">
    <ele>244.6</ele>
    <time>2026-07-12T18:12:19Z</time>
   </trkpt>
   <trkpt lat="48.9370130" lon="8.9551170">
    <ele>244.7</ele>
    <time>2026-07-12T18:12:20Z</time>
   </trkpt>
   <trkpt lat="48.9370540" lon="8.9550410">
    <ele>244.9</ele>
    <time>2026-07-12T18:12:21Z</time>
   </trkpt>
   <trkpt lat="48.9370930" lon="8.9549660">
    <ele>245.0</ele>
    <time>2026-07-12T18:12:22Z</time>
   </trkpt>
   <trkpt lat="48.9371370" lon="8.9548890">
    <ele>245.1</ele>
    <time>2026-07-12T18:12:23Z</time>
   </trkpt>
   <trkpt lat="48.9371760" lon="8.9548100">
    <ele>245.2</ele>
    <time>2026-07-12T18:12:24Z</time>
   </trkpt>
   <trkpt lat="48.9372140" lon="8.9547300">
    <ele>245.3</ele>
    <time>2026-07-12T18:12:25Z</time>
   </trkpt>
   <trkpt lat="48.9372540" lon="8.9546540">
    <ele>245.4</ele>
    <time>2026-07-12T18:12:26Z</time>
   </trkpt>
   <trkpt lat="48.9372930" lon="8.9545750">
    <ele>245.5</ele>
    <time>2026-07-12T18:12:27Z</time>
   </trkpt>
   <trkpt lat="48.9373340" lon="8.9544870">
    <ele>245.7</ele>
    <time>2026-07-12T18:12:28Z</time>
   </trkpt>
   <trkpt lat="48.9373690" lon="8.9544050">
    <ele>245.8</ele>
    <time>2026-07-12T18:12:29Z</time>
   </trkpt>
   <trkpt lat="48.9374110" lon="8.9543180">
    <ele>245.9</ele>
    <time>2026-07-12T18:12:30Z</time>
   </trkpt>
   <trkpt lat="48.9374520" lon="8.9542360">
    <ele>246.0</ele>
    <time>2026-07-12T18:12:31Z</time>
   </trkpt>
   <trkpt lat="48.9374860" lon="8.9541570">
    <ele>246.2</ele>
    <time>2026-07-12T18:12:32Z</time>
   </trkpt>
   <trkpt lat="48.9375260" lon="8.9540740">
    <ele>246.3</ele>
    <time>2026-07-12T18:12:33Z</time>
   </trkpt>
   <trkpt lat="48.9375620" lon="8.9539950">
    <ele>246.4</ele>
    <time>2026-07-12T18:12:34Z</time>
   </trkpt>
   <trkpt lat="48.9375990" lon="8.9539120">
    <ele>246.6</ele>
    <time>2026-07-12T18:12:35Z</time>
   </trkpt>
   <trkpt lat="48.9376410" lon="8.9538330">
    <ele>246.7</ele>
    <time>2026-07-12T18:12:36Z</time>
   </trkpt>
   <trkpt lat="48.9376750" lon="8.9537440">
    <ele>246.8</ele>
    <time>2026-07-12T18:12:37Z</time>
   </trkpt>
   <trkpt lat="48.9377090" lon="8.9536610">
    <ele>247.0</ele>
    <time>2026-07-12T18:12:38Z</time>
   </trkpt>
   <trkpt lat="48.9377460" lon="8.9535730">
    <ele>247.1</ele>
    <time>2026-07-12T18:12:39Z</time>
   </trkpt>
   <trkpt lat="48.9377780" lon="8.9534870">
    <ele>247.2</ele>
    <time>2026-07-12T18:12:40Z</time>
   </trkpt>
   <trkpt lat="48.9378170" lon="8.9533960">
    <ele>247.3</ele>
    <time>2026-07-12T18:12:41Z</time>
   </trkpt>
   <trkpt lat="48.9378480" lon="8.9533110">
    <ele>247.4</ele>
    <time>2026-07-12T18:12:42Z</time>
   </trkpt>
   <trkpt lat="48.9378870" lon="8.9532290">
    <ele>247.5</ele>
    <time>2026-07-12T18:12:43Z</time>
   </trkpt>
   <trkpt lat="48.9379280" lon="8.9531460">
    <ele>247.6</ele>
    <time>2026-07-12T18:12:44Z</time>
   </trkpt>
   <trkpt lat="48.9379670" lon="8.9530590">
    <ele>247.7</ele>
    <time>2026-07-12T18:12:45Z</time>
   </trkpt>
   <trkpt lat="48.9380100" lon="8.9529660">
    <ele>247.8</ele>
    <time>2026-07-12T18:12:46Z</time>
   </trkpt>
   <trkpt lat="48.9380520" lon="8.9528740">
    <ele>248.0</ele>
    <time>2026-07-12T18:12:47Z</time>
   </trkpt>
   <trkpt lat="48.9380910" lon="8.9527900">
    <ele>248.1</ele>
    <time>2026-07-12T18:12:48Z</time>
   </trkpt>
   <trkpt lat="48.9381320" lon="8.9526990">
    <ele>248.2</ele>
    <time>2026-07-12T18:12:49Z</time>
   </trkpt>
   <trkpt lat="48.9381730" lon="8.9526100">
    <ele>248.4</ele>
    <time>2026-07-12T18:12:50Z</time>
   </trkpt>
   <trkpt lat="48.9382110" lon="8.9525240">
    <ele>248.5</ele>
    <time>2026-07-12T18:12:51Z</time>
   </trkpt>
   <trkpt lat="48.9382480" lon="8.9524380">
    <ele>248.7</ele>
    <time>2026-07-12T18:12:52Z</time>
   </trkpt>
   <trkpt lat="48.9382840" lon="8.9523560">
    <ele>248.8</ele>
    <time>2026-07-12T18:12:53Z</time>
   </trkpt>
   <trkpt lat="48.9383220" lon="8.9522720">
    <ele>249.0</ele>
    <time>2026-07-12T18:12:54Z</time>
   </trkpt>
   <trkpt lat="48.9383600" lon="8.9521900">
    <ele>249.1</ele>
    <time>2026-07-12T18:12:55Z</time>
   </trkpt>
   <trkpt lat="48.9383990" lon="8.9521040">
    <ele>249.3</ele>
    <time>2026-07-12T18:12:56Z</time>
   </trkpt>
   <trkpt lat="48.9384320" lon="8.9520160">
    <ele>249.4</ele>
    <time>2026-07-12T18:12:57Z</time>
   </trkpt>
   <trkpt lat="48.9384640" lon="8.9519290">
    <ele>249.5</ele>
    <time>2026-07-12T18:12:58Z</time>
   </trkpt>
   <trkpt lat="48.9385010" lon="8.9518400">
    <ele>249.7</ele>
    <time>2026-07-12T18:12:59Z</time>
   </trkpt>
   <trkpt lat="48.9385390" lon="8.9517550">
    <ele>249.8</ele>
    <time>2026-07-12T18:13:00Z</time>
   </trkpt>
   <trkpt lat="48.9385740" lon="8.9516730">
    <ele>249.9</ele>
    <time>2026-07-12T18:13:01Z</time>
   </trkpt>
   <trkpt lat="48.9386110" lon="8.9515900">
    <ele>250.1</ele>
    <time>2026-07-12T18:13:02Z</time>
   </trkpt>
   <trkpt lat="48.9386510" lon="8.9515070">
    <ele>250.2</ele>
    <time>2026-07-12T18:13:03Z</time>
   </trkpt>
   <trkpt lat="48.9386910" lon="8.9514220">
    <ele>250.3</ele>
    <time>2026-07-12T18:13:04Z</time>
   </trkpt>
   <trkpt lat="48.9387310" lon="8.9513320">
    <ele>250.4</ele>
    <time>2026-07-12T18:13:05Z</time>
   </trkpt>
   <trkpt lat="48.9387710" lon="8.9512490">
    <ele>250.5</ele>
    <time>2026-07-12T18:13:06Z</time>
   </trkpt>
   <trkpt lat="48.9388100" lon="8.9511690">
    <ele>250.6</ele>
    <time>2026-07-12T18:13:07Z</time>
   </trkpt>
   <trkpt lat="48.9388510" lon="8.9510830">
    <ele>250.7</ele>
    <time>2026-07-12T18:13:08Z</time>
   </trkpt>
   <trkpt lat="48.9388890" lon="8.9509850">
    <ele>250.8</ele>
    <time>2026-07-12T18:13:09Z</time>
   </trkpt>
   <trkpt lat="48.9389280" lon="8.9508980">
    <ele>250.8</ele>
    <time>2026-07-12T18:13:10Z</time>
   </trkpt>
   <trkpt lat="48.9389730" lon="8.9508130">
    <ele>250.9</ele>
    <time>2026-07-12T18:13:11Z</time>
   </trkpt>
   <trkpt lat="48.9390180" lon="8.9507350">
    <ele>251.0</ele>
    <time>2026-07-12T18:13:12Z</time>
   </trkpt>
   <trkpt lat="48.9390640" lon="8.9506490">
    <ele>251.0</ele>
    <time>2026-07-12T18:13:13Z</time>
   </trkpt>
   <trkpt lat="48.9391110" lon="8.9505630">
    <ele>251.1</ele>
    <time>2026-07-12T18:13:14Z</time>
   </trkpt>
   <trkpt lat="48.9391610" lon="8.9504910">
    <ele>251.1</ele>
    <time>2026-07-12T18:13:15Z</time>
   </trkpt>
   <trkpt lat="48.9392110" lon="8.9504180">
    <ele>251.1</ele>
    <time>2026-07-12T18:13:16Z</time>
   </trkpt>
   <trkpt lat="48.9392620" lon="8.9503430">
    <ele>251.2</ele>
    <time>2026-07-12T18:13:17Z</time>
   </trkpt>
   <trkpt lat="48.9393130" lon="8.9502650">
    <ele>251.2</ele>
    <time>2026-07-12T18:13:18Z</time>
   </trkpt>
   <trkpt lat="48.9393690" lon="8.9501970">
    <ele>251.3</ele>
    <time>2026-07-12T18:13:19Z</time>
   </trkpt>
   <trkpt lat="48.9394320" lon="8.9501180">
    <ele>251.3</ele>
    <time>2026-07-12T18:13:20Z</time>
   </trkpt>
   <trkpt lat="48.9394910" lon="8.9500480">
    <ele>251.3</ele>
    <time>2026-07-12T18:13:21Z</time>
   </trkpt>
   <trkpt lat="48.9395490" lon="8.9499760">
    <ele>251.4</ele>
    <time>2026-07-12T18:13:22Z</time>
   </trkpt>
   <trkpt lat="48.9396090" lon="8.9499130">
    <ele>251.4</ele>
    <time>2026-07-12T18:13:23Z</time>
   </trkpt>
   <trkpt lat="48.9396700" lon="8.9498480">
    <ele>251.4</ele>
    <time>2026-07-12T18:13:24Z</time>
   </trkpt>
   <trkpt lat="48.9397310" lon="8.9497850">
    <ele>251.5</ele>
    <time>2026-07-12T18:13:25Z</time>
   </trkpt>
   <trkpt lat="48.9397940" lon="8.9497310">
    <ele>251.5</ele>
    <time>2026-07-12T18:13:26Z</time>
   </trkpt>
   <trkpt lat="48.9398590" lon="8.9496780">
    <ele>251.5</ele>
    <time>2026-07-12T18:13:27Z</time>
   </trkpt>
   <trkpt lat="48.9399250" lon="8.9496310">
    <ele>251.6</ele>
    <time>2026-07-12T18:13:28Z</time>
   </trkpt>
   <trkpt lat="48.9399890" lon="8.9495940">
    <ele>251.6</ele>
    <time>2026-07-12T18:13:29Z</time>
   </trkpt>
   <trkpt lat="48.9400540" lon="8.9495520">
    <ele>251.6</ele>
    <time>2026-07-12T18:13:30Z</time>
   </trkpt>
   <trkpt lat="48.9401230" lon="8.9495220">
    <ele>251.6</ele>
    <time>2026-07-12T18:13:31Z</time>
   </trkpt>
   <trkpt lat="48.9401850" lon="8.9494910">
    <ele>251.6</ele>
    <time>2026-07-12T18:13:32Z</time>
   </trkpt>
   <trkpt lat="48.9402550" lon="8.9494530">
    <ele>251.6</ele>
    <time>2026-07-12T18:13:33Z</time>
   </trkpt>
   <trkpt lat="48.9403290" lon="8.9494280">
    <ele>251.6</ele>
    <time>2026-07-12T18:13:34Z</time>
   </trkpt>
   <trkpt lat="48.9404000" lon="8.9494050">
    <ele>251.6</ele>
    <time>2026-07-12T18:13:35Z</time>
   </trkpt>
   <trkpt lat="48.9404740" lon="8.9493830">
    <ele>251.6</ele>
    <time>2026-07-12T18:13:36Z</time>
   </trkpt>
   <trkpt lat="48.9405470" lon="8.9493670">
    <ele>251.6</ele>
    <time>2026-07-12T18:13:37Z</time>
   </trkpt>
   <trkpt lat="48.9406210" lon="8.9493540">
    <ele>251.6</ele>
    <time>2026-07-12T18:13:38Z</time>
   </trkpt>
   <trkpt lat="48.9407000" lon="8.9493450">
    <ele>251.6</ele>
    <time>2026-07-12T18:13:39Z</time>
   </trkpt>
   <trkpt lat="48.9407760" lon="8.9493370">
    <ele>251.5</ele>
    <time>2026-07-12T18:13:40Z</time>
   </trkpt>
   <trkpt lat="48.9408540" lon="8.9493340">
    <ele>251.5</ele>
    <time>2026-07-12T18:13:41Z</time>
   </trkpt>
   <trkpt lat="48.9409300" lon="8.9493380">
    <ele>251.5</ele>
    <time>2026-07-12T18:13:42Z</time>
   </trkpt>
   <trkpt lat="48.9410040" lon="8.9493470">
    <ele>251.4</ele>
    <time>2026-07-12T18:13:43Z</time>
   </trkpt>
   <trkpt lat="48.9410780" lon="8.9493580">
    <ele>251.4</ele>
    <time>2026-07-12T18:13:44Z</time>
   </trkpt>
   <trkpt lat="48.9411540" lon="8.9493710">
    <ele>251.4</ele>
    <time>2026-07-12T18:13:45Z</time>
   </trkpt>
   <trkpt lat="48.9412380" lon="8.9493900">
    <ele>251.4</ele>
    <time>2026-07-12T18:13:46Z</time>
   </trkpt>
   <trkpt lat="48.9413120" lon="8.9494200">
    <ele>251.3</ele>
    <time>2026-07-12T18:13:47Z</time>
   </trkpt>
   <trkpt lat="48.9413910" lon="8.9494410">
    <ele>251.2</ele>
    <time>2026-07-12T18:13:48Z</time>
   </trkpt>
   <trkpt lat="48.9414690" lon="8.9494680">
    <ele>251.0</ele>
    <time>2026-07-12T18:13:49Z</time>
   </trkpt>
   <trkpt lat="48.9415420" lon="8.9494930">
    <ele>250.9</ele>
    <time>2026-07-12T18:13:50Z</time>
   </trkpt>
   <trkpt lat="48.9416010" lon="8.9495370">
    <ele>250.8</ele>
    <time>2026-07-12T18:13:51Z</time>
   </trkpt>
   <trkpt lat="48.9416750" lon="8.9495760">
    <ele>250.7</ele>
    <time>2026-07-12T18:13:52Z</time>
   </trkpt>
   <trkpt lat="48.9417500" lon="8.9496210">
    <ele>250.6</ele>
    <time>2026-07-12T18:13:53Z</time>
   </trkpt>
   <trkpt lat="48.9418270" lon="8.9496640">
    <ele>250.6</ele>
    <time>2026-07-12T18:13:54Z</time>
   </trkpt>
   <trkpt lat="48.9419030" lon="8.9497210">
    <ele>250.5</ele>
    <time>2026-07-12T18:13:55Z</time>
   </trkpt>
   <trkpt lat="48.9419760" lon="8.9497800">
    <ele>250.4</ele>
    <time>2026-07-12T18:13:56Z</time>
   </trkpt>
   <trkpt lat="48.9420440" lon="8.9498340">
    <ele>250.2</ele>
    <time>2026-07-12T18:13:57Z</time>
   </trkpt>
   <trkpt lat="48.9421140" lon="8.9499080">
    <ele>250.1</ele>
    <time>2026-07-12T18:13:58Z</time>
   </trkpt>
   <trkpt lat="48.9421850" lon="8.9499880">
    <ele>249.9</ele>
    <time>2026-07-12T18:13:59Z</time>
   </trkpt>
   <trkpt lat="48.9422500" lon="8.9500630">
    <ele>249.8</ele>
    <time>2026-07-12T18:14:00Z</time>
   </trkpt>
   <trkpt lat="48.9423180" lon="8.9501380">
    <ele>249.6</ele>
    <time>2026-07-12T18:14:01Z</time>
   </trkpt>
   <trkpt lat="48.9423820" lon="8.9502200">
    <ele>249.5</ele>
    <time>2026-07-12T18:14:02Z</time>
   </trkpt>
   <trkpt lat="48.9424480" lon="8.9503020">
    <ele>249.4</ele>
    <time>2026-07-12T18:14:03Z</time>
   </trkpt>
   <trkpt lat="48.9425040" lon="8.9503990">
    <ele>249.2</ele>
    <time>2026-07-12T18:14:04Z</time>
   </trkpt>
   <trkpt lat="48.9425630" lon="8.9504970">
    <ele>249.1</ele>
    <time>2026-07-12T18:14:05Z</time>
   </trkpt>
   <trkpt lat="48.9426120" lon="8.9506030">
    <ele>249.0</ele>
    <time>2026-07-12T18:14:06Z</time>
   </trkpt>
   <trkpt lat="48.9426610" lon="8.9507040">
    <ele>248.8</ele>
    <time>2026-07-12T18:14:07Z</time>
   </trkpt>
   <trkpt lat="48.9427090" lon="8.9508080">
    <ele>248.7</ele>
    <time>2026-07-12T18:14:08Z</time>
   </trkpt>
   <trkpt lat="48.9427470" lon="8.9509080">
    <ele>248.6</ele>
    <time>2026-07-12T18:14:09Z</time>
   </trkpt>
   <trkpt lat="48.9427880" lon="8.9510160">
    <ele>248.4</ele>
    <time>2026-07-12T18:14:10Z</time>
   </trkpt>
   <trkpt lat="48.9428300" lon="8.9511350">
    <ele>248.3</ele>
    <time>2026-07-12T18:14:11Z</time>
   </trkpt>
   <trkpt lat="48.9428660" lon="8.9512510">
    <ele>248.1</ele>
    <time>2026-07-12T18:14:12Z</time>
   </trkpt>
   <trkpt lat="48.9429030" lon="8.9513640">
    <ele>247.9</ele>
    <time>2026-07-12T18:14:13Z</time>
   </trkpt>
   <trkpt lat="48.9429380" lon="8.9514810">
    <ele>247.8</ele>
    <time>2026-07-12T18:14:14Z</time>
   </trkpt>
   <trkpt lat="48.9429760" lon="8.9515980">
    <ele>247.6</ele>
    <time>2026-07-12T18:14:15Z</time>
   </trkpt>
   <trkpt lat="48.9430100" lon="8.9517130">
    <ele>247.4</ele>
    <time>2026-07-12T18:14:16Z</time>
   </trkpt>
   <trkpt lat="48.9430460" lon="8.9518350">
    <ele>247.3</ele>
    <time>2026-07-12T18:14:17Z</time>
   </trkpt>
   <trkpt lat="48.9430810" lon="8.9519500">
    <ele>247.1</ele>
    <time>2026-07-12T18:14:18Z</time>
   </trkpt>
   <trkpt lat="48.9431190" lon="8.9520650">
    <ele>247.0</ele>
    <time>2026-07-12T18:14:19Z</time>
   </trkpt>
   <trkpt lat="48.9431550" lon="8.9521750">
    <ele>246.8</ele>
    <time>2026-07-12T18:14:20Z</time>
   </trkpt>
   <trkpt lat="48.9431920" lon="8.9522890">
    <ele>246.7</ele>
    <time>2026-07-12T18:14:21Z</time>
   </trkpt>
   <trkpt lat="48.9432320" lon="8.9523880">
    <ele>246.6</ele>
    <time>2026-07-12T18:14:22Z</time>
   </trkpt>
   <trkpt lat="48.9432690" lon="8.9525050">
    <ele>246.4</ele>
    <time>2026-07-12T18:14:23Z</time>
   </trkpt>
   <trkpt lat="48.9433060" lon="8.9526210">
    <ele>246.3</ele>
    <time>2026-07-12T18:14:24Z</time>
   </trkpt>
   <trkpt lat="48.9433450" lon="8.9527370">
    <ele>246.1</ele>
    <time>2026-07-12T18:14:25Z</time>
   </trkpt>
   <trkpt lat="48.9433840" lon="8.9528480">
    <ele>245.9</ele>
    <time>2026-07-12T18:14:26Z</time>
   </trkpt>
   <trkpt lat="48.9434200" lon="8.9529610">
    <ele>245.8</ele>
    <time>2026-07-12T18:14:27Z</time>
   </trkpt>
   <trkpt lat="48.9434590" lon="8.9530730">
    <ele>245.7</ele>
    <time>2026-07-12T18:14:28Z</time>
   </trkpt>
   <trkpt lat="48.9434940" lon="8.9531890">
    <ele>245.6</ele>
    <time>2026-07-12T18:14:29Z</time>
   </trkpt>
   <trkpt lat="48.9435350" lon="8.9533130">
    <ele>245.5</ele>
    <time>2026-07-12T18:14:30Z</time>
   </trkpt>
   <trkpt lat="48.9435710" lon="8.9534320">
    <ele>245.3</ele>
    <time>2026-07-12T18:14:31Z</time>
   </trkpt>
   <trkpt lat="48.9436090" lon="8.9535490">
    <ele>245.2</ele>
    <time>2026-07-12T18:14:32Z</time>
   </trkpt>
   <trkpt lat="48.9436460" lon="8.9536640">
    <ele>245.1</ele>
    <time>2026-07-12T18:14:33Z</time>
   </trkpt>
   <trkpt lat="48.9436830" lon="8.9537740">
    <ele>244.9</ele>
    <time>2026-07-12T18:14:34Z</time>
   </trkpt>
   <trkpt lat="48.9437220" lon="8.9538980">
    <ele>244.9</ele>
    <time>2026-07-12T18:14:35Z</time>
   </trkpt>
   <trkpt lat="48.9437570" lon="8.9540140">
    <ele>244.8</ele>
    <time>2026-07-12T18:14:36Z</time>
   </trkpt>
   <trkpt lat="48.9437970" lon="8.9541190">
    <ele>244.8</ele>
    <time>2026-07-12T18:14:37Z</time>
   </trkpt>
   <trkpt lat="48.9438310" lon="8.9542260">
    <ele>244.7</ele>
    <time>2026-07-12T18:14:38Z</time>
   </trkpt>
   <trkpt lat="48.9438680" lon="8.9543430">
    <ele>244.7</ele>
    <time>2026-07-12T18:14:39Z</time>
   </trkpt>
   <trkpt lat="48.9439110" lon="8.9544550">
    <ele>244.5</ele>
    <time>2026-07-12T18:14:40Z</time>
   </trkpt>
   <trkpt lat="48.9439540" lon="8.9545650">
    <ele>244.3</ele>
    <time>2026-07-12T18:14:41Z</time>
   </trkpt>
   <trkpt lat="48.9439990" lon="8.9546760">
    <ele>244.2</ele>
    <time>2026-07-12T18:14:42Z</time>
   </trkpt>
   <trkpt lat="48.9440450" lon="8.9547860">
    <ele>244.0</ele>
    <time>2026-07-12T18:14:43Z</time>
   </trkpt>
   <trkpt lat="48.9440970" lon="8.9548940">
    <ele>243.8</ele>
    <time>2026-07-12T18:14:44Z</time>
   </trkpt>
   <trkpt lat="48.9441470" lon="8.9550040">
    <ele>243.6</ele>
    <time>2026-07-12T18:14:45Z</time>
   </trkpt>
   <trkpt lat="48.9442060" lon="8.9551160">
    <ele>243.5</ele>
    <time>2026-07-12T18:14:46Z</time>
   </trkpt>
   <trkpt lat="48.9442620" lon="8.9552170">
    <ele>243.4</ele>
    <time>2026-07-12T18:14:47Z</time>
   </trkpt>
   <trkpt lat="48.9443170" lon="8.9553160">
    <ele>243.2</ele>
    <time>2026-07-12T18:14:48Z</time>
   </trkpt>
   <trkpt lat="48.9443740" lon="8.9554130">
    <ele>243.1</ele>
    <time>2026-07-12T18:14:49Z</time>
   </trkpt>
   <trkpt lat="48.9444370" lon="8.9555020">
    <ele>242.9</ele>
    <time>2026-07-12T18:14:50Z</time>
   </trkpt>
   <trkpt lat="48.9444990" lon="8.9555930">
    <ele>242.7</ele>
    <time>2026-07-12T18:14:51Z</time>
   </trkpt>
   <trkpt lat="48.9445640" lon="8.9556760">
    <ele>242.4</ele>
    <time>2026-07-12T18:14:52Z</time>
   </trkpt>
   <trkpt lat="48.9446300" lon="8.9557650">
    <ele>242.2</ele>
    <time>2026-07-12T18:14:53Z</time>
   </trkpt>
   <trkpt lat="48.9447010" lon="8.9558460">
    <ele>242.0</ele>
    <time>2026-07-12T18:14:54Z</time>
   </trkpt>
   <trkpt lat="48.9447750" lon="8.9559240">
    <ele>241.7</ele>
    <time>2026-07-12T18:14:55Z</time>
   </trkpt>
   <trkpt lat="48.9448520" lon="8.9559960">
    <ele>241.5</ele>
    <time>2026-07-12T18:14:56Z</time>
   </trkpt>
   <trkpt lat="48.9449280" lon="8.9560570">
    <ele>241.3</ele>
    <time>2026-07-12T18:14:57Z</time>
   </trkpt>
   <trkpt lat="48.9450120" lon="8.9561240">
    <ele>241.0</ele>
    <time>2026-07-12T18:14:58Z</time>
   </trkpt>
   <trkpt lat="48.9450940" lon="8.9561800">
    <ele>240.8</ele>
    <time>2026-07-12T18:14:59Z</time>
   </trkpt>
   <trkpt lat="48.9451750" lon="8.9562490">
    <ele>240.7</ele>
    <time>2026-07-12T18:15:00Z</time>
   </trkpt>
   <trkpt lat="48.9452630" lon="8.9563010">
    <ele>240.5</ele>
    <time>2026-07-12T18:15:01Z</time>
   </trkpt>
   <trkpt lat="48.9453560" lon="8.9563460">
    <ele>240.4</ele>
    <time>2026-07-12T18:15:02Z</time>
   </trkpt>
   <trkpt lat="48.9454380" lon="8.9563880">
    <ele>240.2</ele>
    <time>2026-07-12T18:15:03Z</time>
   </trkpt>
   <trkpt lat="48.9455300" lon="8.9564170">
    <ele>240.0</ele>
    <time>2026-07-12T18:15:04Z</time>
   </trkpt>
   <trkpt lat="48.9456190" lon="8.9564510">
    <ele>239.9</ele>
    <time>2026-07-12T18:15:05Z</time>
   </trkpt>
   <trkpt lat="48.9457140" lon="8.9564750">
    <ele>239.7</ele>
    <time>2026-07-12T18:15:06Z</time>
   </trkpt>
   <trkpt lat="48.9458080" lon="8.9565020">
    <ele>239.5</ele>
    <time>2026-07-12T18:15:07Z</time>
   </trkpt>
   <trkpt lat="48.9458910" lon="8.9565080">
    <ele>239.4</ele>
    <time>2026-07-12T18:15:08Z</time>
   </trkpt>
   <trkpt lat="48.9459740" lon="8.9565310">
    <ele>239.3</ele>
    <time>2026-07-12T18:15:09Z</time>
   </trkpt>
   <trkpt lat="48.9460550" lon="8.9565590">
    <ele>239.2</ele>
    <time>2026-07-12T18:15:10Z</time>
   </trkpt>
   <trkpt lat="48.9461420" lon="8.9565910">
    <ele>239.1</ele>
    <time>2026-07-12T18:15:11Z</time>
   </trkpt>
   <trkpt lat="48.9462250" lon="8.9566170">
    <ele>239.1</ele>
    <time>2026-07-12T18:15:12Z</time>
   </trkpt>
   <trkpt lat="48.9463150" lon="8.9566530">
    <ele>239.0</ele>
    <time>2026-07-12T18:15:13Z</time>
   </trkpt>
   <trkpt lat="48.9464010" lon="8.9566910">
    <ele>239.0</ele>
    <time>2026-07-12T18:15:14Z</time>
   </trkpt>
   <trkpt lat="48.9464870" lon="8.9567380">
    <ele>239.0</ele>
    <time>2026-07-12T18:15:15Z</time>
   </trkpt>
   <trkpt lat="48.9465730" lon="8.9567870">
    <ele>239.0</ele>
    <time>2026-07-12T18:15:16Z</time>
   </trkpt>
   <trkpt lat="48.9466510" lon="8.9568350">
    <ele>238.9</ele>
    <time>2026-07-12T18:15:17Z</time>
   </trkpt>
   <trkpt lat="48.9467350" lon="8.9568900">
    <ele>238.9</ele>
    <time>2026-07-12T18:15:18Z</time>
   </trkpt>
   <trkpt lat="48.9468190" lon="8.9569510">
    <ele>238.9</ele>
    <time>2026-07-12T18:15:19Z</time>
   </trkpt>
   <trkpt lat="48.9468940" lon="8.9570120">
    <ele>238.8</ele>
    <time>2026-07-12T18:15:20Z</time>
   </trkpt>
   <trkpt lat="48.9469680" lon="8.9570790">
    <ele>238.8</ele>
    <time>2026-07-12T18:15:21Z</time>
   </trkpt>
   <trkpt lat="48.9470400" lon="8.9571550">
    <ele>238.7</ele>
    <time>2026-07-12T18:15:22Z</time>
   </trkpt>
   <trkpt lat="48.9471130" lon="8.9572200">
    <ele>238.7</ele>
    <time>2026-07-12T18:15:23Z</time>
   </trkpt>
   <trkpt lat="48.9471790" lon="8.9573010">
    <ele>238.6</ele>
    <time>2026-07-12T18:15:24Z</time>
   </trkpt>
   <trkpt lat="48.9472500" lon="8.9573850">
    <ele>238.6</ele>
    <time>2026-07-12T18:15:25Z</time>
   </trkpt>
   <trkpt lat="48.9473110" lon="8.9574690">
    <ele>238.5</ele>
    <time>2026-07-12T18:15:26Z</time>
   </trkpt>
   <trkpt lat="48.9473810" lon="8.9575530">
    <ele>238.4</ele>
    <time>2026-07-12T18:15:27Z</time>
   </trkpt>
   <trkpt lat="48.9474460" lon="8.9576350">
    <ele>238.3</ele>
    <time>2026-07-12T18:15:28Z</time>
   </trkpt>
   <trkpt lat="48.9474460" lon="8.9576350">
    <ele>238.1</ele>
    <time>2026-07-12T18:15:29Z</time>
   </trkpt>
   <trkpt lat="48.9474460" lon="8.9576350">
    <ele>237.9</ele>
    <time>2026-07-12T18:15:30Z</time>
   </trkpt>
   <trkpt lat="48.9474460" lon="8.9576350">
    <ele>237.8</ele>
    <time>2026-07-12T18:15:31Z</time>
   </trkpt>
   <trkpt lat="48.9474460" lon="8.9576350">
    <ele>237.6</ele>
    <time>2026-07-12T18:15:32Z</time>
   </trkpt>
   <trkpt lat="48.9474460" lon="8.9576350">
    <ele>237.4</ele>
    <time>2026-07-12T18:15:33Z</time>
   </trkpt>
   <trkpt lat="48.9474460" lon="8.9576350">
    <ele>237.2</ele>
    <time>2026-07-12T18:15:34Z</time>
   </trkpt>
   <trkpt lat="48.9474460" lon="8.9576350">
    <ele>237.1</ele>
    <time>2026-07-12T18:15:35Z</time>
   </trkpt>
   <trkpt lat="48.9474460" lon="8.9576350">
    <ele>236.9</ele>
    <time>2026-07-12T18:15:36Z</time>
   </trkpt>
   <trkpt lat="48.9474460" lon="8.9576350">
    <ele>236.7</ele>
    <time>2026-07-12T18:15:37Z</time>
   </trkpt>
   <trkpt lat="48.9485020" lon="8.9590950">
    <ele>236.6</ele>
    <time>2026-07-12T18:15:46Z</time>
   </trkpt>
   <trkpt lat="48.9485560" lon="8.9591760">
    <ele>236.6</ele>
    <time>2026-07-12T18:15:47Z</time>
   </trkpt>
   <trkpt lat="48.9486130" lon="8.9592530">
    <ele>236.6</ele>
    <time>2026-07-12T18:15:48Z</time>
   </trkpt>
   <trkpt lat="48.9486700" lon="8.9593270">
    <ele>236.5</ele>
    <time>2026-07-12T18:15:49Z</time>
   </trkpt>
   <trkpt lat="48.9487300" lon="8.9594010">
    <ele>236.5</ele>
    <time>2026-07-12T18:15:50Z</time>
   </trkpt>
   <trkpt lat="48.9487890" lon="8.9594790">
    <ele>236.5</ele>
    <time>2026-07-12T18:15:51Z</time>
   </trkpt>
   <trkpt lat="48.9488440" lon="8.9595590">
    <ele>236.5</ele>
    <time>2026-07-12T18:15:52Z</time>
   </trkpt>
   <trkpt lat="48.9489050" lon="8.9596400">
    <ele>236.5</ele>
    <time>2026-07-12T18:15:53Z</time>
   </trkpt>
   <trkpt lat="48.9489620" lon="8.9597200">
    <ele>236.5</ele>
    <time>2026-07-12T18:15:54Z</time>
   </trkpt>
   <trkpt lat="48.9490210" lon="8.9597980">
    <ele>236.5</ele>
    <time>2026-07-12T18:15:55Z</time>
   </trkpt>
   <trkpt lat="48.9490820" lon="8.9598770">
    <ele>236.5</ele>
    <time>2026-07-12T18:15:56Z</time>
   </trkpt>
   <trkpt lat="48.9491410" lon="8.9599580">
    <ele>236.5</ele>
    <time>2026-07-12T18:15:57Z</time>
   </trkpt>
   <trkpt lat="48.9491980" lon="8.9600390">
    <ele>236.5</ele>
    <time>2026-07-12T18:15:58Z</time>
   </trkpt>
   <trkpt lat="48.9492580" lon="8.9601180">
    <ele>236.5</ele>
    <time>2026-07-12T18:15:59Z</time>
   </trkpt>
   <trkpt lat="48.9493150" lon="8.9601960">
    <ele>236.5</ele>
    <time>2026-07-12T18:16:00Z</time>
   </trkpt>
   <trkpt lat="48.9493720" lon="8.9602760">
    <ele>236.5</ele>
    <time>2026-07-12T18:16:01Z</time>
   </trkpt>
   <trkpt lat="48.9494250" lon="8.9603590">
    <ele>236.5</ele>
    <time>2026-07-12T18:16:02Z</time>
   </trkpt>
   <trkpt lat="48.9494830" lon="8.9604340">
    <ele>236.5</ele>
    <time>2026-07-12T18:16:03Z</time>
   </trkpt>
   <trkpt lat="48.9495390" lon="8.9605130">
    <ele>236.5</ele>
    <time>2026-07-12T18:16:04Z</time>
   </trkpt>
   <trkpt lat="48.9495940" lon="8.9605940">
    <ele>236.5</ele>
    <time>2026-07-12T18:16:05Z</time>
   </trkpt>
   <trkpt lat="48.9496530" lon="8.9606690">
    <ele>236.5</ele>
    <time>2026-07-12T18:16:06Z</time>
   </trkpt>
   <trkpt lat="48.9497110" lon="8.9607450">
    <ele>236.6</ele>
    <time>2026-07-12T18:16:07Z</time>
   </trkpt>
   <trkpt lat="48.9497690" lon="8.9608220">
    <ele>236.6</ele>
    <time>2026-07-12T18:16:08Z</time>
   </trkpt>
   <trkpt lat="48.9498270" lon="8.9608980">
    <ele>236.7</ele>
    <time>2026-07-12T18:16:09Z</time>
   </trkpt>
   <trkpt lat="48.9498830" lon="8.9609740">
    <ele>236.8</ele>
    <time>2026-07-12T18:16:10Z</time>
   </trkpt>
   <trkpt lat="48.9499360" lon="8.9610510">
    <ele>236.8</ele>
    <time>2026-07-12T18:16:11Z</time>
   </trkpt>
   <trkpt lat="48.9499910" lon="8.9611250">
    <ele>236.9</ele>
    <time>2026-07-12T18:16:12Z</time>
   </trkpt>
   <trkpt lat="48.9500460" lon="8.9612000">
    <ele>236.9</ele>
    <time>2026-07-12T18:16:13Z</time>
   </trkpt>
   <trkpt lat="48.9501010" lon="8.9612770">
    <ele>236.9</ele>
    <time>2026-07-12T18:16:14Z</time>
   </trkpt>
   <trkpt lat="48.9501570" lon="8.9613550">
    <ele>237.0</ele>
    <time>2026-07-12T18:16:15Z</time>
   </trkpt>
   <trkpt lat="48.9502090" lon="8.9614250">
    <ele>237.0</ele>
    <time>2026-07-12T18:16:16Z</time>
   </trkpt>
   <trkpt lat="48.9502650" lon="8.9615070">
    <ele>236.9</ele>
    <time>2026-07-12T18:16:17Z</time>
   </trkpt>
   <trkpt lat="48.9503140" lon="8.9615950">
    <ele>236.9</ele>
    <time>2026-07-12T18:16:18Z</time>
   </trkpt>
   <trkpt lat="48.9503660" lon="8.9616750">
    <ele>236.9</ele>
    <time>2026-07-12T18:16:19Z</time>
   </trkpt>
   <trkpt lat="48.9504160" lon="8.9617580">
    <ele>236.8</ele>
    <time>2026-07-12T18:16:20Z</time>
   </trkpt>
   <trkpt lat="48.9504630" lon="8.9618440">
    <ele>236.7</ele>
    <time>2026-07-12T18:16:21Z</time>
   </trkpt>
   <trkpt lat="48.9505110" lon="8.9619330">
    <ele>236.6</ele>
    <time>2026-07-12T18:16:22Z</time>
   </trkpt>
   <trkpt lat="48.9505610" lon="8.9620220">
    <ele>236.4</ele>
    <time>2026-07-12T18:16:23Z</time>
   </trkpt>
   <trkpt lat="48.9506100" lon="8.9621120">
    <ele>236.2</ele>
    <time>2026-07-12T18:16:24Z</time>
   </trkpt>
   <trkpt lat="48.9506550" lon="8.9622050">
    <ele>236.1</ele>
    <time>2026-07-12T18:16:25Z</time>
   </trkpt>
   <trkpt lat="48.9506970" lon="8.9622950">
    <ele>235.8</ele>
    <time>2026-07-12T18:16:26Z</time>
   </trkpt>
   <trkpt lat="48.9507400" lon="8.9623910">
    <ele>235.6</ele>
    <time>2026-07-12T18:16:27Z</time>
   </trkpt>
   <trkpt lat="48.9507810" lon="8.9624860">
    <ele>235.4</ele>
    <time>2026-07-12T18:16:28Z</time>
   </trkpt>
   <trkpt lat="48.9508200" lon="8.9625840">
    <ele>235.1</ele>
    <time>2026-07-12T18:16:29Z</time>
   </trkpt>
   <trkpt lat="48.9508590" lon="8.9626830">
    <ele>234.9</ele>
    <time>2026-07-12T18:16:30Z</time>
   </trkpt>
   <trkpt lat="48.9508970" lon="8.9627810">
    <ele>234.7</ele>
    <time>2026-07-12T18:16:31Z</time>
   </trkpt>
   <trkpt lat="48.9509310" lon="8.9628790">
    <ele>234.4</ele>
    <time>2026-07-12T18:16:32Z</time>
   </trkpt>
   <trkpt lat="48.9509600" lon="8.9629890">
    <ele>234.2</ele>
    <time>2026-07-12T18:16:33Z</time>
   </trkpt>
   <trkpt lat="48.9509930" lon="8.9630930">
    <ele>233.9</ele>
    <time>2026-07-12T18:16:34Z</time>
   </trkpt>
   <trkpt lat="48.9510220" lon="8.9631920">
    <ele>233.7</ele>
    <time>2026-07-12T18:16:35Z</time>
   </trkpt>
   <trkpt lat="48.9510540" lon="8.9632960">
    <ele>233.6</ele>
    <time>2026-07-12T18:16:36Z</time>
   </trkpt>
   <trkpt lat="48.9510870" lon="8.9634040">
    <ele>233.4</ele>
    <time>2026-07-12T18:16:37Z</time>
   </trkpt>
   <trkpt lat="48.9511210" lon="8.9635090">
    <ele>233.2</ele>
    <time>2026-07-12T18:16:38Z</time>
   </trkpt>
   <trkpt lat="48.9511560" lon="8.9636150">
    <ele>233.1</ele>
    <time>2026-07-12T18:16:39Z</time>
   </trkpt>
   <trkpt lat="48.9511880" lon="8.9637200">
    <ele>233.0</ele>
    <time>2026-07-12T18:16:40Z</time>
   </trkpt>
   <trkpt lat="48.9512230" lon="8.9638230">
    <ele>233.0</ele>
    <time>2026-07-12T18:16:41Z</time>
   </trkpt>
   <trkpt lat="48.9512520" lon="8.9639250">
    <ele>233.0</ele>
    <time>2026-07-12T18:16:42Z</time>
   </trkpt>
   <trkpt lat="48.9512870" lon="8.9640290">
    <ele>233.0</ele>
    <time>2026-07-12T18:16:43Z</time>
   </trkpt>
   <trkpt lat="48.9513210" lon="8.9641310">
    <ele>233.0</ele>
    <time>2026-07-12T18:16:44Z</time>
   </trkpt>
   <trkpt lat="48.9513520" lon="8.9642290">
    <ele>233.0</ele>
    <time>2026-07-12T18:16:45Z</time>
   </trkpt>
   <trkpt lat="48.9513870" lon="8.9643310">
    <ele>233.0</ele>
    <time>2026-07-12T18:16:46Z</time>
   </trkpt>
   <trkpt lat="48.9514190" lon="8.9644320">
    <ele>233.1</ele>
    <time>2026-07-12T18:16:47Z</time>
   </trkpt>
   <trkpt lat="48.9514510" lon="8.9645320">
    <ele>233.2</ele>
    <time>2026-07-12T18:16:48Z</time>
   </trkpt>
   <trkpt lat="48.9514830" lon="8.9646320">
    <ele>233.3</ele>
    <time>2026-07-12T18:16:49Z</time>
   </trkpt>
   <trkpt lat="48.9515160" lon="8.9647290">
    <ele>233.3</ele>
    <time>2026-07-12T18:16:50Z</time>
   </trkpt>
   <trkpt lat="48.9515500" lon="8.9648280">
    <ele>233.4</ele>
    <time>2026-07-12T18:16:51Z</time>
   </trkpt>
   <trkpt lat="48.9515820" lon="8.9649300">
    <ele>233.5</ele>
    <time>2026-07-12T18:16:52Z</time>
   </trkpt>
   <trkpt lat="48.9516190" lon="8.9650290">
    <ele>233.6</ele>
    <time>2026-07-12T18:16:53Z</time>
   </trkpt>
   <trkpt lat="48.9516480" lon="8.9651310">
    <ele>233.6</ele>
    <time>2026-07-12T18:16:54Z</time>
   </trkpt>
   <trkpt lat="48.9516790" lon="8.9652320">
    <ele>233.7</ele>
    <time>2026-07-12T18:16:55Z</time>
   </trkpt>
   <trkpt lat="48.9517110" lon="8.9653270">
    <ele>233.8</ele>
    <time>2026-07-12T18:16:56Z</time>
   </trkpt>
   <trkpt lat="48.9517400" lon="8.9654230">
    <ele>233.9</ele>
    <time>2026-07-12T18:16:57Z</time>
   </trkpt>
   <trkpt lat="48.9517770" lon="8.9655220">
    <ele>234.0</ele>
    <time>2026-07-12T18:16:58Z</time>
   </trkpt>
   <trkpt lat="48.9518090" lon="8.9656220">
    <ele>234.0</ele>
    <time>2026-07-12T18:16:59Z</time>
   </trkpt>
   <trkpt lat="48.9518450" lon="8.9657160">
    <ele>234.1</ele>
    <time>2026-07-12T18:17:00Z</time>
   </trkpt>
   <trkpt lat="48.9518790" lon="8.9658090">
    <ele>234.2</ele>
    <time>2026-07-12T18:17:01Z</time>
   </trkpt>
   <trkpt lat="48.9519080" lon="8.9658980">
    <ele>234.2</ele>
    <time>2026-07-12T18:17:02Z</time>
   </trkpt>
   <trkpt lat="48.9519400" lon="8.9659870">
    <ele>234.3</ele>
    <time>2026-07-12T18:17:03Z</time>
   </trkpt>
   <trkpt lat="48.9519660" lon="8.9660760">
    <ele>234.4</ele>
    <time>2026-07-12T18:17:04Z</time>
   </trkpt>
   <trkpt lat="48.9519890" lon="8.9661650">
    <ele>234.5</ele>
    <time>2026-07-12T18:17:05Z</time>
   </trkpt>
   <trkpt lat="48.9520230" lon="8.9662250">
    <ele>234.6</ele>
    <time>2026-07-12T18:17:06Z</time>
   </trkpt>
   <trkpt lat="48.9520490" lon="8.9663090">
    <ele>234.7</ele>
    <time>2026-07-12T18:17:07Z</time>
   </trkpt>
   <trkpt lat="48.9520860" lon="8.9664050">
    <ele>234.8</ele>
    <time>2026-07-12T18:17:08Z</time>
   </trkpt>
   <trkpt lat="48.9521190" lon="8.9665020">
    <ele>235.4</ele>
    <time>2026-07-12T18:17:09Z</time>
   </trkpt>
   <trkpt lat="48.9521540" lon="8.9666030">
    <ele>236.2</ele>
    <time>2026-07-12T18:17:10Z</time>
   </trkpt>
   <trkpt lat="48.9521850" lon="8.9667100">
    <ele>236.6</ele>
    <time>2026-07-12T18:17:11Z</time>
   </trkpt>
   <trkpt lat="48.9522090" lon="8.9668180">
    <ele>236.5</ele>
    <time>2026-07-12T18:17:12Z</time>
   </trkpt>
   <trkpt lat="48.9522370" lon="8.9669270">
    <ele>236.3</ele>
    <time>2026-07-12T18:17:13Z</time>
   </trkpt>
   <trkpt lat="48.9522660" lon="8.9670370">
    <ele>236.2</ele>
    <time>2026-07-12T18:17:14Z</time>
   </trkpt>
   <trkpt lat="48.9522990" lon="8.9671420">
    <ele>236.1</ele>
    <time>2026-07-12T18:17:15Z</time>
   </trkpt>
   <trkpt lat="48.9523230" lon="8.9672580">
    <ele>236.0</ele>
    <time>2026-07-12T18:17:16Z</time>
   </trkpt>
   <trkpt lat="48.9523520" lon="8.9673730">
    <ele>235.9</ele>
    <time>2026-07-12T18:17:17Z</time>
   </trkpt>
   <trkpt lat="48.9523720" lon="8.9674910">
    <ele>235.9</ele>
    <time>2026-07-12T18:17:18Z</time>
   </trkpt>
   <trkpt lat="48.9523960" lon="8.9676100">
    <ele>235.9</ele>
    <time>2026-07-12T18:17:19Z</time>
   </trkpt>
   <trkpt lat="48.9524220" lon="8.9677150">
    <ele>235.9</ele>
    <time>2026-07-12T18:17:20Z</time>
   </trkpt>
   <trkpt lat="48.9524400" lon="8.9678310">
    <ele>235.8</ele>
    <time>2026-07-12T18:17:21Z</time>
   </trkpt>
   <trkpt lat="48.9524540" lon="8.9679400">
    <ele>235.8</ele>
    <time>2026-07-12T18:17:22Z</time>
   </trkpt>
   <trkpt lat="48.9524700" lon="8.9680430">
    <ele>235.8</ele>
    <time>2026-07-12T18:17:23Z</time>
   </trkpt>
   <trkpt lat="48.9524910" lon="8.9681560">
    <ele>235.8</ele>
    <time>2026-07-12T18:17:24Z</time>
   </trkpt>
   <trkpt lat="48.9525070" lon="8.9682690">
    <ele>235.8</ele>
    <time>2026-07-12T18:17:25Z</time>
   </trkpt>
   <trkpt lat="48.9525220" lon="8.9683820">
    <ele>235.8</ele>
    <time>2026-07-12T18:17:26Z</time>
   </trkpt>
   <trkpt lat="48.9525420" lon="8.9684980">
    <ele>235.8</ele>
    <time>2026-07-12T18:17:27Z</time>
   </trkpt>
   <trkpt lat="48.9525570" lon="8.9686150">
    <ele>235.8</ele>
    <time>2026-07-12T18:17:28Z</time>
   </trkpt>
   <trkpt lat="48.9525730" lon="8.9687330">
    <ele>235.8</ele>
    <time>2026-07-12T18:17:29Z</time>
   </trkpt>
   <trkpt lat="48.9525850" lon="8.9688450">
    <ele>235.8</ele>
    <time>2026-07-12T18:17:30Z</time>
   </trkpt>
   <trkpt lat="48.9525990" lon="8.9689680">
    <ele>235.8</ele>
    <time>2026-07-12T18:17:31Z</time>
   </trkpt>
   <trkpt lat="48.9526120" lon="8.9690870">
    <ele>235.8</ele>
    <time>2026-07-12T18:17:32Z</time>
   </trkpt>
   <trkpt lat="48.9526250" lon="8.9692060">
    <ele>235.8</ele>
    <time>2026-07-12T18:17:33Z</time>
   </trkpt>
   <trkpt lat="48.9526390" lon="8.9693220">
    <ele>235.7</ele>
    <time>2026-07-12T18:17:34Z</time>
   </trkpt>
   <trkpt lat="48.9526490" lon="8.9694330">
    <ele>235.7</ele>
    <time>2026-07-12T18:17:35Z</time>
   </trkpt>
   <trkpt lat="48.9526590" lon="8.9695450">
    <ele>235.7</ele>
    <time>2026-07-12T18:17:36Z</time>
   </trkpt>
   <trkpt lat="48.9526700" lon="8.9696560">
    <ele>235.7</ele>
    <time>2026-07-12T18:17:37Z</time>
   </trkpt>
   <trkpt lat="48.9526800" lon="8.9697670">
    <ele>235.7</ele>
    <time>2026-07-12T18:17:38Z</time>
   </trkpt>
   <trkpt lat="48.9526950" lon="8.9698850">
    <ele>235.8</ele>
    <time>2026-07-12T18:17:39Z</time>
   </trkpt>
   <trkpt lat="48.9527070" lon="8.9700000">
    <ele>235.8</ele>
    <time>2026-07-12T18:17:40Z</time>
   </trkpt>
   <trkpt lat="48.9527220" lon="8.9701190">
    <ele>235.8</ele>
    <time>2026-07-12T18:17:41Z</time>
   </trkpt>
   <trkpt lat="48.9527350" lon="8.9702420">
    <ele>235.8</ele>
    <time>2026-07-12T18:17:42Z</time>
   </trkpt>
   <trkpt lat="48.9527460" lon="8.9703580">
    <ele>235.9</ele>
    <time>2026-07-12T18:17:43Z</time>
   </trkpt>
   <trkpt lat="48.9527590" lon="8.9704790">
    <ele>235.9</ele>
    <time>2026-07-12T18:17:44Z</time>
   </trkpt>
   <trkpt lat="48.9527710" lon="8.9705990">
    <ele>235.9</ele>
    <time>2026-07-12T18:17:45Z</time>
   </trkpt>
   <trkpt lat="48.9527870" lon="8.9707220">
    <ele>236.0</ele>
    <time>2026-07-12T18:17:46Z</time>
   </trkpt>
   <trkpt lat="48.9528010" lon="8.9708450">
    <ele>236.1</ele>
    <time>2026-07-12T18:17:47Z</time>
   </trkpt>
   <trkpt lat="48.9528150" lon="8.9709680">
    <ele>236.2</ele>
    <time>2026-07-12T18:17:48Z</time>
   </trkpt>
   <trkpt lat="48.9528260" lon="8.9710910">
    <ele>236.3</ele>
    <time>2026-07-12T18:17:49Z</time>
   </trkpt>
   <trkpt lat="48.9528390" lon="8.9712130">
    <ele>236.5</ele>
    <time>2026-07-12T18:17:50Z</time>
   </trkpt>
   <trkpt lat="48.9528520" lon="8.9713320">
    <ele>236.7</ele>
    <time>2026-07-12T18:17:51Z</time>
   </trkpt>
   <trkpt lat="48.9528660" lon="8.9714510">
    <ele>236.8</ele>
    <time>2026-07-12T18:17:52Z</time>
   </trkpt>
   <trkpt lat="48.9528780" lon="8.9715720">
    <ele>237.0</ele>
    <time>2026-07-12T18:17:53Z</time>
   </trkpt>
   <trkpt lat="48.9528910" lon="8.9716860">
    <ele>237.1</ele>
    <time>2026-07-12T18:17:54Z</time>
   </trkpt>
   <trkpt lat="48.9529050" lon="8.9718010">
    <ele>237.2</ele>
    <time>2026-07-12T18:17:55Z</time>
   </trkpt>
   <trkpt lat="48.9529170" lon="8.9719130">
    <ele>237.3</ele>
    <time>2026-07-12T18:17:56Z</time>
   </trkpt>
   <trkpt lat="48.9529290" lon="8.9720270">
    <ele>237.4</ele>
    <time>2026-07-12T18:17:57Z</time>
   </trkpt>
   <trkpt lat="48.9529430" lon="8.9721370">
    <ele>237.6</ele>
    <time>2026-07-12T18:17:58Z</time>
   </trkpt>
   <trkpt lat="48.9529580" lon="8.9722500">
    <ele>237.7</ele>
    <time>2026-07-12T18:17:59Z</time>
   </trkpt>
   <trkpt lat="48.9529680" lon="8.9723590">
    <ele>237.8</ele>
    <time>2026-07-12T18:18:00Z</time>
   </trkpt>
   <trkpt lat="48.9529790" lon="8.9724680">
    <ele>237.9</ele>
    <time>2026-07-12T18:18:01Z</time>
   </trkpt>
   <trkpt lat="48.9529920" lon="8.9725680">
    <ele>238.0</ele>
    <time>2026-07-12T18:18:02Z</time>
   </trkpt>
   <trkpt lat="48.9530040" lon="8.9726750">
    <ele>238.2</ele>
    <time>2026-07-12T18:18:03Z</time>
   </trkpt>
   <trkpt lat="48.9530170" lon="8.9727810">
    <ele>238.3</ele>
    <time>2026-07-12T18:18:04Z</time>
   </trkpt>
   <trkpt lat="48.9530300" lon="8.9728890">
    <ele>238.4</ele>
    <time>2026-07-12T18:18:05Z</time>
   </trkpt>
   <trkpt lat="48.9530430" lon="8.9729960">
    <ele>238.5</ele>
    <time>2026-07-12T18:18:06Z</time>
   </trkpt>
   <trkpt lat="48.9530620" lon="8.9731020">
    <ele>238.7</ele>
    <time>2026-07-12T18:18:07Z</time>
   </trkpt>
   <trkpt lat="48.9530800" lon="8.9732130">
    <ele>238.8</ele>
    <time>2026-07-12T18:18:08Z</time>
   </trkpt>
   <trkpt lat="48.9530980" lon="8.9733190">
    <ele>239.0</ele>
    <time>2026-07-12T18:18:09Z</time>
   </trkpt>
   <trkpt lat="48.9531140" lon="8.9734210">
    <ele>239.1</ele>
    <time>2026-07-12T18:18:10Z</time>
   </trkpt>
   <trkpt lat="48.9531300" lon="8.9735240">
    <ele>239.3</ele>
    <time>2026-07-12T18:18:11Z</time>
   </trkpt>
   <trkpt lat="48.9531510" lon="8.9736330">
    <ele>239.4</ele>
    <time>2026-07-12T18:18:12Z</time>
   </trkpt>
   <trkpt lat="48.9531700" lon="8.9737430">
    <ele>239.4</ele>
    <time>2026-07-12T18:18:13Z</time>
   </trkpt>
   <trkpt lat="48.9531850" lon="8.9738500">
    <ele>239.5</ele>
    <time>2026-07-12T18:18:14Z</time>
   </trkpt>
   <trkpt lat="48.9532070" lon="8.9739530">
    <ele>239.5</ele>
    <time>2026-07-12T18:18:15Z</time>
   </trkpt>
   <trkpt lat="48.9532270" lon="8.9740560">
    <ele>239.6</ele>
    <time>2026-07-12T18:18:16Z</time>
   </trkpt>
   <trkpt lat="48.9532490" lon="8.9741610">
    <ele>239.7</ele>
    <time>2026-07-12T18:18:17Z</time>
   </trkpt>
   <trkpt lat="48.9532710" lon="8.9742660">
    <ele>239.7</ele>
    <time>2026-07-12T18:18:18Z</time>
   </trkpt>
   <trkpt lat="48.9533010" lon="8.9743680">
    <ele>239.8</ele>
    <time>2026-07-12T18:18:19Z</time>
   </trkpt>
   <trkpt lat="48.9533220" lon="8.9744690">
    <ele>239.9</ele>
    <time>2026-07-12T18:18:20Z</time>
   </trkpt>
   <trkpt lat="48.9533490" lon="8.9745730">
    <ele>240.0</ele>
    <time>2026-07-12T18:18:21Z</time>
   </trkpt>
   <trkpt lat="48.9533740" lon="8.9746780">
    <ele>240.1</ele>
    <time>2026-07-12T18:18:22Z</time>
   </trkpt>
   <trkpt lat="48.9534030" lon="8.9747820">
    <ele>240.2</ele>
    <time>2026-07-12T18:18:23Z</time>
   </trkpt>
   <trkpt lat="48.9534290" lon="8.9748880">
    <ele>240.2</ele>
    <time>2026-07-12T18:18:24Z</time>
   </trkpt>
   <trkpt lat="48.9534560" lon="8.9749880">
    <ele>240.3</ele>
    <time>2026-07-12T18:18:25Z</time>
   </trkpt>
   <trkpt lat="48.9534800" lon="8.9750930">
    <ele>240.4</ele>
    <time>2026-07-12T18:18:26Z</time>
   </trkpt>
   <trkpt lat="48.9534990" lon="8.9751950">
    <ele>240.5</ele>
    <time>2026-07-12T18:18:27Z</time>
   </trkpt>
   <trkpt lat="48.9535250" lon="8.9753020">
    <ele>240.6</ele>
    <time>2026-07-12T18:18:28Z</time>
   </trkpt>
   <trkpt lat="48.9535460" lon="8.9754040">
    <ele>240.7</ele>
    <time>2026-07-12T18:18:29Z</time>
   </trkpt>
   <trkpt lat="48.9535670" lon="8.9755080">
    <ele>240.8</ele>
    <time>2026-07-12T18:18:30Z</time>
   </trkpt>
   <trkpt lat="48.9535890" lon="8.9756120">
    <ele>240.9</ele>
    <time>2026-07-12T18:18:31Z</time>
   </trkpt>
   <trkpt lat="48.9536130" lon="8.9757110">
    <ele>241.0</ele>
    <time>2026-07-12T18:18:32Z</time>
   </trkpt>
   <trkpt lat="48.9536390" lon="8.9758080">
    <ele>241.1</ele>
    <time>2026-07-12T18:18:33Z</time>
   </trkpt>
   <trkpt lat="48.9536640" lon="8.9759160">
    <ele>241.2</ele>
    <time>2026-07-12T18:18:34Z</time>
   </trkpt>
   <trkpt lat="48.9536880" lon="8.9760150">
    <ele>241.2</ele>
    <time>2026-07-12T18:18:35Z</time>
   </trkpt>
   <trkpt lat="48.9537090" lon="8.9761210">
    <ele>241.3</ele>
    <time>2026-07-12T18:18:36Z</time>
   </trkpt>
   <trkpt lat="48.9537280" lon="8.9762190">
    <ele>241.4</ele>
    <time>2026-07-12T18:18:37Z</time>
   </trkpt>
   <trkpt lat="48.9537540" lon="8.9763110">
    <ele>241.5</ele>
    <time>2026-07-12T18:18:38Z</time>
   </trkpt>
   <trkpt lat="48.9537770" lon="8.9764090">
    <ele>241.6</ele>
    <time>2026-07-12T18:18:39Z</time>
   </trkpt>
   <trkpt lat="48.9538070" lon="8.9764980">
    <ele>241.7</ele>
    <time>2026-07-12T18:18:40Z</time>
   </trkpt>
   <trkpt lat="48.9538330" lon="8.9765920">
    <ele>241.8</ele>
    <time>2026-07-12T18:18:41Z</time>
   </trkpt>
   <trkpt lat="48.9538550" lon="8.9766890">
    <ele>241.9</ele>
    <time>2026-07-12T18:18:42Z</time>
   </trkpt>
   <trkpt lat="48.9538790" lon="8.9767890">
    <ele>241.9</ele>
    <time>2026-07-12T18:18:43Z</time>
   </trkpt>
   <trkpt lat="48.9539020" lon="8.9768870">
    <ele>242.0</ele>
    <time>2026-07-12T18:18:44Z</time>
   </trkpt>
   <trkpt lat="48.9539240" lon="8.9769870">
    <ele>242.1</ele>
    <time>2026-07-12T18:18:45Z</time>
   </trkpt>
   <trkpt lat="48.9539450" lon="8.9770800">
    <ele>242.2</ele>
    <time>2026-07-12T18:18:46Z</time>
   </trkpt>
   <trkpt lat="48.9539600" lon="8.9771620">
    <ele>242.3</ele>
    <time>2026-07-12T18:18:47Z</time>
   </trkpt>
   <trkpt lat="48.9539810" lon="8.9772500">
    <ele>242.4</ele>
    <time>2026-07-12T18:18:48Z</time>
   </trkpt>
   <trkpt lat="48.9540020" lon="8.9773430">
    <ele>242.5</ele>
    <time>2026-07-12T18:18:49Z</time>
   </trkpt>
   <trkpt lat="48.9540220" lon="8.9774270">
    <ele>242.6</ele>
    <time>2026-07-12T18:18:50Z</time>
   </trkpt>
   <trkpt lat="48.9540400" lon="8.9775120">
    <ele>242.7</ele>
    <time>2026-07-12T18:18:51Z</time>
   </trkpt>
   <trkpt lat="48.9540600" lon="8.9775990">
    <ele>242.8</ele>
    <time>2026-07-12T18:18:52Z</time>
   </trkpt>
   <trkpt lat="48.9540780" lon="8.9776930">
    <ele>242.9</ele>
    <time>2026-07-12T18:18:53Z</time>
   </trkpt>
   <trkpt lat="48.9541030" lon="8.9777850">
    <ele>243.0</ele>
    <time>2026-07-12T18:18:54Z</time>
   </trkpt>
   <trkpt lat="48.9541230" lon="8.9778710">
    <ele>243.1</ele>
    <time>2026-07-12T18:18:55Z</time>
   </trkpt>
   <trkpt lat="48.9541470" lon="8.9779600">
    <ele>243.1</ele>
    <time>2026-07-12T18:18:56Z</time>
   </trkpt>
   <trkpt lat="48.9541740" lon="8.9780490">
    <ele>243.2</ele>
    <time>2026-07-12T18:18:57Z</time>
   </trkpt>
   <trkpt lat="48.9541950" lon="8.9781410">
    <ele>243.3</ele>
    <time>2026-07-12T18:18:58Z</time>
   </trkpt>
   <trkpt lat="48.9542080" lon="8.9782250">
    <ele>243.3</ele>
    <time>2026-07-12T18:18:59Z</time>
   </trkpt>
   <trkpt lat="48.9542310" lon="8.9783090">
    <ele>243.4</ele>
    <time>2026-07-12T18:19:00Z</time>
   </trkpt>
   <trkpt lat="48.9542500" lon="8.9784000">
    <ele>243.5</ele>
    <time>2026-07-12T18:19:01Z</time>
   </trkpt>
   <trkpt lat="48.9542700" lon="8.9784860">
    <ele>243.6</ele>
    <time>2026-07-12T18:19:02Z</time>
   </trkpt>
   <trkpt lat="48.9542960" lon="8.9785650">
    <ele>243.7</ele>
    <time>2026-07-12T18:19:03Z</time>
   </trkpt>
   <trkpt lat="48.9543170" lon="8.9786530">
    <ele>243.8</ele>
    <time>2026-07-12T18:19:04Z</time>
   </trkpt>
   <trkpt lat="48.9543430" lon="8.9787370">
    <ele>243.9</ele>
    <time>2026-07-12T18:19:05Z</time>
   </trkpt>
   <trkpt lat="48.9543620" lon="8.9788290">
    <ele>244.0</ele>
    <time>2026-07-12T18:19:06Z</time>
   </trkpt>
   <trkpt lat="48.9543880" lon="8.9789300">
    <ele>244.1</ele>
    <time>2026-07-12T18:19:07Z</time>
   </trkpt>
   <trkpt lat="48.9544100" lon="8.9790240">
    <ele>244.2</ele>
    <time>2026-07-12T18:19:08Z</time>
   </trkpt>
   <trkpt lat="48.9544300" lon="8.9791140">
    <ele>244.3</ele>
    <time>2026-07-12T18:19:09Z</time>
   </trkpt>
   <trkpt lat="48.9544510" lon="8.9792020">
    <ele>244.4</ele>
    <time>2026-07-12T18:19:10Z</time>
   </trkpt>
   <trkpt lat="48.9544740" lon="8.9792900">
    <ele>244.5</ele>
    <time>2026-07-12T18:19:11Z</time>
   </trkpt>
   <trkpt lat="48.9544920" lon="8.9793780">
    <ele>244.6</ele>
    <time>2026-07-12T18:19:12Z</time>
   </trkpt>
   <trkpt lat="48.9545130" lon="8.9794600">
    <ele>244.7</ele>
    <time>2026-07-12T18:19:13Z</time>
   </trkpt>
   <trkpt lat="48.9545360" lon="8.9795550">
    <ele>244.8</ele>
    <time>2026-07-12T18:19:14Z</time>
   </trkpt>
   <trkpt lat="48.9545560" lon="8.9796430">
    <ele>244.9</ele>
    <time>2026-07-12T18:19:15Z</time>
   </trkpt>
   <trkpt lat="48.9545790" lon="8.9797370">
    <ele>245.0</ele>
    <time>2026-07-12T18:19:16Z</time>
   </trkpt>
   <trkpt lat="48.9546030" lon="8.9798330">
    <ele>245.1</ele>
    <time>2026-07-12T18:19:17Z</time>
   </trkpt>
   <trkpt lat="48.9546210" lon="8.9799250">
    <ele>245.2</ele>
    <time>2026-07-12T18:19:18Z</time>
   </trkpt>
   <trkpt lat="48.9546330" lon="8.9800140">
    <ele>245.3</ele>
    <time>2026-07-12T18:19:19Z</time>
   </trkpt>
   <trkpt lat="48.9546550" lon="8.9801150">
    <ele>245.4</ele>
    <time>2026-07-12T18:19:20Z</time>
   </trkpt>
   <trkpt lat="48.9546780" lon="8.9802050">
    <ele>245.5</ele>
    <time>2026-07-12T18:19:21Z</time>
   </trkpt>
   <trkpt lat="48.9547030" lon="8.9803010">
    <ele>245.6</ele>
    <time>2026-07-12T18:19:22Z</time>
   </trkpt>
   <trkpt lat="48.9547250" lon="8.9803910">
    <ele>245.6</ele>
    <time>2026-07-12T18:19:23Z</time>
   </trkpt>
   <trkpt lat="48.9547480" lon="8.9804890">
    <ele>245.7</ele>
    <time>2026-07-12T18:19:24Z</time>
   </trkpt>
   <trkpt lat="48.9547690" lon="8.9805830">
    <ele>245.8</ele>
    <time>2026-07-12T18:19:25Z</time>
   </trkpt>
   <trkpt lat="48.9547920" lon="8.9806780">
    <ele>245.9</ele>
    <time>2026-07-12T18:19:26Z</time>
   </trkpt>
   <trkpt lat="48.9548210" lon="8.9807730">
    <ele>245.9</ele>
    <time>2026-07-12T18:19:27Z</time>
   </trkpt>
   <trkpt lat="48.9548500" lon="8.9808650">
    <ele>246.0</ele>
    <time>2026-07-12T18:19:28Z</time>
   </trkpt>
   <trkpt lat="48.9548790" lon="8.9809660">
    <ele>246.1</ele>
    <time>2026-07-12T18:19:29Z</time>
   </trkpt>
   <trkpt lat="48.9549000" lon="8.9810710">
    <ele>246.2</ele>
    <time>2026-07-12T18:19:30Z</time>
   </trkpt>
   <trkpt lat="48.9549220" lon="8.9811720">
    <ele>246.2</ele>
    <time>2026-07-12T18:19:31Z</time>
   </trkpt>
   <trkpt lat="48.9549480" lon="8.9812680">
    <ele>246.3</ele>
    <time>2026-07-12T18:19:32Z</time>
   </trkpt>
   <trkpt lat="48.9549740" lon="8.9813650">
    <ele>246.4</ele>
    <time>2026-07-12T18:19:33Z</time>
   </trkpt>
   <trkpt lat="48.9549960" lon="8.9814720">
    <ele>246.4</ele>
    <time>2026-07-12T18:19:34Z</time>
   </trkpt>
   <trkpt lat="48.9550170" lon="8.9815700">
    <ele>246.5</ele>
    <time>2026-07-12T18:19:35Z</time>
   </trkpt>
   <trkpt lat="48.9550320" lon="8.9816720">
    <ele>246.5</ele>
    <time>2026-07-12T18:19:36Z</time>
   </trkpt>
   <trkpt lat="48.9550530" lon="8.9817770">
    <ele>246.6</ele>
    <time>2026-07-12T18:19:37Z</time>
   </trkpt>
   <trkpt lat="48.9550720" lon="8.9818850">
    <ele>246.6</ele>
    <time>2026-07-12T18:19:38Z</time>
   </trkpt>
   <trkpt lat="48.9550880" lon="8.9819900">
    <ele>246.7</ele>
    <time>2026-07-12T18:19:39Z</time>
   </trkpt>
   <trkpt lat="48.9551100" lon="8.9820970">
    <ele>246.7</ele>
    <time>2026-07-12T18:19:40Z</time>
   </trkpt>
   <trkpt lat="48.9551280" lon="8.9822030">
    <ele>246.8</ele>
    <time>2026-07-12T18:19:41Z</time>
   </trkpt>
   <trkpt lat="48.9551430" lon="8.9823120">
    <ele>246.8</ele>
    <time>2026-07-12T18:19:42Z</time>
   </trkpt>
   <trkpt lat="48.9551570" lon="8.9824220">
    <ele>246.9</ele>
    <time>2026-07-12T18:19:43Z</time>
   </trkpt>
   <trkpt lat="48.9551680" lon="8.9825360">
    <ele>247.0</ele>
    <time>2026-07-12T18:19:44Z</time>
   </trkpt>
   <trkpt lat="48.9551780" lon="8.9826360">
    <ele>247.0</ele>
    <time>2026-07-12T18:19:45Z</time>
   </trkpt>
   <trkpt lat="48.9551890" lon="8.9827480">
    <ele>247.1</ele>
    <time>2026-07-12T18:19:46Z</time>
   </trkpt>
   <trkpt lat="48.9551980" lon="8.9828620">
    <ele>247.1</ele>
    <time>2026-07-12T18:19:47Z</time>
   </trkpt>
   <trkpt lat="48.9552080" lon="8.9829700">
    <ele>247.2</ele>
    <time>2026-07-12T18:19:48Z</time>
   </trkpt>
   <trkpt lat="48.9552160" lon="8.9830770">
    <ele>247.2</ele>
    <time>2026-07-12T18:19:49Z</time>
   </trkpt>
   <trkpt lat="48.9552230" lon="8.9831840">
    <ele>247.3</ele>
    <time>2026-07-12T18:19:50Z</time>
   </trkpt>
   <trkpt lat="48.9552280" lon="8.9832880">
    <ele>247.3</ele>
    <time>2026-07-12T18:19:51Z</time>
   </trkpt>
   <trkpt lat="48.9552320" lon="8.9833990">
    <ele>247.3</ele>
    <time>2026-07-12T18:19:52Z</time>
   </trkpt>
   <trkpt lat="48.9552370" lon="8.9835050">
    <ele>247.4</ele>
    <time>2026-07-12T18:19:53Z</time>
   </trkpt>
   <trkpt lat="48.9552350" lon="8.9836120">
    <ele>247.4</ele>
    <time>2026-07-12T18:19:54Z</time>
   </trkpt>
   <trkpt lat="48.9552360" lon="8.9837190">
    <ele>247.4</ele>
    <time>2026-07-12T18:19:55Z</time>
   </trkpt>
   <trkpt lat="48.9552350" lon="8.9838280">
    <ele>247.5</ele>
    <time>2026-07-12T18:19:56Z</time>
   </trkpt>
   <trkpt lat="48.9552300" lon="8.9839300">
    <ele>247.5</ele>
    <time>2026-07-12T18:19:57Z</time>
   </trkpt>
   <trkpt lat="48.9552270" lon="8.9840350">
    <ele>247.6</ele>
    <time>2026-07-12T18:19:58Z</time>
   </trkpt>
   <trkpt lat="48.9552230" lon="8.9841390">
    <ele>247.6</ele>
    <time>2026-07-12T18:19:59Z</time>
   </trkpt>
   <trkpt lat="48.9552200" lon="8.9842470">
    <ele>247.7</ele>
    <time>2026-07-12T18:20:00Z</time>
   </trkpt>
   <trkpt lat="48.9552130" lon="8.9843510">
    <ele>247.8</ele>
    <time>2026-07-12T18:20:01Z</time>
   </trkpt>
   <trkpt lat="48.9552080" lon="8.9844600">
    <ele>247.8</ele>
    <time>2026-07-12T18:20:02Z</time>
   </trkpt>
   <trkpt lat="48.9552020" lon="8.9845640">
    <ele>247.8</ele>
    <time>2026-07-12T18:20:03Z</time>
   </trkpt>
   <trkpt lat="48.9551990" lon="8.9846700">
    <ele>247.8</ele>
    <time>2026-07-12T18:20:04Z</time>
   </trkpt>
   <trkpt lat="48.9551950" lon="8.9847790">
    <ele>247.8</ele>
    <time>2026-07-12T18:20:05Z</time>
   </trkpt>
   <trkpt lat="48.9551900" lon="8.9848850">
    <ele>247.8</ele>
    <time>2026-07-12T18:20:06Z</time>
   </trkpt>
   <trkpt lat="48.9551860" lon="8.9849900">
    <ele>247.8</ele>
    <time>2026-07-12T18:20:07Z</time>
   </trkpt>
   <trkpt lat="48.9551810" lon="8.9851010">
    <ele>247.7</ele>
    <time>2026-07-12T18:20:08Z</time>
   </trkpt>
   <trkpt lat="48.9551780" lon="8.9852080">
    <ele>247.7</ele>
    <time>2026-07-12T18:20:09Z</time>
   </trkpt>
   <trkpt lat="48.9551760" lon="8.9853160">
    <ele>247.7</ele>
    <time>2026-07-12T18:20:10Z</time>
   </trkpt>
   <trkpt lat="48.9551760" lon="8.9854250">
    <ele>247.6</ele>
    <time>2026-07-12T18:20:11Z</time>
   </trkpt>
   <trkpt lat="48.9551800" lon="8.9855290">
    <ele>247.6</ele>
    <time>2026-07-12T18:20:12Z</time>
   </trkpt>
   <trkpt lat="48.9551770" lon="8.9856470">
    <ele>247.6</ele>
    <time>2026-07-12T18:20:13Z</time>
   </trkpt>
   <trkpt lat="48.9551790" lon="8.9857510">
    <ele>247.6</ele>
    <time>2026-07-12T18:20:14Z</time>
   </trkpt>
   <trkpt lat="48.9551720" lon="8.9858640">
    <ele>247.6</ele>
    <time>2026-07-12T18:20:15Z</time>
   </trkpt>
   <trkpt lat="48.9551690" lon="8.9859750">
    <ele>247.6</ele>
    <time>2026-07-12T18:20:16Z</time>
   </trkpt>
   <trkpt lat="48.9551640" lon="8.9860940">
    <ele>247.6</ele>
    <time>2026-07-12T18:20:17Z</time>
   </trkpt>
   <trkpt lat="48.9551600" lon="8.9862120">
    <ele>247.7</ele>
    <time>2026-07-12T18:20:18Z</time>
   </trkpt>
   <trkpt lat="48.9551570" lon="8.9863230">
    <ele>247.5</ele>
    <time>2026-07-12T18:20:19Z</time>
   </trkpt>
   <trkpt lat="48.9551530" lon="8.9864300">
    <ele>247.5</ele>
    <time>2026-07-12T18:20:20Z</time>
   </trkpt>
   <trkpt lat="48.9551560" lon="8.9865090">
    <ele>247.4</ele>
    <time>2026-07-12T18:20:21Z</time>
   </trkpt>
   <trkpt lat="48.9551500" lon="8.9866260">
    <ele>247.3</ele>
    <time>2026-07-12T18:20:22Z</time>
   </trkpt>
   <trkpt lat="48.9551440" lon="8.9867420">
    <ele>247.2</ele>
    <time>2026-07-12T18:20:23Z</time>
   </trkpt>
   <trkpt lat="48.9551410" lon="8.9868420">
    <ele>247.2</ele>
    <time>2026-07-12T18:20:24Z</time>
   </trkpt>
   <trkpt lat="48.9551360" lon="8.9870720">
    <ele>247.4</ele>
    <time>2026-07-12T18:20:25Z</time>
   </trkpt>
   <trkpt lat="48.9551350" lon="8.9871280">
    <ele>247.5</ele>
    <time>2026-07-12T18:20:26Z</time>
   </trkpt>
   <trkpt lat="48.9551340" lon="8.9871830">
    <ele>247.6</ele>
    <time>2026-07-12T18:20:27Z</time>
   </trkpt>
   <trkpt lat="48.9551310" lon="8.9872900">
    <ele>247.8</ele>
    <time>2026-07-12T18:20:28Z</time>
   </trkpt>
   <trkpt lat="48.9551220" lon="8.9874070">
    <ele>247.9</ele>
    <time>2026-07-12T18:20:29Z</time>
   </trkpt>
   <trkpt lat="48.9551190" lon="8.9875210">
    <ele>248.0</ele>
    <time>2026-07-12T18:20:30Z</time>
   </trkpt>
   <trkpt lat="48.9551160" lon="8.9876390">
    <ele>248.2</ele>
    <time>2026-07-12T18:20:31Z</time>
   </trkpt>
   <trkpt lat="48.9551130" lon="8.9877570">
    <ele>248.2</ele>
    <time>2026-07-12T18:20:32Z</time>
   </trkpt>
   <trkpt lat="48.9551090" lon="8.9878750">
    <ele>248.2</ele>
    <time>2026-07-12T18:20:33Z</time>
   </trkpt>
   <trkpt lat="48.9551040" lon="8.9879890">
    <ele>248.3</ele>
    <time>2026-07-12T18:20:34Z</time>
   </trkpt>
   <trkpt lat="48.9550960" lon="8.9881100">
    <ele>248.3</ele>
    <time>2026-07-12T18:20:35Z</time>
   </trkpt>
   <trkpt lat="48.9550900" lon="8.9882290">
    <ele>248.3</ele>
    <time>2026-07-12T18:20:36Z</time>
   </trkpt>
   <trkpt lat="48.9550800" lon="8.9883450">
    <ele>248.3</ele>
    <time>2026-07-12T18:20:37Z</time>
   </trkpt>
   <trkpt lat="48.9550670" lon="8.9884700">
    <ele>248.2</ele>
    <time>2026-07-12T18:20:38Z</time>
   </trkpt>
   <trkpt lat="48.9550510" lon="8.9885870">
    <ele>248.0</ele>
    <time>2026-07-12T18:20:39Z</time>
   </trkpt>
   <trkpt lat="48.9550440" lon="8.9886950">
    <ele>247.9</ele>
    <time>2026-07-12T18:20:40Z</time>
   </trkpt>
   <trkpt lat="48.9550310" lon="8.9888270">
    <ele>247.9</ele>
    <time>2026-07-12T18:20:41Z</time>
   </trkpt>
   <trkpt lat="48.9550210" lon="8.9889450">
    <ele>247.9</ele>
    <time>2026-07-12T18:20:42Z</time>
   </trkpt>
   <trkpt lat="48.9550100" lon="8.9890510">
    <ele>247.9</ele>
    <time>2026-07-12T18:20:43Z</time>
   </trkpt>
   <trkpt lat="48.9549960" lon="8.9891710">
    <ele>247.9</ele>
    <time>2026-07-12T18:20:44Z</time>
   </trkpt>
   <trkpt lat="48.9549870" lon="8.9892930">
    <ele>247.8</ele>
    <time>2026-07-12T18:20:45Z</time>
   </trkpt>
   <trkpt lat="48.9549800" lon="8.9894130">
    <ele>247.8</ele>
    <time>2026-07-12T18:20:46Z</time>
   </trkpt>
   <trkpt lat="48.9549730" lon="8.9895330">
    <ele>247.8</ele>
    <time>2026-07-12T18:20:47Z</time>
   </trkpt>
   <trkpt lat="48.9549640" lon="8.9896460">
    <ele>247.8</ele>
    <time>2026-07-12T18:20:48Z</time>
   </trkpt>
   <trkpt lat="48.9549560" lon="8.9897650">
    <ele>247.8</ele>
    <time>2026-07-12T18:20:49Z</time>
   </trkpt>
   <trkpt lat="48.9549450" lon="8.9898840">
    <ele>247.7</ele>
    <time>2026-07-12T18:20:50Z</time>
   </trkpt>
   <trkpt lat="48.9549290" lon="8.9900020">
    <ele>247.7</ele>
    <time>2026-07-12T18:20:51Z</time>
   </trkpt>
   <trkpt lat="48.9549150" lon="8.9901210">
    <ele>247.7</ele>
    <time>2026-07-12T18:20:52Z</time>
   </trkpt>
   <trkpt lat="48.9549010" lon="8.9902350">
    <ele>247.7</ele>
    <time>2026-07-12T18:20:53Z</time>
   </trkpt>
   <trkpt lat="48.9548860" lon="8.9903580">
    <ele>247.8</ele>
    <time>2026-07-12T18:20:54Z</time>
   </trkpt>
   <trkpt lat="48.9548690" lon="8.9904770">
    <ele>247.7</ele>
    <time>2026-07-12T18:20:55Z</time>
   </trkpt>
   <trkpt lat="48.9548520" lon="8.9905920">
    <ele>247.7</ele>
    <time>2026-07-12T18:20:56Z</time>
   </trkpt>
   <trkpt lat="48.9548310" lon="8.9907040">
    <ele>247.7</ele>
    <time>2026-07-12T18:20:57Z</time>
   </trkpt>
   <trkpt lat="48.9548150" lon="8.9908150">
    <ele>247.7</ele>
    <time>2026-07-12T18:20:58Z</time>
   </trkpt>
   <trkpt lat="48.9547980" lon="8.9909250">
    <ele>247.8</ele>
    <time>2026-07-12T18:20:59Z</time>
   </trkpt>
   <trkpt lat="48.9547820" lon="8.9910340">
    <ele>247.8</ele>
    <time>2026-07-12T18:21:00Z</time>
   </trkpt>
   <trkpt lat="48.9547680" lon="8.9911360">
    <ele>247.9</ele>
    <time>2026-07-12T18:21:01Z</time>
   </trkpt>
   <trkpt lat="48.9547570" lon="8.9912270">
    <ele>248.0</ele>
    <time>2026-07-12T18:21:02Z</time>
   </trkpt>
   <trkpt lat="48.9547480" lon="8.9913130">
    <ele>248.0</ele>
    <time>2026-07-12T18:21:03Z</time>
   </trkpt>
   <trkpt lat="48.9547290" lon="8.9913870">
    <ele>248.1</ele>
    <time>2026-07-12T18:21:04Z</time>
   </trkpt>
   <trkpt lat="48.9546760" lon="8.9914210">
    <ele>248.1</ele>
    <time>2026-07-12T18:21:05Z</time>
   </trkpt>
   <trkpt lat="48.9545820" lon="8.9915030">
    <ele>248.1</ele>
    <time>2026-07-12T18:21:06Z</time>
   </trkpt>
   <trkpt lat="48.9545570" lon="8.9915280">
    <ele>248.1</ele>
    <time>2026-07-12T18:21:07Z</time>
   </trkpt>
   <trkpt lat="48.9545310" lon="8.9915520">
    <ele>248.0</ele>
    <time>2026-07-12T18:21:08Z</time>
   </trkpt>
   <trkpt lat="48.9544900" lon="8.9915750">
    <ele>248.0</ele>
    <time>2026-07-12T18:21:09Z</time>
   </trkpt>
   <trkpt lat="48.9544180" lon="8.9915970">
    <ele>248.1</ele>
    <time>2026-07-12T18:21:10Z</time>
   </trkpt>
   <trkpt lat="48.9543520" lon="8.9916030">
    <ele>248.1</ele>
    <time>2026-07-12T18:21:11Z</time>
   </trkpt>
   <trkpt lat="48.9542980" lon="8.9915950">
    <ele>248.1</ele>
    <time>2026-07-12T18:21:12Z</time>
   </trkpt>
   <trkpt lat="48.9542590" lon="8.9915800">
    <ele>248.2</ele>
    <time>2026-07-12T18:21:13Z</time>
   </trkpt>
   <trkpt lat="48.9542130" lon="8.9915590">
    <ele>248.3</ele>
    <time>2026-07-12T18:21:14Z</time>
   </trkpt>
   <trkpt lat="48.9541420" lon="8.9915300">
    <ele>248.4</ele>
    <time>2026-07-12T18:21:15Z</time>
   </trkpt>
   <trkpt lat="48.9541180" lon="8.9915400">
    <ele>248.4</ele>
    <time>2026-07-12T18:21:16Z</time>
   </trkpt>
   <trkpt lat="48.9540940" lon="8.9915500">
    <ele>248.5</ele>
    <time>2026-07-12T18:21:17Z</time>
   </trkpt>
   <trkpt lat="48.9540810" lon="8.9915850">
    <ele>248.5</ele>
    <time>2026-07-12T18:21:18Z</time>
   </trkpt>
   <trkpt lat="48.9541020" lon="8.9916390">
    <ele>248.5</ele>
    <time>2026-07-12T18:21:19Z</time>
   </trkpt>
   <trkpt lat="48.9541390" lon="8.9916410">
    <ele>248.4</ele>
    <time>2026-07-12T18:21:20Z</time>
   </trkpt>
   <trkpt lat="48.9541730" lon="8.9916540">
    <ele>248.4</ele>
    <time>2026-07-12T18:21:21Z</time>
   </trkpt>
   <trkpt lat="48.9542100" lon="8.9916600">
    <ele>248.3</ele>
    <time>2026-07-12T18:21:22Z</time>
   </trkpt>
   <trkpt lat="48.9542510" lon="8.9916760">
    <ele>248.2</ele>
    <time>2026-07-12T18:21:23Z</time>
   </trkpt>
   <trkpt lat="48.9542950" lon="8.9916770">
    <ele>248.2</ele>
    <time>2026-07-12T18:21:24Z</time>
   </trkpt>
   <trkpt lat="48.9543340" lon="8.9916790">
    <ele>248.1</ele>
    <time>2026-07-12T18:21:25Z</time>
   </trkpt>
   <trkpt lat="48.9543760" lon="8.9916840">
    <ele>248.1</ele>
    <time>2026-07-12T18:21:26Z</time>
   </trkpt>
   <trkpt lat="48.9544200" lon="8.9916860">
    <ele>248.1</ele>
    <time>2026-07-12T18:21:27Z</time>
   </trkpt>
   <trkpt lat="48.9544700" lon="8.9916830">
    <ele>248.0</ele>
    <time>2026-07-12T18:21:28Z</time>
   </trkpt>
   <trkpt lat="48.9545170" lon="8.9916640">
    <ele>248.0</ele>
    <time>2026-07-12T18:21:29Z</time>
   </trkpt>
   <trkpt lat="48.9545500" lon="8.9916290">
    <ele>248.0</ele>
    <time>2026-07-12T18:21:30Z</time>
   </trkpt>
   <trkpt lat="48.9545880" lon="8.9915800">
    <ele>248.1</ele>
    <time>2026-07-12T18:21:31Z</time>
   </trkpt>
   <trkpt lat="48.9546130" lon="8.9915110">
    <ele>248.1</ele>
    <time>2026-07-12T18:21:32Z</time>
   </trkpt>
   <trkpt lat="48.9546360" lon="8.9914430">
    <ele>248.1</ele>
    <time>2026-07-12T18:21:33Z</time>
   </trkpt>
   <trkpt lat="48.9546580" lon="8.9913840">
    <ele>248.1</ele>
    <time>2026-07-12T18:21:34Z</time>
   </trkpt>
   <trkpt lat="48.9546610" lon="8.9913360">
    <ele>248.1</ele>
    <time>2026-07-12T18:21:35Z</time>
   </trkpt>
   <trkpt lat="48.9546810" lon="8.9912530">
    <ele>248.0</ele>
    <time>2026-07-12T18:21:36Z</time>
   </trkpt>
   <trkpt lat="48.9546810" lon="8.9912530">
    <ele>248.0</ele>
    <time>2026-07-12T18:21:37Z</time>
   </trkpt>
   <trkpt lat="48.9546820" lon="8.9912570">
    <ele>248.0</ele>
    <time>2026-07-12T18:21:38Z</time>
   </trkpt>
   <trkpt lat="48.9546850" lon="8.9912570">
    <ele>248.0</ele>
    <time>2026-07-12T18:21:39Z</time>
   </trkpt>
   <trkpt lat="48.9546860" lon="8.9912550">
    <ele>248.0</ele>
    <time>2026-07-12T18:21:40Z</time>
   </trkpt>
   <trkpt lat="48.9546910" lon="8.9912560">
    <ele>248.0</ele>
    <time>2026-07-12T18:21:41Z</time>
   </trkpt>
   <trkpt lat="48.9546990" lon="8.9912440">
    <ele>248.0</ele>
    <time>2026-07-12T18:21:42Z</time>
   </trkpt>
   <trkpt lat="48.9546990" lon="8.9912440">
    <ele>248.0</ele>
    <time>2026-07-12T18:21:43Z</time>
   </trkpt>
   <trkpt lat="48.9547000" lon="8.9912440">
    <ele>248.0</ele>
    <time>2026-07-12T18:21:44Z</time>
   </trkpt>
   <trkpt lat="48.9546980" lon="8.9912410">
    <ele>248.0</ele>
    <time>2026-07-12T18:21:45Z</time>
   </trkpt>
   <trkpt lat="48.9546990" lon="8.9912410">
    <ele>248.0</ele>
    <time>2026-07-12T18:21:46Z</time>
   </trkpt>
   <trkpt lat="48.9546990" lon="8.9912390">
    <ele>248.0</ele>
    <time>2026-07-12T18:21:47Z</time>
   </trkpt>
   <trkpt lat="48.9546860" lon="8.9911850">
    <ele>248.0</ele>
    <time>2026-07-12T18:21:52Z</time>
   </trkpt>
   <trkpt lat="48.9546840" lon="8.9911610">
    <ele>247.9</ele>
    <time>2026-07-12T18:21:53Z</time>
   </trkpt>
   <trkpt lat="48.9546890" lon="8.9911230">
    <ele>247.9</ele>
    <time>2026-07-12T18:21:54Z</time>
   </trkpt>
   <trkpt lat="48.9546980" lon="8.9910760">
    <ele>247.9</ele>
    <time>2026-07-12T18:21:55Z</time>
   </trkpt>
   <trkpt lat="48.9547040" lon="8.9910060">
    <ele>247.8</ele>
    <time>2026-07-12T18:21:56Z</time>
   </trkpt>
   <trkpt lat="48.9547090" lon="8.9909010">
    <ele>247.8</ele>
    <time>2026-07-12T18:21:57Z</time>
   </trkpt>
   <trkpt lat="48.9547210" lon="8.9908230">
    <ele>247.7</ele>
    <time>2026-07-12T18:21:58Z</time>
   </trkpt>
   <trkpt lat="48.9547310" lon="8.9907340">
    <ele>247.7</ele>
    <time>2026-07-12T18:21:59Z</time>
   </trkpt>
   <trkpt lat="48.9547460" lon="8.9906450">
    <ele>247.7</ele>
    <time>2026-07-12T18:22:00Z</time>
   </trkpt>
   <trkpt lat="48.9547580" lon="8.9905480">
    <ele>247.7</ele>
    <time>2026-07-12T18:22:01Z</time>
   </trkpt>
   <trkpt lat="48.9547750" lon="8.9904510">
    <ele>247.7</ele>
    <time>2026-07-12T18:22:02Z</time>
   </trkpt>
   <trkpt lat="48.9547860" lon="8.9903480">
    <ele>247.8</ele>
    <time>2026-07-12T18:22:03Z</time>
   </trkpt>
   <trkpt lat="48.9548190" lon="8.9901400">
    <ele>247.7</ele>
    <time>2026-07-12T18:22:04Z</time>
   </trkpt>
   <trkpt lat="48.9548260" lon="8.9900870">
    <ele>247.7</ele>
    <time>2026-07-12T18:22:05Z</time>
   </trkpt>
   <trkpt lat="48.9548330" lon="8.9900340">
    <ele>247.7</ele>
    <time>2026-07-12T18:22:06Z</time>
   </trkpt>
   <trkpt lat="48.9548440" lon="8.9899220">
    <ele>247.7</ele>
    <time>2026-07-12T18:22:07Z</time>
   </trkpt>
   <trkpt lat="48.9548540" lon="8.9898060">
    <ele>247.8</ele>
    <time>2026-07-12T18:22:08Z</time>
   </trkpt>
   <trkpt lat="48.9548640" lon="8.9896950">
    <ele>247.8</ele>
    <time>2026-07-12T18:22:09Z</time>
   </trkpt>
   <trkpt lat="48.9548690" lon="8.9895850">
    <ele>247.8</ele>
    <time>2026-07-12T18:22:10Z</time>
   </trkpt>
   <trkpt lat="48.9548730" lon="8.9894680">
    <ele>247.8</ele>
    <time>2026-07-12T18:22:11Z</time>
   </trkpt>
   <trkpt lat="48.9548710" lon="8.9893560">
    <ele>247.8</ele>
    <time>2026-07-12T18:22:12Z</time>
   </trkpt>
   <trkpt lat="48.9548690" lon="8.9892360">
    <ele>247.8</ele>
    <time>2026-07-12T18:22:13Z</time>
   </trkpt>
   <trkpt lat="48.9548700" lon="8.9891130">
    <ele>247.9</ele>
    <time>2026-07-12T18:22:14Z</time>
   </trkpt>
   <trkpt lat="48.9548710" lon="8.9889940">
    <ele>247.9</ele>
    <time>2026-07-12T18:22:15Z</time>
   </trkpt>
   <trkpt lat="48.9548730" lon="8.9888760">
    <ele>247.9</ele>
    <time>2026-07-12T18:22:16Z</time>
   </trkpt>
   <trkpt lat="48.9548800" lon="8.9887560">
    <ele>247.9</ele>
    <time>2026-07-12T18:22:17Z</time>
   </trkpt>
   <trkpt lat="48.9548800" lon="8.9886380">
    <ele>248.0</ele>
    <time>2026-07-12T18:22:18Z</time>
   </trkpt>
   <trkpt lat="48.9548750" lon="8.9885190">
    <ele>248.0</ele>
    <time>2026-07-12T18:22:19Z</time>
   </trkpt>
   <trkpt lat="48.9548680" lon="8.9883980">
    <ele>248.0</ele>
    <time>2026-07-12T18:22:20Z</time>
   </trkpt>
   <trkpt lat="48.9548570" lon="8.9882730">
    <ele>248.0</ele>
    <time>2026-07-12T18:22:21Z</time>
   </trkpt>
   <trkpt lat="48.9548500" lon="8.9881550">
    <ele>248.0</ele>
    <time>2026-07-12T18:22:22Z</time>
   </trkpt>
   <trkpt lat="48.9548430" lon="8.9880310">
    <ele>248.0</ele>
    <time>2026-07-12T18:22:23Z</time>
   </trkpt>
   <trkpt lat="48.9548350" lon="8.9879110">
    <ele>248.0</ele>
    <time>2026-07-12T18:22:24Z</time>
   </trkpt>
   <trkpt lat="48.9548230" lon="8.9877900">
    <ele>248.0</ele>
    <time>2026-07-12T18:22:25Z</time>
   </trkpt>
   <trkpt lat="48.9548080" lon="8.9876710">
    <ele>248.0</ele>
    <time>2026-07-12T18:22:26Z</time>
   </trkpt>
   <trkpt lat="48.9547960" lon="8.9875530">
    <ele>248.0</ele>
    <time>2026-07-12T18:22:27Z</time>
   </trkpt>
   <trkpt lat="48.9547920" lon="8.9874310">
    <ele>247.9</ele>
    <time>2026-07-12T18:22:28Z</time>
   </trkpt>
   <trkpt lat="48.9547890" lon="8.9873060">
    <ele>247.9</ele>
    <time>2026-07-12T18:22:29Z</time>
   </trkpt>
   <trkpt lat="48.9547940" lon="8.9871810">
    <ele>247.8</ele>
    <time>2026-07-12T18:22:30Z</time>
   </trkpt>
   <trkpt lat="48.9547940" lon="8.9870550">
    <ele>247.8</ele>
    <time>2026-07-12T18:22:31Z</time>
   </trkpt>
   <trkpt lat="48.9547980" lon="8.9869310">
    <ele>247.7</ele>
    <time>2026-07-12T18:22:32Z</time>
   </trkpt>
   <trkpt lat="48.9548050" lon="8.9868020">
    <ele>247.6</ele>
    <time>2026-07-12T18:22:33Z</time>
   </trkpt>
   <trkpt lat="48.9548090" lon="8.9866740">
    <ele>247.6</ele>
    <time>2026-07-12T18:22:34Z</time>
   </trkpt>
   <trkpt lat="48.9548160" lon="8.9865430">
    <ele>247.6</ele>
    <time>2026-07-12T18:22:35Z</time>
   </trkpt>
   <trkpt lat="48.9548230" lon="8.9864180">
    <ele>247.6</ele>
    <time>2026-07-12T18:22:36Z</time>
   </trkpt>
   <trkpt lat="48.9548280" lon="8.9862970">
    <ele>247.7</ele>
    <time>2026-07-12T18:22:37Z</time>
   </trkpt>
   <trkpt lat="48.9548330" lon="8.9861840">
    <ele>247.7</ele>
    <time>2026-07-12T18:22:38Z</time>
   </trkpt>
   <trkpt lat="48.9548390" lon="8.9860810">
    <ele>247.8</ele>
    <time>2026-07-12T18:22:39Z</time>
   </trkpt>
   <trkpt lat="48.9548420" lon="8.9859750">
    <ele>247.8</ele>
    <time>2026-07-12T18:22:40Z</time>
   </trkpt>
   <trkpt lat="48.9548440" lon="8.9858730">
    <ele>247.9</ele>
    <time>2026-07-12T18:22:41Z</time>
   </trkpt>
   <trkpt lat="48.9548400" lon="8.9857680">
    <ele>247.9</ele>
    <time>2026-07-12T18:22:42Z</time>
   </trkpt>
   <trkpt lat="48.9548370" lon="8.9856690">
    <ele>248.0</ele>
    <time>2026-07-12T18:22:43Z</time>
   </trkpt>
   <trkpt lat="48.9548280" lon="8.9855710">
    <ele>248.0</ele>
    <time>2026-07-12T18:22:44Z</time>
   </trkpt>
   <trkpt lat="48.9548100" lon="8.9854830">
    <ele>248.1</ele>
    <time>2026-07-12T18:22:45Z</time>
   </trkpt>
   <trkpt lat="48.9547530" lon="8.9854150">
    <ele>248.2</ele>
    <time>2026-07-12T18:22:46Z</time>
   </trkpt>
   <trkpt lat="48.9546910" lon="8.9853580">
    <ele>248.4</ele>
    <time>2026-07-12T18:22:47Z</time>
   </trkpt>
   <trkpt lat="48.9546210" lon="8.9853150">
    <ele>248.7</ele>
    <time>2026-07-12T18:22:48Z</time>
   </trkpt>
   <trkpt lat="48.9545600" lon="8.9852640">
    <ele>249.0</ele>
    <time>2026-07-12T18:22:49Z</time>
   </trkpt>
   <trkpt lat="48.9545040" lon="8.9851920">
    <ele>249.4</ele>
    <time>2026-07-12T18:22:50Z</time>
   </trkpt>
   <trkpt lat="48.9544530" lon="8.9851230">
    <ele>249.8</ele>
    <time>2026-07-12T18:22:51Z</time>
   </trkpt>
   <trkpt lat="48.9543690" lon="8.9849930">
    <ele>250.5</ele>
    <time>2026-07-12T18:22:52Z</time>
   </trkpt>
   <trkpt lat="48.9543570" lon="8.9849630">
    <ele>250.6</ele>
    <time>2026-07-12T18:22:53Z</time>
   </trkpt>
   <trkpt lat="48.9543440" lon="8.9849330">
    <ele>250.8</ele>
    <time>2026-07-12T18:22:54Z</time>
   </trkpt>
   <trkpt lat="48.9543210" lon="8.9848770">
    <ele>251.0</ele>
    <time>2026-07-12T18:22:55Z</time>
   </trkpt>
   <trkpt lat="48.9543200" lon="8.9848160">
    <ele>251.3</ele>
    <time>2026-07-12T18:22:56Z</time>
   </trkpt>
   <trkpt lat="48.9543320" lon="8.9847630">
    <ele>251.6</ele>
    <time>2026-07-12T18:22:57Z</time>
   </trkpt>
   <trkpt lat="48.9543660" lon="8.9847170">
    <ele>252.0</ele>
    <time>2026-07-12T18:22:58Z</time>
   </trkpt>
   <trkpt lat="48.9544170" lon="8.9847040">
    <ele>252.4</ele>
    <time>2026-07-12T18:22:59Z</time>
   </trkpt>
   <trkpt lat="48.9544710" lon="8.9847020">
    <ele>252.5</ele>
    <time>2026-07-12T18:23:00Z</time>
   </trkpt>
   <trkpt lat="48.9545300" lon="8.9847300">
    <ele>252.6</ele>
    <time>2026-07-12T18:23:01Z</time>
   </trkpt>
   <trkpt lat="48.9545860" lon="8.9847610">
    <ele>252.7</ele>
    <time>2026-07-12T18:23:02Z</time>
   </trkpt>
   <trkpt lat="48.9546410" lon="8.9847940">
    <ele>252.8</ele>
    <time>2026-07-12T18:23:03Z</time>
   </trkpt>
   <trkpt lat="48.9546990" lon="8.9848220">
    <ele>252.9</ele>
    <time>2026-07-12T18:23:04Z</time>
   </trkpt>
   <trkpt lat="48.9547560" lon="8.9848560">
    <ele>253.1</ele>
    <time>2026-07-12T18:23:05Z</time>
   </trkpt>
   <trkpt lat="48.9548150" lon="8.9848890">
    <ele>253.2</ele>
    <time>2026-07-12T18:23:06Z</time>
   </trkpt>
   <trkpt lat="48.9548750" lon="8.9849170">
    <ele>253.4</ele>
    <time>2026-07-12T18:23:07Z</time>
   </trkpt>
   <trkpt lat="48.9549370" lon="8.9849430">
    <ele>253.5</ele>
    <time>2026-07-12T18:23:08Z</time>
   </trkpt>
   <trkpt lat="48.9550010" lon="8.9849800">
    <ele>253.7</ele>
    <time>2026-07-12T18:23:09Z</time>
   </trkpt>
   <trkpt lat="48.9550630" lon="8.9850110">
    <ele>253.8</ele>
    <time>2026-07-12T18:23:10Z</time>
   </trkpt>
   <trkpt lat="48.9551260" lon="8.9850430">
    <ele>254.0</ele>
    <time>2026-07-12T18:23:11Z</time>
   </trkpt>
   <trkpt lat="48.9551870" lon="8.9850770">
    <ele>254.2</ele>
    <time>2026-07-12T18:23:12Z</time>
   </trkpt>
   <trkpt lat="48.9552510" lon="8.9851090">
    <ele>254.4</ele>
    <time>2026-07-12T18:23:13Z</time>
   </trkpt>
   <trkpt lat="48.9553150" lon="8.9851440">
    <ele>254.6</ele>
    <time>2026-07-12T18:23:14Z</time>
   </trkpt>
   <trkpt lat="48.9553780" lon="8.9851730">
    <ele>254.7</ele>
    <time>2026-07-12T18:23:15Z</time>
   </trkpt>
   <trkpt lat="48.9554460" lon="8.9852070">
    <ele>254.8</ele>
    <time>2026-07-12T18:23:16Z</time>
   </trkpt>
   <trkpt lat="48.9555150" lon="8.9852390">
    <ele>254.9</ele>
    <time>2026-07-12T18:23:17Z</time>
   </trkpt>
   <trkpt lat="48.9555860" lon="8.9852720">
    <ele>255.0</ele>
    <time>2026-07-12T18:23:18Z</time>
   </trkpt>
   <trkpt lat="48.9556580" lon="8.9853060">
    <ele>255.0</ele>
    <time>2026-07-12T18:23:19Z</time>
   </trkpt>
   <trkpt lat="48.9557220" lon="8.9853480">
    <ele>255.1</ele>
    <time>2026-07-12T18:23:20Z</time>
   </trkpt>
   <trkpt lat="48.9557870" lon="8.9853980">
    <ele>255.1</ele>
    <time>2026-07-12T18:23:21Z</time>
   </trkpt>
   <trkpt lat="48.9558550" lon="8.9854480">
    <ele>255.0</ele>
    <time>2026-07-12T18:23:22Z</time>
   </trkpt>
   <trkpt lat="48.9559230" lon="8.9855030">
    <ele>255.0</ele>
    <time>2026-07-12T18:23:23Z</time>
   </trkpt>
   <trkpt lat="48.9559910" lon="8.9855600">
    <ele>254.9</ele>
    <time>2026-07-12T18:23:24Z</time>
   </trkpt>
   <trkpt lat="48.9560530" lon="8.9856220">
    <ele>254.8</ele>
    <time>2026-07-12T18:23:25Z</time>
   </trkpt>
   <trkpt lat="48.9561190" lon="8.9856920">
    <ele>254.7</ele>
    <time>2026-07-12T18:23:26Z</time>
   </trkpt>
   <trkpt lat="48.9561820" lon="8.9857620">
    <ele>254.5</ele>
    <time>2026-07-12T18:23:27Z</time>
   </trkpt>
   <trkpt lat="48.9562410" lon="8.9858380">
    <ele>254.3</ele>
    <time>2026-07-12T18:23:28Z</time>
   </trkpt>
   <trkpt lat="48.9563030" lon="8.9859200">
    <ele>254.0</ele>
    <time>2026-07-12T18:23:29Z</time>
   </trkpt>
   <trkpt lat="48.9563650" lon="8.9860070">
    <ele>253.8</ele>
    <time>2026-07-12T18:23:30Z</time>
   </trkpt>
   <trkpt lat="48.9564250" lon="8.9860990">
    <ele>253.6</ele>
    <time>2026-07-12T18:23:31Z</time>
   </trkpt>
   <trkpt lat="48.9564850" lon="8.9861960">
    <ele>253.4</ele>
    <time>2026-07-12T18:23:32Z</time>
   </trkpt>
   <trkpt lat="48.9565420" lon="8.9862910">
    <ele>253.2</ele>
    <time>2026-07-12T18:23:33Z</time>
   </trkpt>
   <trkpt lat="48.9565970" lon="8.9863970">
    <ele>252.8</ele>
    <time>2026-07-12T18:23:34Z</time>
   </trkpt>
   <trkpt lat="48.9566490" lon="8.9865080">
    <ele>252.5</ele>
    <time>2026-07-12T18:23:35Z</time>
   </trkpt>
   <trkpt lat="48.9567050" lon="8.9866130">
    <ele>252.2</ele>
    <time>2026-07-12T18:23:36Z</time>
   </trkpt>
   <trkpt lat="48.9567500" lon="8.9867280">
    <ele>251.9</ele>
    <time>2026-07-12T18:23:37Z</time>
   </trkpt>
   <trkpt lat="48.9567910" lon="8.9868420">
    <ele>251.6</ele>
    <time>2026-07-12T18:23:38Z</time>
   </trkpt>
   <trkpt lat="48.9568330" lon="8.9869570">
    <ele>251.2</ele>
    <time>2026-07-12T18:23:39Z</time>
   </trkpt>
   <trkpt lat="48.9568670" lon="8.9870780">
    <ele>250.9</ele>
    <time>2026-07-12T18:23:40Z</time>
   </trkpt>
   <trkpt lat="48.9569010" lon="8.9871990">
    <ele>250.6</ele>
    <time>2026-07-12T18:23:41Z</time>
   </trkpt>
   <trkpt lat="48.9569250" lon="8.9873260">
    <ele>250.3</ele>
    <time>2026-07-12T18:23:42Z</time>
   </trkpt>
   <trkpt lat="48.9569520" lon="8.9874590">
    <ele>250.0</ele>
    <time>2026-07-12T18:23:43Z</time>
   </trkpt>
   <trkpt lat="48.9569790" lon="8.9875940">
    <ele>249.8</ele>
    <time>2026-07-12T18:23:44Z</time>
   </trkpt>
   <trkpt lat="48.9570000" lon="8.9877330">
    <ele>249.5</ele>
    <time>2026-07-12T18:23:45Z</time>
   </trkpt>
   <trkpt lat="48.9570180" lon="8.9878810">
    <ele>249.2</ele>
    <time>2026-07-12T18:23:46Z</time>
   </trkpt>
   <trkpt lat="48.9570260" lon="8.9880260">
    <ele>248.9</ele>
    <time>2026-07-12T18:23:47Z</time>
   </trkpt>
   <trkpt lat="48.9570300" lon="8.9881700">
    <ele>248.6</ele>
    <time>2026-07-12T18:23:48Z</time>
   </trkpt>
   <trkpt lat="48.9570350" lon="8.9883090">
    <ele>248.3</ele>
    <time>2026-07-12T18:23:49Z</time>
   </trkpt>
   <trkpt lat="48.9570360" lon="8.9884550">
    <ele>248.0</ele>
    <time>2026-07-12T18:23:50Z</time>
   </trkpt>
   <trkpt lat="48.9570340" lon="8.9885950">
    <ele>247.8</ele>
    <time>2026-07-12T18:23:51Z</time>
   </trkpt>
   <trkpt lat="48.9570300" lon="8.9887410">
    <ele>247.6</ele>
    <time>2026-07-12T18:23:52Z</time>
   </trkpt>
   <trkpt lat="48.9570150" lon="8.9888760">
    <ele>247.3</ele>
    <time>2026-07-12T18:23:53Z</time>
   </trkpt>
   <trkpt lat="48.9569950" lon="8.9890150">
    <ele>247.1</ele>
    <time>2026-07-12T18:23:54Z</time>
   </trkpt>
   <trkpt lat="48.9569730" lon="8.9891520">
    <ele>246.8</ele>
    <time>2026-07-12T18:23:55Z</time>
   </trkpt>
   <trkpt lat="48.9569510" lon="8.9892890">
    <ele>246.6</ele>
    <time>2026-07-12T18:23:56Z</time>
   </trkpt>
   <trkpt lat="48.9569290" lon="8.9894290">
    <ele>246.3</ele>
    <time>2026-07-12T18:23:57Z</time>
   </trkpt>
   <trkpt lat="48.9568980" lon="8.9895690">
    <ele>246.0</ele>
    <time>2026-07-12T18:23:58Z</time>
   </trkpt>
   <trkpt lat="48.9568700" lon="8.9897070">
    <ele>245.8</ele>
    <time>2026-07-12T18:23:59Z</time>
   </trkpt>
   <trkpt lat="48.9568490" lon="8.9898450">
    <ele>245.6</ele>
    <time>2026-07-12T18:24:00Z</time>
   </trkpt>
   <trkpt lat="48.9568290" lon="8.9899790">
    <ele>245.4</ele>
    <time>2026-07-12T18:24:01Z</time>
   </trkpt>
   <trkpt lat="48.9568000" lon="8.9901240">
    <ele>245.3</ele>
    <time>2026-07-12T18:24:02Z</time>
   </trkpt>
   <trkpt lat="48.9567750" lon="8.9902680">
    <ele>245.1</ele>
    <time>2026-07-12T18:24:03Z</time>
   </trkpt>
   <trkpt lat="48.9567530" lon="8.9904130">
    <ele>244.9</ele>
    <time>2026-07-12T18:24:04Z</time>
   </trkpt>
   <trkpt lat="48.9567370" lon="8.9905660">
    <ele>244.7</ele>
    <time>2026-07-12T18:24:05Z</time>
   </trkpt>
   <trkpt lat="48.9567230" lon="8.9907150">
    <ele>244.6</ele>
    <time>2026-07-12T18:24:06Z</time>
   </trkpt>
   <trkpt lat="48.9567160" lon="8.9908660">
    <ele>244.4</ele>
    <time>2026-07-12T18:24:07Z</time>
   </trkpt>
   <trkpt lat="48.9567100" lon="8.9910150">
    <ele>244.2</ele>
    <time>2026-07-12T18:24:08Z</time>
   </trkpt>
   <trkpt lat="48.9567120" lon="8.9911600">
    <ele>243.9</ele>
    <time>2026-07-12T18:24:09Z</time>
   </trkpt>
   <trkpt lat="48.9567140" lon="8.9913040">
    <ele>243.7</ele>
    <time>2026-07-12T18:24:10Z</time>
   </trkpt>
   <trkpt lat="48.9567160" lon="8.9914550">
    <ele>243.4</ele>
    <time>2026-07-12T18:24:11Z</time>
   </trkpt>
   <trkpt lat="48.9567240" lon="8.9916050">
    <ele>243.2</ele>
    <time>2026-07-12T18:24:12Z</time>
   </trkpt>
   <trkpt lat="48.9567360" lon="8.9917510">
    <ele>242.9</ele>
    <time>2026-07-12T18:24:13Z</time>
   </trkpt>
   <trkpt lat="48.9567520" lon="8.9919000">
    <ele>242.7</ele>
    <time>2026-07-12T18:24:14Z</time>
   </trkpt>
   <trkpt lat="48.9567700" lon="8.9920510">
    <ele>242.4</ele>
    <time>2026-07-12T18:24:15Z</time>
   </trkpt>
   <trkpt lat="48.9567890" lon="8.9921990">
    <ele>242.1</ele>
    <time>2026-07-12T18:24:16Z</time>
   </trkpt>
   <trkpt lat="48.9568110" lon="8.9923500">
    <ele>241.9</ele>
    <time>2026-07-12T18:24:17Z</time>
   </trkpt>
   <trkpt lat="48.9568350" lon="8.9924960">
    <ele>241.6</ele>
    <time>2026-07-12T18:24:18Z</time>
   </trkpt>
   <trkpt lat="48.9568570" lon="8.9926510">
    <ele>241.4</ele>
    <time>2026-07-12T18:24:19Z</time>
   </trkpt>
   <trkpt lat="48.9568780" lon="8.9928020">
    <ele>241.2</ele>
    <time>2026-07-12T18:24:20Z</time>
   </trkpt>
   <trkpt lat="48.9568940" lon="8.9929540">
    <ele>241.0</ele>
    <time>2026-07-12T18:24:21Z</time>
   </trkpt>
   <trkpt lat="48.9569080" lon="8.9931080">
    <ele>240.7</ele>
    <time>2026-07-12T18:24:22Z</time>
   </trkpt>
   <trkpt lat="48.9569230" lon="8.9932420">
    <ele>240.5</ele>
    <time>2026-07-12T18:24:23Z</time>
   </trkpt>
   <trkpt lat="48.9569280" lon="8.9934000">
    <ele>240.4</ele>
    <time>2026-07-12T18:24:24Z</time>
   </trkpt>
   <trkpt lat="48.9569290" lon="8.9935550">
    <ele>240.3</ele>
    <time>2026-07-12T18:24:25Z</time>
   </trkpt>
   <trkpt lat="48.9569220" lon="8.9937030">
    <ele>240.2</ele>
    <time>2026-07-12T18:24:26Z</time>
   </trkpt>
   <trkpt lat="48.9569100" lon="8.9938480">
    <ele>240.1</ele>
    <time>2026-07-12T18:24:27Z</time>
   </trkpt>
   <trkpt lat="48.9568950" lon="8.9939890">
    <ele>240.1</ele>
    <time>2026-07-12T18:24:28Z</time>
   </trkpt>
   <trkpt lat="48.9568740" lon="8.9941160">
    <ele>240.2</ele>
    <time>2026-07-12T18:24:29Z</time>
   </trkpt>
   <trkpt lat="48.9568000" lon="8.9941890">
    <ele>240.1</ele>
    <time>2026-07-12T18:24:30Z</time>
   </trkpt>
   <trkpt lat="48.9567520" lon="8.9942920">
    <ele>240.0</ele>
    <time>2026-07-12T18:24:31Z</time>
   </trkpt>
   <trkpt lat="48.9567370" lon="8.9944130">
    <ele>239.8</ele>
    <time>2026-07-12T18:24:32Z</time>
   </trkpt>
   <trkpt lat="48.9567640" lon="8.9945190">
    <ele>239.7</ele>
    <time>2026-07-12T18:24:33Z</time>
   </trkpt>
   <trkpt lat="48.9568160" lon="8.9946020">
    <ele>239.7</ele>
    <time>2026-07-12T18:24:34Z</time>
   </trkpt>
   <trkpt lat="48.9568890" lon="8.9946350">
    <ele>239.8</ele>
    <time>2026-07-12T18:24:35Z</time>
   </trkpt>
   <trkpt lat="48.9569670" lon="8.9946290">
    <ele>240.0</ele>
    <time>2026-07-12T18:24:36Z</time>
   </trkpt>
   <trkpt lat="48.9570450" lon="8.9946500">
    <ele>239.9</ele>
    <time>2026-07-12T18:24:37Z</time>
   </trkpt>
   <trkpt lat="48.9571130" lon="8.9947070">
    <ele>239.8</ele>
    <time>2026-07-12T18:24:38Z</time>
   </trkpt>
   <trkpt lat="48.9571700" lon="8.9947990">
    <ele>239.7</ele>
    <time>2026-07-12T18:24:39Z</time>
   </trkpt>
   <trkpt lat="48.9572190" lon="8.9949050">
    <ele>239.6</ele>
    <time>2026-07-12T18:24:40Z</time>
   </trkpt>
   <trkpt lat="48.9572640" lon="8.9950130">
    <ele>239.6</ele>
    <time>2026-07-12T18:24:41Z</time>
   </trkpt>
   <trkpt lat="48.9572950" lon="8.9951330">
    <ele>239.6</ele>
    <time>2026-07-12T18:24:42Z</time>
   </trkpt>
   <trkpt lat="48.9573250" lon="8.9952490">
    <ele>239.6</ele>
    <time>2026-07-12T18:24:43Z</time>
   </trkpt>
   <trkpt lat="48.9573480" lon="8.9953720">
    <ele>239.6</ele>
    <time>2026-07-12T18:24:44Z</time>
   </trkpt>
   <trkpt lat="48.9573680" lon="8.9954930">
    <ele>239.6</ele>
    <time>2026-07-12T18:24:45Z</time>
   </trkpt>
   <trkpt lat="48.9573920" lon="8.9956130">
    <ele>239.5</ele>
    <time>2026-07-12T18:24:46Z</time>
   </trkpt>
   <trkpt lat="48.9574110" lon="8.9957390">
    <ele>239.4</ele>
    <time>2026-07-12T18:24:47Z</time>
   </trkpt>
   <trkpt lat="48.9574350" lon="8.9958580">
    <ele>239.4</ele>
    <time>2026-07-12T18:24:48Z</time>
   </trkpt>
   <trkpt lat="48.9574580" lon="8.9959740">
    <ele>239.3</ele>
    <time>2026-07-12T18:24:49Z</time>
   </trkpt>
   <trkpt lat="48.9574760" lon="8.9960970">
    <ele>239.2</ele>
    <time>2026-07-12T18:24:50Z</time>
   </trkpt>
   <trkpt lat="48.9575000" lon="8.9962160">
    <ele>239.2</ele>
    <time>2026-07-12T18:24:51Z</time>
   </trkpt>
   <trkpt lat="48.9575220" lon="8.9963390">
    <ele>239.2</ele>
    <time>2026-07-12T18:24:52Z</time>
   </trkpt>
   <trkpt lat="48.9575420" lon="8.9964610">
    <ele>239.1</ele>
    <time>2026-07-12T18:24:53Z</time>
   </trkpt>
   <trkpt lat="48.9575610" lon="8.9965830">
    <ele>239.1</ele>
    <time>2026-07-12T18:24:54Z</time>
   </trkpt>
   <trkpt lat="48.9575840" lon="8.9967000">
    <ele>239.0</ele>
    <time>2026-07-12T18:24:55Z</time>
   </trkpt>
   <trkpt lat="48.9576060" lon="8.9968220">
    <ele>239.0</ele>
    <time>2026-07-12T18:24:56Z</time>
   </trkpt>
   <trkpt lat="48.9576280" lon="8.9969420">
    <ele>238.9</ele>
    <time>2026-07-12T18:24:57Z</time>
   </trkpt>
   <trkpt lat="48.9576480" lon="8.9970620">
    <ele>238.9</ele>
    <time>2026-07-12T18:24:58Z</time>
   </trkpt>
   <trkpt lat="48.9576690" lon="8.9971780">
    <ele>238.9</ele>
    <time>2026-07-12T18:24:59Z</time>
   </trkpt>
   <trkpt lat="48.9576870" lon="8.9972990">
    <ele>238.8</ele>
    <time>2026-07-12T18:25:00Z</time>
   </trkpt>
   <trkpt lat="48.9577080" lon="8.9974200">
    <ele>238.7</ele>
    <time>2026-07-12T18:25:01Z</time>
   </trkpt>
   <trkpt lat="48.9577260" lon="8.9975390">
    <ele>238.7</ele>
    <time>2026-07-12T18:25:02Z</time>
   </trkpt>
   <trkpt lat="48.9577480" lon="8.9976540">
    <ele>238.6</ele>
    <time>2026-07-12T18:25:03Z</time>
   </trkpt>
   <trkpt lat="48.9577670" lon="8.9977710">
    <ele>238.6</ele>
    <time>2026-07-12T18:25:04Z</time>
   </trkpt>
   <trkpt lat="48.9577850" lon="8.9978870">
    <ele>238.5</ele>
    <time>2026-07-12T18:25:05Z</time>
   </trkpt>
   <trkpt lat="48.9578040" lon="8.9980060">
    <ele>238.4</ele>
    <time>2026-07-12T18:25:06Z</time>
   </trkpt>
   <trkpt lat="48.9578230" lon="8.9981280">
    <ele>238.4</ele>
    <time>2026-07-12T18:25:07Z</time>
   </trkpt>
   <trkpt lat="48.9578410" lon="8.9982480">
    <ele>238.3</ele>
    <time>2026-07-12T18:25:08Z</time>
   </trkpt>
   <trkpt lat="48.9578570" lon="8.9983640">
    <ele>238.2</ele>
    <time>2026-07-12T18:25:09Z</time>
   </trkpt>
   <trkpt lat="48.9578680" lon="8.9984890">
    <ele>238.1</ele>
    <time>2026-07-12T18:25:10Z</time>
   </trkpt>
   <trkpt lat="48.9578740" lon="8.9986000">
    <ele>238.0</ele>
    <time>2026-07-12T18:25:11Z</time>
   </trkpt>
   <trkpt lat="48.9578630" lon="8.9987200">
    <ele>237.8</ele>
    <time>2026-07-12T18:25:12Z</time>
   </trkpt>
   <trkpt lat="48.9578500" lon="8.9988480">
    <ele>237.6</ele>
    <time>2026-07-12T18:25:13Z</time>
   </trkpt>
   <trkpt lat="48.9578540" lon="8.9989740">
    <ele>237.5</ele>
    <time>2026-07-12T18:25:14Z</time>
   </trkpt>
   <trkpt lat="48.9578980" lon="8.9990890">
    <ele>237.4</ele>
    <time>2026-07-12T18:25:15Z</time>
   </trkpt>
   <trkpt lat="48.9579460" lon="8.9991880">
    <ele>237.4</ele>
    <time>2026-07-12T18:25:16Z</time>
   </trkpt>
   <trkpt lat="48.9579850" lon="8.9992940">
    <ele>237.3</ele>
    <time>2026-07-12T18:25:17Z</time>
   </trkpt>
   <trkpt lat="48.9580140" lon="8.9994050">
    <ele>237.2</ele>
    <time>2026-07-12T18:25:18Z</time>
   </trkpt>
   <trkpt lat="48.9580430" lon="8.9995220">
    <ele>237.1</ele>
    <time>2026-07-12T18:25:19Z</time>
   </trkpt>
   <trkpt lat="48.9580680" lon="8.9996390">
    <ele>237.0</ele>
    <time>2026-07-12T18:25:20Z</time>
   </trkpt>
   <trkpt lat="48.9580860" lon="8.9997590">
    <ele>236.9</ele>
    <time>2026-07-12T18:25:21Z</time>
   </trkpt>
   <trkpt lat="48.9581090" lon="8.9998750">
    <ele>236.8</ele>
    <time>2026-07-12T18:25:22Z</time>
   </trkpt>
   <trkpt lat="48.9581270" lon="8.9999960">
    <ele>236.8</ele>
    <time>2026-07-12T18:25:23Z</time>
   </trkpt>
   <trkpt lat="48.9581480" lon="9.0001110">
    <ele>236.7</ele>
    <time>2026-07-12T18:25:24Z</time>
   </trkpt>
   <trkpt lat="48.9581680" lon="9.0002280">
    <ele>236.7</ele>
    <time>2026-07-12T18:25:25Z</time>
   </trkpt>
   <trkpt lat="48.9581860" lon="9.0003430">
    <ele>236.7</ele>
    <time>2026-07-12T18:25:26Z</time>
   </trkpt>
   <trkpt lat="48.9582060" lon="9.0004560">
    <ele>236.6</ele>
    <time>2026-07-12T18:25:27Z</time>
   </trkpt>
   <trkpt lat="48.9582240" lon="9.0005690">
    <ele>236.6</ele>
    <time>2026-07-12T18:25:28Z</time>
   </trkpt>
   <trkpt lat="48.9582460" lon="9.0006810">
    <ele>236.6</ele>
    <time>2026-07-12T18:25:29Z</time>
   </trkpt>
   <trkpt lat="48.9582650" lon="9.0007930">
    <ele>236.5</ele>
    <time>2026-07-12T18:25:30Z</time>
   </trkpt>
   <trkpt lat="48.9582820" lon="9.0009020">
    <ele>236.5</ele>
    <time>2026-07-12T18:25:31Z</time>
   </trkpt>
   <trkpt lat="48.9583050" lon="9.0010150">
    <ele>236.5</ele>
    <time>2026-07-12T18:25:32Z</time>
   </trkpt>
   <trkpt lat="48.9583220" lon="9.0011340">
    <ele>236.4</ele>
    <time>2026-07-12T18:25:33Z</time>
   </trkpt>
   <trkpt lat="48.9583450" lon="9.0012480">
    <ele>236.4</ele>
    <time>2026-07-12T18:25:34Z</time>
   </trkpt>
   <trkpt lat="48.9583700" lon="9.0013630">
    <ele>236.4</ele>
    <time>2026-07-12T18:25:35Z</time>
   </trkpt>
   <trkpt lat="48.9583900" lon="9.0014760">
    <ele>236.4</ele>
    <time>2026-07-12T18:25:36Z</time>
   </trkpt>
   <trkpt lat="48.9584090" lon="9.0015900">
    <ele>236.3</ele>
    <time>2026-07-12T18:25:37Z</time>
   </trkpt>
   <trkpt lat="48.9584280" lon="9.0017080">
    <ele>236.3</ele>
    <time>2026-07-12T18:25:38Z</time>
   </trkpt>
   <trkpt lat="48.9584480" lon="9.0018220">
    <ele>236.3</ele>
    <time>2026-07-12T18:25:39Z</time>
   </trkpt>
   <trkpt lat="48.9584690" lon="9.0019340">
    <ele>236.3</ele>
    <time>2026-07-12T18:25:40Z</time>
   </trkpt>
   <trkpt lat="48.9584870" lon="9.0020480">
    <ele>236.3</ele>
    <time>2026-07-12T18:25:41Z</time>
   </trkpt>
   <trkpt lat="48.9585020" lon="9.0021630">
    <ele>236.3</ele>
    <time>2026-07-12T18:25:42Z</time>
   </trkpt>
   <trkpt lat="48.9585150" lon="9.0022830">
    <ele>236.3</ele>
    <time>2026-07-12T18:25:43Z</time>
   </trkpt>
   <trkpt lat="48.9585340" lon="9.0023950">
    <ele>236.3</ele>
    <time>2026-07-12T18:25:44Z</time>
   </trkpt>
   <trkpt lat="48.9585530" lon="9.0025030">
    <ele>236.3</ele>
    <time>2026-07-12T18:25:45Z</time>
   </trkpt>
   <trkpt lat="48.9585700" lon="9.0026150">
    <ele>236.2</ele>
    <time>2026-07-12T18:25:46Z</time>
   </trkpt>
   <trkpt lat="48.9585900" lon="9.0027280">
    <ele>236.1</ele>
    <time>2026-07-12T18:25:47Z</time>
   </trkpt>
   <trkpt lat="48.9586090" lon="9.0028390">
    <ele>236.0</ele>
    <time>2026-07-12T18:25:48Z</time>
   </trkpt>
   <trkpt lat="48.9586270" lon="9.0029520">
    <ele>236.0</ele>
    <time>2026-07-12T18:25:49Z</time>
   </trkpt>
   <trkpt lat="48.9586430" lon="9.0030670">
    <ele>236.0</ele>
    <time>2026-07-12T18:25:50Z</time>
   </trkpt>
   <trkpt lat="48.9586740" lon="9.0031610">
    <ele>236.0</ele>
    <time>2026-07-12T18:25:51Z</time>
   </trkpt>
   <trkpt lat="48.9586930" lon="9.0032750">
    <ele>236.0</ele>
    <time>2026-07-12T18:25:52Z</time>
   </trkpt>
   <trkpt lat="48.9587140" lon="9.0033900">
    <ele>236.0</ele>
    <time>2026-07-12T18:25:53Z</time>
   </trkpt>
   <trkpt lat="48.9587350" lon="9.0034990">
    <ele>236.0</ele>
    <time>2026-07-12T18:25:54Z</time>
   </trkpt>
   <trkpt lat="48.9587580" lon="9.0036140">
    <ele>236.1</ele>
    <time>2026-07-12T18:25:55Z</time>
   </trkpt>
   <trkpt lat="48.9587800" lon="9.0037230">
    <ele>236.1</ele>
    <time>2026-07-12T18:25:56Z</time>
   </trkpt>
   <trkpt lat="48.9588040" lon="9.0038280">
    <ele>236.2</ele>
    <time>2026-07-12T18:25:57Z</time>
   </trkpt>
   <trkpt lat="48.9587970" lon="9.0039450">
    <ele>236.0</ele>
    <time>2026-07-12T18:25:58Z</time>
   </trkpt>
   <trkpt lat="48.9587920" lon="9.0040530">
    <ele>235.5</ele>
    <time>2026-07-12T18:25:59Z</time>
   </trkpt>
   <trkpt lat="48.9588040" lon="9.0041670">
    <ele>234.9</ele>
    <time>2026-07-12T18:26:00Z</time>
   </trkpt>
   <trkpt lat="48.9588350" lon="9.0042700">
    <ele>235.3</ele>
    <time>2026-07-12T18:26:01Z</time>
   </trkpt>
   <trkpt lat="48.9588670" lon="9.0043750">
    <ele>235.6</ele>
    <time>2026-07-12T18:26:02Z</time>
   </trkpt>
   <trkpt lat="48.9588910" lon="9.0044830">
    <ele>235.8</ele>
    <time>2026-07-12T18:26:03Z</time>
   </trkpt>
   <trkpt lat="48.9589090" lon="9.0045920">
    <ele>235.9</ele>
    <time>2026-07-12T18:26:04Z</time>
   </trkpt>
   <trkpt lat="48.9589240" lon="9.0046980">
    <ele>236.0</ele>
    <time>2026-07-12T18:26:05Z</time>
   </trkpt>
   <trkpt lat="48.9589400" lon="9.0048090">
    <ele>236.1</ele>
    <time>2026-07-12T18:26:06Z</time>
   </trkpt>
   <trkpt lat="48.9589560" lon="9.0049200">
    <ele>236.1</ele>
    <time>2026-07-12T18:26:07Z</time>
   </trkpt>
   <trkpt lat="48.9589690" lon="9.0050290">
    <ele>236.1</ele>
    <time>2026-07-12T18:26:08Z</time>
   </trkpt>
   <trkpt lat="48.9589820" lon="9.0051410">
    <ele>236.2</ele>
    <time>2026-07-12T18:26:09Z</time>
   </trkpt>
   <trkpt lat="48.9589970" lon="9.0052490">
    <ele>236.2</ele>
    <time>2026-07-12T18:26:10Z</time>
   </trkpt>
   <trkpt lat="48.9590140" lon="9.0053550">
    <ele>236.2</ele>
    <time>2026-07-12T18:26:11Z</time>
   </trkpt>
   <trkpt lat="48.9590280" lon="9.0054650">
    <ele>236.2</ele>
    <time>2026-07-12T18:26:12Z</time>
   </trkpt>
   <trkpt lat="48.9590450" lon="9.0055740">
    <ele>236.2</ele>
    <time>2026-07-12T18:26:13Z</time>
   </trkpt>
   <trkpt lat="48.9590630" lon="9.0056780">
    <ele>236.2</ele>
    <time>2026-07-12T18:26:14Z</time>
   </trkpt>
   <trkpt lat="48.9590760" lon="9.0057900">
    <ele>236.1</ele>
    <time>2026-07-12T18:26:15Z</time>
   </trkpt>
   <trkpt lat="48.9590910" lon="9.0058910">
    <ele>236.1</ele>
    <time>2026-07-12T18:26:16Z</time>
   </trkpt>
   <trkpt lat="48.9591050" lon="9.0060000">
    <ele>236.0</ele>
    <time>2026-07-12T18:26:17Z</time>
   </trkpt>
   <trkpt lat="48.9591180" lon="9.0061110">
    <ele>236.0</ele>
    <time>2026-07-12T18:26:18Z</time>
   </trkpt>
   <trkpt lat="48.9591300" lon="9.0062200">
    <ele>236.0</ele>
    <time>2026-07-12T18:26:19Z</time>
   </trkpt>
   <trkpt lat="48.9591410" lon="9.0063340">
    <ele>235.9</ele>
    <time>2026-07-12T18:26:20Z</time>
   </trkpt>
   <trkpt lat="48.9591560" lon="9.0064370">
    <ele>235.9</ele>
    <time>2026-07-12T18:26:21Z</time>
   </trkpt>
   <trkpt lat="48.9591680" lon="9.0065490">
    <ele>235.9</ele>
    <time>2026-07-12T18:26:22Z</time>
   </trkpt>
   <trkpt lat="48.9591830" lon="9.0066540">
    <ele>235.8</ele>
    <time>2026-07-12T18:26:23Z</time>
   </trkpt>
   <trkpt lat="48.9591980" lon="9.0067630">
    <ele>235.8</ele>
    <time>2026-07-12T18:26:24Z</time>
   </trkpt>
   <trkpt lat="48.9592090" lon="9.0068710">
    <ele>235.7</ele>
    <time>2026-07-12T18:26:25Z</time>
   </trkpt>
   <trkpt lat="48.9592170" lon="9.0069810">
    <ele>235.8</ele>
    <time>2026-07-12T18:26:26Z</time>
   </trkpt>
   <trkpt lat="48.9592310" lon="9.0070900">
    <ele>235.8</ele>
    <time>2026-07-12T18:26:27Z</time>
   </trkpt>
   <trkpt lat="48.9592530" lon="9.0071940">
    <ele>235.9</ele>
    <time>2026-07-12T18:26:28Z</time>
   </trkpt>
   <trkpt lat="48.9592730" lon="9.0073050">
    <ele>235.9</ele>
    <time>2026-07-12T18:26:29Z</time>
   </trkpt>
   <trkpt lat="48.9592870" lon="9.0074110">
    <ele>236.0</ele>
    <time>2026-07-12T18:26:30Z</time>
   </trkpt>
   <trkpt lat="48.9593060" lon="9.0075220">
    <ele>236.0</ele>
    <time>2026-07-12T18:26:31Z</time>
   </trkpt>
   <trkpt lat="48.9593190" lon="9.0076330">
    <ele>236.1</ele>
    <time>2026-07-12T18:26:32Z</time>
   </trkpt>
   <trkpt lat="48.9593330" lon="9.0077470">
    <ele>236.1</ele>
    <time>2026-07-12T18:26:33Z</time>
   </trkpt>
   <trkpt lat="48.9593510" lon="9.0078670">
    <ele>236.2</ele>
    <time>2026-07-12T18:26:34Z</time>
   </trkpt>
   <trkpt lat="48.9593720" lon="9.0079680">
    <ele>236.2</ele>
    <time>2026-07-12T18:26:35Z</time>
   </trkpt>
   <trkpt lat="48.9593880" lon="9.0080650">
    <ele>236.2</ele>
    <time>2026-07-12T18:26:36Z</time>
   </trkpt>
   <trkpt lat="48.9594060" lon="9.0081690">
    <ele>236.3</ele>
    <time>2026-07-12T18:26:37Z</time>
   </trkpt>
   <trkpt lat="48.9594250" lon="9.0082670">
    <ele>236.3</ele>
    <time>2026-07-12T18:26:38Z</time>
   </trkpt>
   <trkpt lat="48.9594490" lon="9.0083630">
    <ele>236.4</ele>
    <time>2026-07-12T18:26:39Z</time>
   </trkpt>
   <trkpt lat="48.9594700" lon="9.0084560">
    <ele>236.4</ele>
    <time>2026-07-12T18:26:40Z</time>
   </trkpt>
   <trkpt lat="48.9594950" lon="9.0085480">
    <ele>236.4</ele>
    <time>2026-07-12T18:26:41Z</time>
   </trkpt>
   <trkpt lat="48.9595240" lon="9.0086340">
    <ele>236.5</ele>
    <time>2026-07-12T18:26:42Z</time>
   </trkpt>
   <trkpt lat="48.9595570" lon="9.0087270">
    <ele>236.5</ele>
    <time>2026-07-12T18:26:43Z</time>
   </trkpt>
   <trkpt lat="48.9595920" lon="9.0088200">
    <ele>236.5</ele>
    <time>2026-07-12T18:26:44Z</time>
   </trkpt>
   <trkpt lat="48.9596280" lon="9.0089060">
    <ele>236.6</ele>
    <time>2026-07-12T18:26:45Z</time>
   </trkpt>
   <trkpt lat="48.9596620" lon="9.0089950">
    <ele>236.6</ele>
    <time>2026-07-12T18:26:46Z</time>
   </trkpt>
   <trkpt lat="48.9596980" lon="9.0090880">
    <ele>236.6</ele>
    <time>2026-07-12T18:26:47Z</time>
   </trkpt>
   <trkpt lat="48.9597370" lon="9.0091710">
    <ele>236.6</ele>
    <time>2026-07-12T18:26:48Z</time>
   </trkpt>
   <trkpt lat="48.9597760" lon="9.0092650">
    <ele>236.5</ele>
    <time>2026-07-12T18:26:49Z</time>
   </trkpt>
   <trkpt lat="48.9598100" lon="9.0093560">
    <ele>236.4</ele>
    <time>2026-07-12T18:26:50Z</time>
   </trkpt>
   <trkpt lat="48.9598380" lon="9.0094570">
    <ele>236.3</ele>
    <time>2026-07-12T18:26:51Z</time>
   </trkpt>
   <trkpt lat="48.9598730" lon="9.0095540">
    <ele>236.1</ele>
    <time>2026-07-12T18:26:52Z</time>
   </trkpt>
   <trkpt lat="48.9599060" lon="9.0096420">
    <ele>236.0</ele>
    <time>2026-07-12T18:26:53Z</time>
   </trkpt>
   <trkpt lat="48.9599460" lon="9.0097300">
    <ele>235.8</ele>
    <time>2026-07-12T18:26:54Z</time>
   </trkpt>
   <trkpt lat="48.9599810" lon="9.0098390">
    <ele>235.5</ele>
    <time>2026-07-12T18:26:55Z</time>
   </trkpt>
   <trkpt lat="48.9600150" lon="9.0099460">
    <ele>235.1</ele>
    <time>2026-07-12T18:26:56Z</time>
   </trkpt>
   <trkpt lat="48.9600570" lon="9.0100530">
    <ele>234.4</ele>
    <time>2026-07-12T18:26:57Z</time>
   </trkpt>
   <trkpt lat="48.9601040" lon="9.0101610">
    <ele>233.6</ele>
    <time>2026-07-12T18:26:58Z</time>
   </trkpt>
   <trkpt lat="48.9601550" lon="9.0102780">
    <ele>232.8</ele>
    <time>2026-07-12T18:26:59Z</time>
   </trkpt>
   <trkpt lat="48.9602000" lon="9.0104100">
    <ele>231.9</ele>
    <time>2026-07-12T18:27:00Z</time>
   </trkpt>
   <trkpt lat="48.9602500" lon="9.0105240">
    <ele>231.0</ele>
    <time>2026-07-12T18:27:01Z</time>
   </trkpt>
   <trkpt lat="48.9602970" lon="9.0106530">
    <ele>230.4</ele>
    <time>2026-07-12T18:27:02Z</time>
   </trkpt>
   <trkpt lat="48.9603500" lon="9.0107830">
    <ele>229.8</ele>
    <time>2026-07-12T18:27:03Z</time>
   </trkpt>
   <trkpt lat="48.9604060" lon="9.0109170">
    <ele>229.2</ele>
    <time>2026-07-12T18:27:04Z</time>
   </trkpt>
   <trkpt lat="48.9604680" lon="9.0110480">
    <ele>228.6</ele>
    <time>2026-07-12T18:27:05Z</time>
   </trkpt>
   <trkpt lat="48.9605330" lon="9.0111790">
    <ele>228.0</ele>
    <time>2026-07-12T18:27:06Z</time>
   </trkpt>
   <trkpt lat="48.9606030" lon="9.0112940">
    <ele>227.5</ele>
    <time>2026-07-12T18:27:07Z</time>
   </trkpt>
   <trkpt lat="48.9606710" lon="9.0114120">
    <ele>227.1</ele>
    <time>2026-07-12T18:27:08Z</time>
   </trkpt>
   <trkpt lat="48.9607410" lon="9.0115180">
    <ele>226.7</ele>
    <time>2026-07-12T18:27:09Z</time>
   </trkpt>
   <trkpt lat="48.9608120" lon="9.0116260">
    <ele>226.4</ele>
    <time>2026-07-12T18:27:10Z</time>
   </trkpt>
   <trkpt lat="48.9608850" lon="9.0117410">
    <ele>226.1</ele>
    <time>2026-07-12T18:27:11Z</time>
   </trkpt>
   <trkpt lat="48.9609590" lon="9.0118460">
    <ele>225.8</ele>
    <time>2026-07-12T18:27:12Z</time>
   </trkpt>
   <trkpt lat="48.9610360" lon="9.0119540">
    <ele>225.5</ele>
    <time>2026-07-12T18:27:13Z</time>
   </trkpt>
   <trkpt lat="48.9611010" lon="9.0120770">
    <ele>225.1</ele>
    <time>2026-07-12T18:27:14Z</time>
   </trkpt>
   <trkpt lat="48.9611640" lon="9.0122010">
    <ele>224.6</ele>
    <time>2026-07-12T18:27:15Z</time>
   </trkpt>
   <trkpt lat="48.9612220" lon="9.0123320">
    <ele>223.9</ele>
    <time>2026-07-12T18:27:16Z</time>
   </trkpt>
   <trkpt lat="48.9612700" lon="9.0124730">
    <ele>223.2</ele>
    <time>2026-07-12T18:27:17Z</time>
   </trkpt>
   <trkpt lat="48.9613180" lon="9.0126160">
    <ele>222.6</ele>
    <time>2026-07-12T18:27:18Z</time>
   </trkpt>
   <trkpt lat="48.9613650" lon="9.0127670">
    <ele>222.0</ele>
    <time>2026-07-12T18:27:19Z</time>
   </trkpt>
   <trkpt lat="48.9614100" lon="9.0129120">
    <ele>221.4</ele>
    <time>2026-07-12T18:27:20Z</time>
   </trkpt>
   <trkpt lat="48.9614620" lon="9.0130560">
    <ele>220.7</ele>
    <time>2026-07-12T18:27:21Z</time>
   </trkpt>
   <trkpt lat="48.9615150" lon="9.0131980">
    <ele>219.9</ele>
    <time>2026-07-12T18:27:22Z</time>
   </trkpt>
   <trkpt lat="48.9615750" lon="9.0133300">
    <ele>219.2</ele>
    <time>2026-07-12T18:27:23Z</time>
   </trkpt>
   <trkpt lat="48.9616450" lon="9.0134640">
    <ele>218.4</ele>
    <time>2026-07-12T18:27:24Z</time>
   </trkpt>
   <trkpt lat="48.9617190" lon="9.0135780">
    <ele>217.6</ele>
    <time>2026-07-12T18:27:25Z</time>
   </trkpt>
   <trkpt lat="48.9618020" lon="9.0136870">
    <ele>217.1</ele>
    <time>2026-07-12T18:27:26Z</time>
   </trkpt>
   <trkpt lat="48.9618950" lon="9.0137860">
    <ele>216.9</ele>
    <time>2026-07-12T18:27:27Z</time>
   </trkpt>
   <trkpt lat="48.9619890" lon="9.0138780">
    <ele>216.7</ele>
    <time>2026-07-12T18:27:28Z</time>
   </trkpt>
   <trkpt lat="48.9620870" lon="9.0139630">
    <ele>216.4</ele>
    <time>2026-07-12T18:27:29Z</time>
   </trkpt>
   <trkpt lat="48.9621820" lon="9.0140150">
    <ele>216.3</ele>
    <time>2026-07-12T18:27:30Z</time>
   </trkpt>
   <trkpt lat="48.9622810" lon="9.0140750">
    <ele>216.2</ele>
    <time>2026-07-12T18:27:31Z</time>
   </trkpt>
   <trkpt lat="48.9623820" lon="9.0141350">
    <ele>216.2</ele>
    <time>2026-07-12T18:27:32Z</time>
   </trkpt>
   <trkpt lat="48.9624790" lon="9.0141960">
    <ele>216.2</ele>
    <time>2026-07-12T18:27:33Z</time>
   </trkpt>
   <trkpt lat="48.9625650" lon="9.0142680">
    <ele>216.3</ele>
    <time>2026-07-12T18:27:34Z</time>
   </trkpt>
   <trkpt lat="48.9626460" lon="9.0143460">
    <ele>216.3</ele>
    <time>2026-07-12T18:27:35Z</time>
   </trkpt>
   <trkpt lat="48.9627220" lon="9.0144340">
    <ele>216.2</ele>
    <time>2026-07-12T18:27:36Z</time>
   </trkpt>
   <trkpt lat="48.9627950" lon="9.0145270">
    <ele>216.1</ele>
    <time>2026-07-12T18:27:37Z</time>
   </trkpt>
   <trkpt lat="48.9628650" lon="9.0146220">
    <ele>216.1</ele>
    <time>2026-07-12T18:27:38Z</time>
   </trkpt>
   <trkpt lat="48.9629240" lon="9.0147330">
    <ele>216.1</ele>
    <time>2026-07-12T18:27:39Z</time>
   </trkpt>
   <trkpt lat="48.9629830" lon="9.0148390">
    <ele>216.2</ele>
    <time>2026-07-12T18:27:40Z</time>
   </trkpt>
   <trkpt lat="48.9630430" lon="9.0149390">
    <ele>216.3</ele>
    <time>2026-07-12T18:27:41Z</time>
   </trkpt>
   <trkpt lat="48.9630970" lon="9.0150320">
    <ele>216.5</ele>
    <time>2026-07-12T18:27:42Z</time>
   </trkpt>
   <trkpt lat="48.9631530" lon="9.0151290">
    <ele>216.8</ele>
    <time>2026-07-12T18:27:43Z</time>
   </trkpt>
   <trkpt lat="48.9632030" lon="9.0152180">
    <ele>217.1</ele>
    <time>2026-07-12T18:27:44Z</time>
   </trkpt>
   <trkpt lat="48.9632490" lon="9.0153010">
    <ele>217.5</ele>
    <time>2026-07-12T18:27:45Z</time>
   </trkpt>
   <trkpt lat="48.9632850" lon="9.0153820">
    <ele>217.8</ele>
    <time>2026-07-12T18:27:46Z</time>
   </trkpt>
   <trkpt lat="48.9632980" lon="9.0154620">
    <ele>218.1</ele>
    <time>2026-07-12T18:27:47Z</time>
   </trkpt>
   <trkpt lat="48.9633260" lon="9.0155340">
    <ele>218.5</ele>
    <time>2026-07-12T18:27:48Z</time>
   </trkpt>
   <trkpt lat="48.9633360" lon="9.0156150">
    <ele>218.9</ele>
    <time>2026-07-12T18:27:49Z</time>
   </trkpt>
   <trkpt lat="48.9633410" lon="9.0156950">
    <ele>219.4</ele>
    <time>2026-07-12T18:27:50Z</time>
   </trkpt>
   <trkpt lat="48.9633470" lon="9.0158510">
    <ele>220.2</ele>
    <time>2026-07-12T18:27:51Z</time>
   </trkpt>
   <trkpt lat="48.9633460" lon="9.0158870">
    <ele>220.4</ele>
    <time>2026-07-12T18:27:52Z</time>
   </trkpt>
   <trkpt lat="48.9633440" lon="9.0159220">
    <ele>220.6</ele>
    <time>2026-07-12T18:27:53Z</time>
   </trkpt>
   <trkpt lat="48.9633410" lon="9.0159910">
    <ele>220.9</ele>
    <time>2026-07-12T18:27:54Z</time>
   </trkpt>
   <trkpt lat="48.9633480" lon="9.0160640">
    <ele>221.2</ele>
    <time>2026-07-12T18:27:55Z</time>
   </trkpt>
   <trkpt lat="48.9633490" lon="9.0161350">
    <ele>221.5</ele>
    <time>2026-07-12T18:27:56Z</time>
   </trkpt>
   <trkpt lat="48.9633720" lon="9.0162020">
    <ele>221.8</ele>
    <time>2026-07-12T18:27:57Z</time>
   </trkpt>
   <trkpt lat="48.9633950" lon="9.0162580">
    <ele>222.0</ele>
    <time>2026-07-12T18:27:58Z</time>
   </trkpt>
   <trkpt lat="48.9634150" lon="9.0163070">
    <ele>222.2</ele>
    <time>2026-07-12T18:27:59Z</time>
   </trkpt>
   <trkpt lat="48.9634310" lon="9.0163490">
    <ele>222.3</ele>
    <time>2026-07-12T18:28:00Z</time>
   </trkpt>
   <trkpt lat="48.9634230" lon="9.0164180">
    <ele>222.5</ele>
    <time>2026-07-12T18:28:01Z</time>
   </trkpt>
   <trkpt lat="48.9634320" lon="9.0164860">
    <ele>222.6</ele>
    <time>2026-07-12T18:28:02Z</time>
   </trkpt>
   <trkpt lat="48.9634410" lon="9.0165550">
    <ele>222.7</ele>
    <time>2026-07-12T18:28:03Z</time>
   </trkpt>
   <trkpt lat="48.9634480" lon="9.0166330">
    <ele>222.7</ele>
    <time>2026-07-12T18:28:04Z</time>
   </trkpt>
   <trkpt lat="48.9634520" lon="9.0167130">
    <ele>222.8</ele>
    <time>2026-07-12T18:28:05Z</time>
   </trkpt>
   <trkpt lat="48.9634570" lon="9.0167990">
    <ele>222.8</ele>
    <time>2026-07-12T18:28:06Z</time>
   </trkpt>
   <trkpt lat="48.9634620" lon="9.0168850">
    <ele>222.7</ele>
    <time>2026-07-12T18:28:07Z</time>
   </trkpt>
   <trkpt lat="48.9634640" lon="9.0169730">
    <ele>222.7</ele>
    <time>2026-07-12T18:28:08Z</time>
   </trkpt>
   <trkpt lat="48.9634690" lon="9.0170600">
    <ele>222.7</ele>
    <time>2026-07-12T18:28:09Z</time>
   </trkpt>
   <trkpt lat="48.9634710" lon="9.0171530">
    <ele>222.6</ele>
    <time>2026-07-12T18:28:10Z</time>
   </trkpt>
   <trkpt lat="48.9634780" lon="9.0172440">
    <ele>222.6</ele>
    <time>2026-07-12T18:28:11Z</time>
   </trkpt>
   <trkpt lat="48.9634880" lon="9.0173350">
    <ele>222.6</ele>
    <time>2026-07-12T18:28:12Z</time>
   </trkpt>
   <trkpt lat="48.9634910" lon="9.0174270">
    <ele>222.5</ele>
    <time>2026-07-12T18:28:13Z</time>
   </trkpt>
   <trkpt lat="48.9634980" lon="9.0175190">
    <ele>222.5</ele>
    <time>2026-07-12T18:28:14Z</time>
   </trkpt>
   <trkpt lat="48.9635070" lon="9.0176150">
    <ele>222.4</ele>
    <time>2026-07-12T18:28:15Z</time>
   </trkpt>
   <trkpt lat="48.9635110" lon="9.0177120">
    <ele>222.3</ele>
    <time>2026-07-12T18:28:16Z</time>
   </trkpt>
   <trkpt lat="48.9635170" lon="9.0178080">
    <ele>222.3</ele>
    <time>2026-07-12T18:28:17Z</time>
   </trkpt>
   <trkpt lat="48.9635250" lon="9.0179060">
    <ele>222.2</ele>
    <time>2026-07-12T18:28:18Z</time>
   </trkpt>
   <trkpt lat="48.9635340" lon="9.0179980">
    <ele>222.2</ele>
    <time>2026-07-12T18:28:19Z</time>
   </trkpt>
   <trkpt lat="48.9635500" lon="9.0180920">
    <ele>222.1</ele>
    <time>2026-07-12T18:28:20Z</time>
   </trkpt>
   <trkpt lat="48.9635710" lon="9.0181850">
    <ele>222.4</ele>
    <time>2026-07-12T18:28:21Z</time>
   </trkpt>
   <trkpt lat="48.9635890" lon="9.0182670">
    <ele>222.8</ele>
    <time>2026-07-12T18:28:22Z</time>
   </trkpt>
   <trkpt lat="48.9636110" lon="9.0183520">
    <ele>223.5</ele>
    <time>2026-07-12T18:28:23Z</time>
   </trkpt>
   <trkpt lat="48.9636300" lon="9.0184240">
    <ele>224.1</ele>
    <time>2026-07-12T18:28:24Z</time>
   </trkpt>
   <trkpt lat="48.9636510" lon="9.0184830">
    <ele>224.6</ele>
    <time>2026-07-12T18:28:25Z</time>
   </trkpt>
   <trkpt lat="48.9636520" lon="9.0185520">
    <ele>225.1</ele>
    <time>2026-07-12T18:28:26Z</time>
   </trkpt>
   <trkpt lat="48.9636620" lon="9.0186020">
    <ele>225.2</ele>
    <time>2026-07-12T18:28:27Z</time>
   </trkpt>
   <trkpt lat="48.9636710" lon="9.0186460">
    <ele>225.2</ele>
    <time>2026-07-12T18:28:28Z</time>
   </trkpt>
   <trkpt lat="48.9636820" lon="9.0187080">
    <ele>225.2</ele>
    <time>2026-07-12T18:28:29Z</time>
   </trkpt>
   <trkpt lat="48.9636880" lon="9.0187920">
    <ele>225.2</ele>
    <time>2026-07-12T18:28:30Z</time>
   </trkpt>
   <trkpt lat="48.9636970" lon="9.0188810">
    <ele>225.2</ele>
    <time>2026-07-12T18:28:31Z</time>
   </trkpt>
   <trkpt lat="48.9637000" lon="9.0189770">
    <ele>225.1</ele>
    <time>2026-07-12T18:28:32Z</time>
   </trkpt>
   <trkpt lat="48.9637070" lon="9.0190670">
    <ele>225.1</ele>
    <time>2026-07-12T18:28:33Z</time>
   </trkpt>
   <trkpt lat="48.9637210" lon="9.0191510">
    <ele>225.1</ele>
    <time>2026-07-12T18:28:34Z</time>
   </trkpt>
   <trkpt lat="48.9637310" lon="9.0192290">
    <ele>225.1</ele>
    <time>2026-07-12T18:28:35Z</time>
   </trkpt>
   <trkpt lat="48.9637430" lon="9.0193200">
    <ele>225.1</ele>
    <time>2026-07-12T18:28:36Z</time>
   </trkpt>
   <trkpt lat="48.9637550" lon="9.0194170">
    <ele>225.0</ele>
    <time>2026-07-12T18:28:37Z</time>
   </trkpt>
   <trkpt lat="48.9637720" lon="9.0195090">
    <ele>225.0</ele>
    <time>2026-07-12T18:28:38Z</time>
   </trkpt>
   <trkpt lat="48.9637900" lon="9.0196030">
    <ele>224.9</ele>
    <time>2026-07-12T18:28:39Z</time>
   </trkpt>
   <trkpt lat="48.9638150" lon="9.0198070">
    <ele>224.7</ele>
    <time>2026-07-12T18:28:40Z</time>
   </trkpt>
   <trkpt lat="48.9638250" lon="9.0198580">
    <ele>224.6</ele>
    <time>2026-07-12T18:28:41Z</time>
   </trkpt>
   <trkpt lat="48.9638350" lon="9.0199080">
    <ele>224.6</ele>
    <time>2026-07-12T18:28:42Z</time>
   </trkpt>
   <trkpt lat="48.9638520" lon="9.0200060">
    <ele>224.4</ele>
    <time>2026-07-12T18:28:43Z</time>
   </trkpt>
   <trkpt lat="48.9638790" lon="9.0201030">
    <ele>224.2</ele>
    <time>2026-07-12T18:28:44Z</time>
   </trkpt>
   <trkpt lat="48.9639030" lon="9.0202030">
    <ele>224.0</ele>
    <time>2026-07-12T18:28:45Z</time>
   </trkpt>
   <trkpt lat="48.9639270" lon="9.0203000">
    <ele>223.7</ele>
    <time>2026-07-12T18:28:46Z</time>
   </trkpt>
   <trkpt lat="48.9639480" lon="9.0203970">
    <ele>223.3</ele>
    <time>2026-07-12T18:28:47Z</time>
   </trkpt>
   <trkpt lat="48.9639680" lon="9.0204930">
    <ele>222.9</ele>
    <time>2026-07-12T18:28:48Z</time>
   </trkpt>
   <trkpt lat="48.9639950" lon="9.0205940">
    <ele>222.3</ele>
    <time>2026-07-12T18:28:49Z</time>
   </trkpt>
   <trkpt lat="48.9640240" lon="9.0206980">
    <ele>221.7</ele>
    <time>2026-07-12T18:28:50Z</time>
   </trkpt>
   <trkpt lat="48.9640550" lon="9.0208100">
    <ele>221.3</ele>
    <time>2026-07-12T18:28:51Z</time>
   </trkpt>
   <trkpt lat="48.9640870" lon="9.0209300">
    <ele>220.9</ele>
    <time>2026-07-12T18:28:52Z</time>
   </trkpt>
   <trkpt lat="48.9641220" lon="9.0210520">
    <ele>221.4</ele>
    <time>2026-07-12T18:28:53Z</time>
   </trkpt>
   <trkpt lat="48.9641520" lon="9.0211590">
    <ele>221.8</ele>
    <time>2026-07-12T18:28:54Z</time>
   </trkpt>
   <trkpt lat="48.9641810" lon="9.0212570">
    <ele>222.2</ele>
    <time>2026-07-12T18:28:55Z</time>
   </trkpt>
   <trkpt lat="48.9642050" lon="9.0213590">
    <ele>222.4</ele>
    <time>2026-07-12T18:28:56Z</time>
   </trkpt>
   <trkpt lat="48.9642310" lon="9.0214510">
    <ele>222.5</ele>
    <time>2026-07-12T18:28:57Z</time>
   </trkpt>
   <trkpt lat="48.9642530" lon="9.0215470">
    <ele>222.5</ele>
    <time>2026-07-12T18:28:58Z</time>
   </trkpt>
   <trkpt lat="48.9642720" lon="9.0216400">
    <ele>222.5</ele>
    <time>2026-07-12T18:28:59Z</time>
   </trkpt>
   <trkpt lat="48.9642950" lon="9.0217310">
    <ele>222.5</ele>
    <time>2026-07-12T18:29:00Z</time>
   </trkpt>
   <trkpt lat="48.9643090" lon="9.0218400">
    <ele>222.5</ele>
    <time>2026-07-12T18:29:01Z</time>
   </trkpt>
   <trkpt lat="48.9643250" lon="9.0219440">
    <ele>222.4</ele>
    <time>2026-07-12T18:29:02Z</time>
   </trkpt>
   <trkpt lat="48.9643410" lon="9.0220450">
    <ele>222.3</ele>
    <time>2026-07-12T18:29:03Z</time>
   </trkpt>
   <trkpt lat="48.9643580" lon="9.0221530">
    <ele>222.2</ele>
    <time>2026-07-12T18:29:04Z</time>
   </trkpt>
   <trkpt lat="48.9643720" lon="9.0222600">
    <ele>222.0</ele>
    <time>2026-07-12T18:29:05Z</time>
   </trkpt>
   <trkpt lat="48.9643830" lon="9.0223700">
    <ele>221.8</ele>
    <time>2026-07-12T18:29:06Z</time>
   </trkpt>
   <trkpt lat="48.9643920" lon="9.0224840">
    <ele>221.5</ele>
    <time>2026-07-12T18:29:07Z</time>
   </trkpt>
   <trkpt lat="48.9643950" lon="9.0225970">
    <ele>221.1</ele>
    <time>2026-07-12T18:29:08Z</time>
   </trkpt>
   <trkpt lat="48.9644020" lon="9.0227130">
    <ele>220.7</ele>
    <time>2026-07-12T18:29:09Z</time>
   </trkpt>
   <trkpt lat="48.9644080" lon="9.0228340">
    <ele>220.2</ele>
    <time>2026-07-12T18:29:10Z</time>
   </trkpt>
   <trkpt lat="48.9644140" lon="9.0229540">
    <ele>219.8</ele>
    <time>2026-07-12T18:29:11Z</time>
   </trkpt>
   <trkpt lat="48.9644240" lon="9.0230770">
    <ele>219.4</ele>
    <time>2026-07-12T18:29:12Z</time>
   </trkpt>
   <trkpt lat="48.9644370" lon="9.0232000">
    <ele>219.0</ele>
    <time>2026-07-12T18:29:13Z</time>
   </trkpt>
   <trkpt lat="48.9644520" lon="9.0233270">
    <ele>218.6</ele>
    <time>2026-07-12T18:29:14Z</time>
   </trkpt>
   <trkpt lat="48.9644670" lon="9.0234610">
    <ele>218.4</ele>
    <time>2026-07-12T18:29:15Z</time>
   </trkpt>
   <trkpt lat="48.9644790" lon="9.0235970">
    <ele>218.5</ele>
    <time>2026-07-12T18:29:16Z</time>
   </trkpt>
   <trkpt lat="48.9644840" lon="9.0237320">
    <ele>218.6</ele>
    <time>2026-07-12T18:29:17Z</time>
   </trkpt>
   <trkpt lat="48.9644910" lon="9.0238610">
    <ele>218.9</ele>
    <time>2026-07-12T18:29:18Z</time>
   </trkpt>
   <trkpt lat="48.9644990" lon="9.0239890">
    <ele>219.2</ele>
    <time>2026-07-12T18:29:19Z</time>
   </trkpt>
   <trkpt lat="48.9644990" lon="9.0241090">
    <ele>219.4</ele>
    <time>2026-07-12T18:29:20Z</time>
   </trkpt>
   <trkpt lat="48.9644970" lon="9.0242200">
    <ele>219.7</ele>
    <time>2026-07-12T18:29:21Z</time>
   </trkpt>
   <trkpt lat="48.9644900" lon="9.0243320">
    <ele>219.8</ele>
    <time>2026-07-12T18:29:22Z</time>
   </trkpt>
   <trkpt lat="48.9644790" lon="9.0244350">
    <ele>219.9</ele>
    <time>2026-07-12T18:29:23Z</time>
   </trkpt>
   <trkpt lat="48.9644560" lon="9.0245370">
    <ele>219.9</ele>
    <time>2026-07-12T18:29:24Z</time>
   </trkpt>
   <trkpt lat="48.9644280" lon="9.0246320">
    <ele>220.1</ele>
    <time>2026-07-12T18:29:25Z</time>
   </trkpt>
   <trkpt lat="48.9644010" lon="9.0247260">
    <ele>220.3</ele>
    <time>2026-07-12T18:29:26Z</time>
   </trkpt>
   <trkpt lat="48.9643760" lon="9.0248230">
    <ele>220.6</ele>
    <time>2026-07-12T18:29:27Z</time>
   </trkpt>
   <trkpt lat="48.9643550" lon="9.0249250">
    <ele>220.9</ele>
    <time>2026-07-12T18:29:28Z</time>
   </trkpt>
   <trkpt lat="48.9643440" lon="9.0250250">
    <ele>221.2</ele>
    <time>2026-07-12T18:29:29Z</time>
   </trkpt>
   <trkpt lat="48.9643410" lon="9.0251150">
    <ele>221.6</ele>
    <time>2026-07-12T18:29:30Z</time>
   </trkpt>
   <trkpt lat="48.9643390" lon="9.0252030">
    <ele>221.9</ele>
    <time>2026-07-12T18:29:31Z</time>
   </trkpt>
   <trkpt lat="48.9643420" lon="9.0252920">
    <ele>222.2</ele>
    <time>2026-07-12T18:29:32Z</time>
   </trkpt>
   <trkpt lat="48.9643430" lon="9.0253740">
    <ele>222.4</ele>
    <time>2026-07-12T18:29:33Z</time>
   </trkpt>
   <trkpt lat="48.9643430" lon="9.0254570">
    <ele>222.5</ele>
    <time>2026-07-12T18:29:34Z</time>
   </trkpt>
   <trkpt lat="48.9643470" lon="9.0255460">
    <ele>222.5</ele>
    <time>2026-07-12T18:29:35Z</time>
   </trkpt>
   <trkpt lat="48.9643520" lon="9.0256380">
    <ele>222.5</ele>
    <time>2026-07-12T18:29:36Z</time>
   </trkpt>
   <trkpt lat="48.9643570" lon="9.0257360">
    <ele>222.4</ele>
    <time>2026-07-12T18:29:37Z</time>
   </trkpt>
   <trkpt lat="48.9643610" lon="9.0258350">
    <ele>222.3</ele>
    <time>2026-07-12T18:29:38Z</time>
   </trkpt>
   <trkpt lat="48.9643630" lon="9.0259390">
    <ele>222.2</ele>
    <time>2026-07-12T18:29:39Z</time>
   </trkpt>
   <trkpt lat="48.9643700" lon="9.0260490">
    <ele>222.1</ele>
    <time>2026-07-12T18:29:40Z</time>
   </trkpt>
   <trkpt lat="48.9643780" lon="9.0261580">
    <ele>222.1</ele>
    <time>2026-07-12T18:29:41Z</time>
   </trkpt>
   <trkpt lat="48.9643900" lon="9.0262600">
    <ele>222.1</ele>
    <time>2026-07-12T18:29:42Z</time>
   </trkpt>
   <trkpt lat="48.9644070" lon="9.0263560">
    <ele>222.2</ele>
    <time>2026-07-12T18:29:43Z</time>
   </trkpt>
   <trkpt lat="48.9644200" lon="9.0264600">
    <ele>222.1</ele>
    <time>2026-07-12T18:29:44Z</time>
   </trkpt>
   <trkpt lat="48.9644320" lon="9.0265670">
    <ele>222.1</ele>
    <time>2026-07-12T18:29:45Z</time>
   </trkpt>
   <trkpt lat="48.9644400" lon="9.0266780">
    <ele>222.0</ele>
    <time>2026-07-12T18:29:46Z</time>
   </trkpt>
   <trkpt lat="48.9644510" lon="9.0267890">
    <ele>221.9</ele>
    <time>2026-07-12T18:29:47Z</time>
   </trkpt>
   <trkpt lat="48.9644670" lon="9.0268990">
    <ele>221.8</ele>
    <time>2026-07-12T18:29:48Z</time>
   </trkpt>
   <trkpt lat="48.9644860" lon="9.0270130">
    <ele>221.7</ele>
    <time>2026-07-12T18:29:49Z</time>
   </trkpt>
   <trkpt lat="48.9645050" lon="9.0271180">
    <ele>221.7</ele>
    <time>2026-07-12T18:29:50Z</time>
   </trkpt>
   <trkpt lat="48.9645210" lon="9.0272270">
    <ele>221.7</ele>
    <time>2026-07-12T18:29:51Z</time>
   </trkpt>
   <trkpt lat="48.9645340" lon="9.0273360">
    <ele>221.7</ele>
    <time>2026-07-12T18:29:52Z</time>
   </trkpt>
   <trkpt lat="48.9645480" lon="9.0274480">
    <ele>221.8</ele>
    <time>2026-07-12T18:29:53Z</time>
   </trkpt>
   <trkpt lat="48.9645640" lon="9.0275580">
    <ele>221.9</ele>
    <time>2026-07-12T18:29:54Z</time>
   </trkpt>
   <trkpt lat="48.9645800" lon="9.0276650">
    <ele>222.0</ele>
    <time>2026-07-12T18:29:55Z</time>
   </trkpt>
   <trkpt lat="48.9645950" lon="9.0277730">
    <ele>222.1</ele>
    <time>2026-07-12T18:29:56Z</time>
   </trkpt>
   <trkpt lat="48.9646100" lon="9.0278820">
    <ele>222.1</ele>
    <time>2026-07-12T18:29:57Z</time>
   </trkpt>
   <trkpt lat="48.9646270" lon="9.0279860">
    <ele>222.2</ele>
    <time>2026-07-12T18:29:58Z</time>
   </trkpt>
   <trkpt lat="48.9646420" lon="9.0280910">
    <ele>222.2</ele>
    <time>2026-07-12T18:29:59Z</time>
   </trkpt>
   <trkpt lat="48.9646550" lon="9.0282000">
    <ele>222.2</ele>
    <time>2026-07-12T18:30:00Z</time>
   </trkpt>
   <trkpt lat="48.9646730" lon="9.0282990">
    <ele>222.2</ele>
    <time>2026-07-12T18:30:01Z</time>
   </trkpt>
   <trkpt lat="48.9646880" lon="9.0284120">
    <ele>222.2</ele>
    <time>2026-07-12T18:30:02Z</time>
   </trkpt>
   <trkpt lat="48.9647030" lon="9.0285230">
    <ele>222.2</ele>
    <time>2026-07-12T18:30:03Z</time>
   </trkpt>
   <trkpt lat="48.9647180" lon="9.0286320">
    <ele>222.2</ele>
    <time>2026-07-12T18:30:04Z</time>
   </trkpt>
   <trkpt lat="48.9647300" lon="9.0287410">
    <ele>222.1</ele>
    <time>2026-07-12T18:30:05Z</time>
   </trkpt>
   <trkpt lat="48.9647430" lon="9.0288610">
    <ele>221.9</ele>
    <time>2026-07-12T18:30:06Z</time>
   </trkpt>
   <trkpt lat="48.9647530" lon="9.0289610">
    <ele>221.7</ele>
    <time>2026-07-12T18:30:07Z</time>
   </trkpt>
   <trkpt lat="48.9647520" lon="9.0290630">
    <ele>221.3</ele>
    <time>2026-07-12T18:30:08Z</time>
   </trkpt>
   <trkpt lat="48.9647530" lon="9.0291720">
    <ele>220.8</ele>
    <time>2026-07-12T18:30:09Z</time>
   </trkpt>
   <trkpt lat="48.9647620" lon="9.0292950">
    <ele>220.2</ele>
    <time>2026-07-12T18:30:10Z</time>
   </trkpt>
   <trkpt lat="48.9647610" lon="9.0294110">
    <ele>219.6</ele>
    <time>2026-07-12T18:30:11Z</time>
   </trkpt>
   <trkpt lat="48.9647610" lon="9.0295400">
    <ele>219.1</ele>
    <time>2026-07-12T18:30:12Z</time>
   </trkpt>
   <trkpt lat="48.9647650" lon="9.0296760">
    <ele>218.8</ele>
    <time>2026-07-12T18:30:13Z</time>
   </trkpt>
   <trkpt lat="48.9647700" lon="9.0298090">
    <ele>218.6</ele>
    <time>2026-07-12T18:30:14Z</time>
   </trkpt>
   <trkpt lat="48.9647780" lon="9.0299390">
    <ele>218.4</ele>
    <time>2026-07-12T18:30:15Z</time>
   </trkpt>
   <trkpt lat="48.9647850" lon="9.0300700">
    <ele>218.3</ele>
    <time>2026-07-12T18:30:16Z</time>
   </trkpt>
   <trkpt lat="48.9647900" lon="9.0302030">
    <ele>218.3</ele>
    <time>2026-07-12T18:30:17Z</time>
   </trkpt>
   <trkpt lat="48.9648030" lon="9.0303250">
    <ele>218.2</ele>
    <time>2026-07-12T18:30:18Z</time>
   </trkpt>
   <trkpt lat="48.9648100" lon="9.0304560">
    <ele>218.2</ele>
    <time>2026-07-12T18:30:19Z</time>
   </trkpt>
   <trkpt lat="48.9648140" lon="9.0305890">
    <ele>218.2</ele>
    <time>2026-07-12T18:30:20Z</time>
   </trkpt>
   <trkpt lat="48.9648170" lon="9.0307100">
    <ele>218.0</ele>
    <time>2026-07-12T18:30:21Z</time>
   </trkpt>
   <trkpt lat="48.9648100" lon="9.0308420">
    <ele>217.8</ele>
    <time>2026-07-12T18:30:22Z</time>
   </trkpt>
   <trkpt lat="48.9648040" lon="9.0309750">
    <ele>217.4</ele>
    <time>2026-07-12T18:30:23Z</time>
   </trkpt>
   <trkpt lat="48.9647920" lon="9.0311090">
    <ele>216.8</ele>
    <time>2026-07-12T18:30:24Z</time>
   </trkpt>
   <trkpt lat="48.9647750" lon="9.0312420">
    <ele>216.2</ele>
    <time>2026-07-12T18:30:25Z</time>
   </trkpt>
   <trkpt lat="48.9647620" lon="9.0313790">
    <ele>215.7</ele>
    <time>2026-07-12T18:30:26Z</time>
   </trkpt>
   <trkpt lat="48.9647380" lon="9.0316770">
    <ele>214.9</ele>
    <time>2026-07-12T18:30:27Z</time>
   </trkpt>
   <trkpt lat="48.9647410" lon="9.0317520">
    <ele>214.9</ele>
    <time>2026-07-12T18:30:28Z</time>
   </trkpt>
   <trkpt lat="48.9647440" lon="9.0318260">
    <ele>214.8</ele>
    <time>2026-07-12T18:30:29Z</time>
   </trkpt>
   <trkpt lat="48.9647720" lon="9.0319540">
    <ele>214.8</ele>
    <time>2026-07-12T18:30:30Z</time>
   </trkpt>
   <trkpt lat="48.9647880" lon="9.0320850">
    <ele>214.8</ele>
    <time>2026-07-12T18:30:31Z</time>
   </trkpt>
   <trkpt lat="48.9647650" lon="9.0322180">
    <ele>214.7</ele>
    <time>2026-07-12T18:30:32Z</time>
   </trkpt>
   <trkpt lat="48.9647200" lon="9.0323200">
    <ele>214.7</ele>
    <time>2026-07-12T18:30:33Z</time>
   </trkpt>
   <trkpt lat="48.9646800" lon="9.0324380">
    <ele>214.7</ele>
    <time>2026-07-12T18:30:34Z</time>
   </trkpt>
   <trkpt lat="48.9646650" lon="9.0325710">
    <ele>214.6</ele>
    <time>2026-07-12T18:30:35Z</time>
   </trkpt>
   <trkpt lat="48.9646530" lon="9.0327000">
    <ele>214.5</ele>
    <time>2026-07-12T18:30:36Z</time>
   </trkpt>
   <trkpt lat="48.9646320" lon="9.0329570">
    <ele>214.4</ele>
    <time>2026-07-12T18:30:37Z</time>
   </trkpt>
   <trkpt lat="48.9646280" lon="9.0330250">
    <ele>214.4</ele>
    <time>2026-07-12T18:30:38Z</time>
   </trkpt>
   <trkpt lat="48.9646230" lon="9.0330920">
    <ele>214.3</ele>
    <time>2026-07-12T18:30:39Z</time>
   </trkpt>
   <trkpt lat="48.9646150" lon="9.0332220">
    <ele>214.3</ele>
    <time>2026-07-12T18:30:40Z</time>
   </trkpt>
   <trkpt lat="48.9646080" lon="9.0333420">
    <ele>214.3</ele>
    <time>2026-07-12T18:30:41Z</time>
   </trkpt>
   <trkpt lat="48.9645990" lon="9.0334720">
    <ele>214.3</ele>
    <time>2026-07-12T18:30:42Z</time>
   </trkpt>
   <trkpt lat="48.9645910" lon="9.0335970">
    <ele>214.3</ele>
    <time>2026-07-12T18:30:43Z</time>
   </trkpt>
   <trkpt lat="48.9645780" lon="9.0337270">
    <ele>214.3</ele>
    <time>2026-07-12T18:30:44Z</time>
   </trkpt>
   <trkpt lat="48.9645700" lon="9.0338550">
    <ele>214.4</ele>
    <time>2026-07-12T18:30:45Z</time>
   </trkpt>
   <trkpt lat="48.9645630" lon="9.0339830">
    <ele>214.5</ele>
    <time>2026-07-12T18:30:46Z</time>
   </trkpt>
   <trkpt lat="48.9645540" lon="9.0341040">
    <ele>214.6</ele>
    <time>2026-07-12T18:30:47Z</time>
   </trkpt>
   <trkpt lat="48.9645460" lon="9.0342240">
    <ele>214.7</ele>
    <time>2026-07-12T18:30:48Z</time>
   </trkpt>
   <trkpt lat="48.9645440" lon="9.0343490">
    <ele>214.7</ele>
    <time>2026-07-12T18:30:49Z</time>
   </trkpt>
   <trkpt lat="48.9645400" lon="9.0344630">
    <ele>214.8</ele>
    <time>2026-07-12T18:30:50Z</time>
   </trkpt>
   <trkpt lat="48.9645350" lon="9.0345790">
    <ele>214.9</ele>
    <time>2026-07-12T18:30:51Z</time>
   </trkpt>
   <trkpt lat="48.9645290" lon="9.0347020">
    <ele>215.0</ele>
    <time>2026-07-12T18:30:52Z</time>
   </trkpt>
   <trkpt lat="48.9645230" lon="9.0348180">
    <ele>215.1</ele>
    <time>2026-07-12T18:30:53Z</time>
   </trkpt>
   <trkpt lat="48.9645220" lon="9.0349340">
    <ele>215.1</ele>
    <time>2026-07-12T18:30:54Z</time>
   </trkpt>
   <trkpt lat="48.9645120" lon="9.0350510">
    <ele>215.2</ele>
    <time>2026-07-12T18:30:55Z</time>
   </trkpt>
   <trkpt lat="48.9645070" lon="9.0351660">
    <ele>215.3</ele>
    <time>2026-07-12T18:30:56Z</time>
   </trkpt>
   <trkpt lat="48.9645010" lon="9.0352790">
    <ele>215.4</ele>
    <time>2026-07-12T18:30:57Z</time>
   </trkpt>
   <trkpt lat="48.9645000" lon="9.0353870">
    <ele>215.4</ele>
    <time>2026-07-12T18:30:58Z</time>
   </trkpt>
   <trkpt lat="48.9645000" lon="9.0354910">
    <ele>215.5</ele>
    <time>2026-07-12T18:30:59Z</time>
   </trkpt>
   <trkpt lat="48.9644970" lon="9.0356000">
    <ele>215.6</ele>
    <time>2026-07-12T18:31:00Z</time>
   </trkpt>
   <trkpt lat="48.9644940" lon="9.0357040">
    <ele>215.6</ele>
    <time>2026-07-12T18:31:01Z</time>
   </trkpt>
   <trkpt lat="48.9644890" lon="9.0358160">
    <ele>215.7</ele>
    <time>2026-07-12T18:31:02Z</time>
   </trkpt>
   <trkpt lat="48.9644830" lon="9.0359280">
    <ele>215.8</ele>
    <time>2026-07-12T18:31:03Z</time>
   </trkpt>
   <trkpt lat="48.9644870" lon="9.0360270">
    <ele>215.8</ele>
    <time>2026-07-12T18:31:04Z</time>
   </trkpt>
   <trkpt lat="48.9644830" lon="9.0361360">
    <ele>215.9</ele>
    <time>2026-07-12T18:31:05Z</time>
   </trkpt>
   <trkpt lat="48.9644830" lon="9.0362440">
    <ele>215.9</ele>
    <time>2026-07-12T18:31:06Z</time>
   </trkpt>
   <trkpt lat="48.9644830" lon="9.0363520">
    <ele>215.9</ele>
    <time>2026-07-12T18:31:07Z</time>
   </trkpt>
   <trkpt lat="48.9644830" lon="9.0364640">
    <ele>216.0</ele>
    <time>2026-07-12T18:31:08Z</time>
   </trkpt>
   <trkpt lat="48.9644820" lon="9.0365740">
    <ele>216.0</ele>
    <time>2026-07-12T18:31:09Z</time>
   </trkpt>
   <trkpt lat="48.9644810" lon="9.0366850">
    <ele>216.0</ele>
    <time>2026-07-12T18:31:10Z</time>
   </trkpt>
   <trkpt lat="48.9644850" lon="9.0367960">
    <ele>215.9</ele>
    <time>2026-07-12T18:31:11Z</time>
   </trkpt>
   <trkpt lat="48.9644840" lon="9.0369140">
    <ele>215.9</ele>
    <time>2026-07-12T18:31:12Z</time>
   </trkpt>
   <trkpt lat="48.9644840" lon="9.0370260">
    <ele>215.9</ele>
    <time>2026-07-12T18:31:13Z</time>
   </trkpt>
   <trkpt lat="48.9644840" lon="9.0371380">
    <ele>215.8</ele>
    <time>2026-07-12T18:31:14Z</time>
   </trkpt>
   <trkpt lat="48.9644860" lon="9.0372490">
    <ele>215.8</ele>
    <time>2026-07-12T18:31:15Z</time>
   </trkpt>
   <trkpt lat="48.9644880" lon="9.0373600">
    <ele>215.7</ele>
    <time>2026-07-12T18:31:16Z</time>
   </trkpt>
   <trkpt lat="48.9644930" lon="9.0374720">
    <ele>215.7</ele>
    <time>2026-07-12T18:31:17Z</time>
   </trkpt>
   <trkpt lat="48.9644990" lon="9.0375870">
    <ele>215.6</ele>
    <time>2026-07-12T18:31:18Z</time>
   </trkpt>
   <trkpt lat="48.9645050" lon="9.0377000">
    <ele>215.5</ele>
    <time>2026-07-12T18:31:19Z</time>
   </trkpt>
   <trkpt lat="48.9645050" lon="9.0378110">
    <ele>215.4</ele>
    <time>2026-07-12T18:31:20Z</time>
   </trkpt>
   <trkpt lat="48.9645080" lon="9.0379260">
    <ele>215.3</ele>
    <time>2026-07-12T18:31:21Z</time>
   </trkpt>
   <trkpt lat="48.9645140" lon="9.0380450">
    <ele>215.2</ele>
    <time>2026-07-12T18:31:22Z</time>
   </trkpt>
   <trkpt lat="48.9645170" lon="9.0381690">
    <ele>215.0</ele>
    <time>2026-07-12T18:31:23Z</time>
   </trkpt>
   <trkpt lat="48.9645180" lon="9.0382960">
    <ele>214.8</ele>
    <time>2026-07-12T18:31:24Z</time>
   </trkpt>
   <trkpt lat="48.9645240" lon="9.0384150">
    <ele>214.6</ele>
    <time>2026-07-12T18:31:25Z</time>
   </trkpt>
   <trkpt lat="48.9645250" lon="9.0385390">
    <ele>214.4</ele>
    <time>2026-07-12T18:31:26Z</time>
   </trkpt>
   <trkpt lat="48.9645270" lon="9.0386680">
    <ele>214.2</ele>
    <time>2026-07-12T18:31:27Z</time>
   </trkpt>
   <trkpt lat="48.9645280" lon="9.0387890">
    <ele>214.0</ele>
    <time>2026-07-12T18:31:28Z</time>
   </trkpt>
   <trkpt lat="48.9645310" lon="9.0389150">
    <ele>213.8</ele>
    <time>2026-07-12T18:31:29Z</time>
   </trkpt>
   <trkpt lat="48.9645340" lon="9.0390440">
    <ele>213.6</ele>
    <time>2026-07-12T18:31:30Z</time>
   </trkpt>
   <trkpt lat="48.9645370" lon="9.0391720">
    <ele>213.3</ele>
    <time>2026-07-12T18:31:31Z</time>
   </trkpt>
   <trkpt lat="48.9645400" lon="9.0393030">
    <ele>213.1</ele>
    <time>2026-07-12T18:31:32Z</time>
   </trkpt>
   <trkpt lat="48.9645480" lon="9.0394320">
    <ele>212.9</ele>
    <time>2026-07-12T18:31:33Z</time>
   </trkpt>
   <trkpt lat="48.9645520" lon="9.0395670">
    <ele>212.7</ele>
    <time>2026-07-12T18:31:34Z</time>
   </trkpt>
   <trkpt lat="48.9645490" lon="9.0396970">
    <ele>212.5</ele>
    <time>2026-07-12T18:31:35Z</time>
   </trkpt>
   <trkpt lat="48.9645470" lon="9.0398280">
    <ele>212.3</ele>
    <time>2026-07-12T18:31:36Z</time>
   </trkpt>
   <trkpt lat="48.9645450" lon="9.0399630">
    <ele>212.1</ele>
    <time>2026-07-12T18:31:37Z</time>
   </trkpt>
   <trkpt lat="48.9645420" lon="9.0400940">
    <ele>211.9</ele>
    <time>2026-07-12T18:31:38Z</time>
   </trkpt>
   <trkpt lat="48.9645230" lon="9.0403560">
    <ele>211.5</ele>
    <time>2026-07-12T18:31:39Z</time>
   </trkpt>
   <trkpt lat="48.9645170" lon="9.0404250">
    <ele>211.4</ele>
    <time>2026-07-12T18:31:40Z</time>
   </trkpt>
   <trkpt lat="48.9645100" lon="9.0404930">
    <ele>211.3</ele>
    <time>2026-07-12T18:31:41Z</time>
   </trkpt>
   <trkpt lat="48.9644960" lon="9.0406280">
    <ele>211.2</ele>
    <time>2026-07-12T18:31:42Z</time>
   </trkpt>
   <trkpt lat="48.9644790" lon="9.0407590">
    <ele>211.0</ele>
    <time>2026-07-12T18:31:43Z</time>
   </trkpt>
   <trkpt lat="48.9644620" lon="9.0408880">
    <ele>210.9</ele>
    <time>2026-07-12T18:31:44Z</time>
   </trkpt>
   <trkpt lat="48.9644440" lon="9.0410200">
    <ele>210.8</ele>
    <time>2026-07-12T18:31:45Z</time>
   </trkpt>
   <trkpt lat="48.9644250" lon="9.0411470">
    <ele>210.7</ele>
    <time>2026-07-12T18:31:46Z</time>
   </trkpt>
   <trkpt lat="48.9644020" lon="9.0412730">
    <ele>210.6</ele>
    <time>2026-07-12T18:31:47Z</time>
   </trkpt>
   <trkpt lat="48.9643780" lon="9.0414010">
    <ele>210.5</ele>
    <time>2026-07-12T18:31:48Z</time>
   </trkpt>
   <trkpt lat="48.9643500" lon="9.0415280">
    <ele>210.4</ele>
    <time>2026-07-12T18:31:49Z</time>
   </trkpt>
   <trkpt lat="48.9643260" lon="9.0416480">
    <ele>210.3</ele>
    <time>2026-07-12T18:31:50Z</time>
   </trkpt>
   <trkpt lat="48.9642960" lon="9.0417780">
    <ele>210.2</ele>
    <time>2026-07-12T18:31:51Z</time>
   </trkpt>
   <trkpt lat="48.9642670" lon="9.0419020">
    <ele>210.1</ele>
    <time>2026-07-12T18:31:52Z</time>
   </trkpt>
   <trkpt lat="48.9642390" lon="9.0420310">
    <ele>210.0</ele>
    <time>2026-07-12T18:31:53Z</time>
   </trkpt>
   <trkpt lat="48.9642050" lon="9.0421670">
    <ele>209.9</ele>
    <time>2026-07-12T18:31:54Z</time>
   </trkpt>
   <trkpt lat="48.9641770" lon="9.0422920">
    <ele>209.8</ele>
    <time>2026-07-12T18:31:55Z</time>
   </trkpt>
   <trkpt lat="48.9641500" lon="9.0424240">
    <ele>209.8</ele>
    <time>2026-07-12T18:31:56Z</time>
   </trkpt>
   <trkpt lat="48.9641240" lon="9.0425480">
    <ele>209.7</ele>
    <time>2026-07-12T18:31:57Z</time>
   </trkpt>
   <trkpt lat="48.9641070" lon="9.0426770">
    <ele>209.7</ele>
    <time>2026-07-12T18:31:58Z</time>
   </trkpt>
   <trkpt lat="48.9640820" lon="9.0428020">
    <ele>209.6</ele>
    <time>2026-07-12T18:31:59Z</time>
   </trkpt>
   <trkpt lat="48.9640600" lon="9.0429280">
    <ele>209.6</ele>
    <time>2026-07-12T18:32:00Z</time>
   </trkpt>
   <trkpt lat="48.9640370" lon="9.0430640">
    <ele>209.6</ele>
    <time>2026-07-12T18:32:01Z</time>
   </trkpt>
   <trkpt lat="48.9640180" lon="9.0431980">
    <ele>209.5</ele>
    <time>2026-07-12T18:32:02Z</time>
   </trkpt>
   <trkpt lat="48.9640100" lon="9.0433200">
    <ele>209.5</ele>
    <time>2026-07-12T18:32:03Z</time>
   </trkpt>
   <trkpt lat="48.9640010" lon="9.0434510">
    <ele>209.6</ele>
    <time>2026-07-12T18:32:04Z</time>
   </trkpt>
   <trkpt lat="48.9639980" lon="9.0435790">
    <ele>209.6</ele>
    <time>2026-07-12T18:32:05Z</time>
   </trkpt>
   <trkpt lat="48.9639950" lon="9.0437060">
    <ele>209.6</ele>
    <time>2026-07-12T18:32:06Z</time>
   </trkpt>
   <trkpt lat="48.9640000" lon="9.0438320">
    <ele>209.6</ele>
    <time>2026-07-12T18:32:07Z</time>
   </trkpt>
   <trkpt lat="48.9640050" lon="9.0439510">
    <ele>209.7</ele>
    <time>2026-07-12T18:32:08Z</time>
   </trkpt>
   <trkpt lat="48.9640120" lon="9.0440680">
    <ele>209.7</ele>
    <time>2026-07-12T18:32:09Z</time>
   </trkpt>
   <trkpt lat="48.9640280" lon="9.0441850">
    <ele>209.8</ele>
    <time>2026-07-12T18:32:10Z</time>
   </trkpt>
   <trkpt lat="48.9640400" lon="9.0443040">
    <ele>209.8</ele>
    <time>2026-07-12T18:32:11Z</time>
   </trkpt>
   <trkpt lat="48.9640550" lon="9.0444190">
    <ele>209.8</ele>
    <time>2026-07-12T18:32:12Z</time>
   </trkpt>
   <trkpt lat="48.9640760" lon="9.0445370">
    <ele>209.8</ele>
    <time>2026-07-12T18:32:13Z</time>
   </trkpt>
   <trkpt lat="48.9640900" lon="9.0446510">
    <ele>209.8</ele>
    <time>2026-07-12T18:32:14Z</time>
   </trkpt>
   <trkpt lat="48.9641080" lon="9.0447610">
    <ele>209.8</ele>
    <time>2026-07-12T18:32:15Z</time>
   </trkpt>
   <trkpt lat="48.9641270" lon="9.0448680">
    <ele>209.8</ele>
    <time>2026-07-12T18:32:16Z</time>
   </trkpt>
   <trkpt lat="48.9641450" lon="9.0449770">
    <ele>209.7</ele>
    <time>2026-07-12T18:32:17Z</time>
   </trkpt>
   <trkpt lat="48.9641660" lon="9.0450850">
    <ele>209.7</ele>
    <time>2026-07-12T18:32:18Z</time>
   </trkpt>
   <trkpt lat="48.9641830" lon="9.0451930">
    <ele>209.6</ele>
    <time>2026-07-12T18:32:19Z</time>
   </trkpt>
   <trkpt lat="48.9642060" lon="9.0453050">
    <ele>209.5</ele>
    <time>2026-07-12T18:32:20Z</time>
   </trkpt>
   <trkpt lat="48.9642490" lon="9.0453910">
    <ele>209.5</ele>
    <time>2026-07-12T18:32:21Z</time>
   </trkpt>
   <trkpt lat="48.9642720" lon="9.0455050">
    <ele>209.5</ele>
    <time>2026-07-12T18:32:22Z</time>
   </trkpt>
   <trkpt lat="48.9642900" lon="9.0456200">
    <ele>209.5</ele>
    <time>2026-07-12T18:32:23Z</time>
   </trkpt>
   <trkpt lat="48.9643080" lon="9.0457340">
    <ele>209.5</ele>
    <time>2026-07-12T18:32:24Z</time>
   </trkpt>
   <trkpt lat="48.9643240" lon="9.0458480">
    <ele>209.5</ele>
    <time>2026-07-12T18:32:25Z</time>
   </trkpt>
   <trkpt lat="48.9643400" lon="9.0459610">
    <ele>209.5</ele>
    <time>2026-07-12T18:32:26Z</time>
   </trkpt>
   <trkpt lat="48.9643610" lon="9.0460720">
    <ele>209.5</ele>
    <time>2026-07-12T18:32:27Z</time>
   </trkpt>
   <trkpt lat="48.9643760" lon="9.0461800">
    <ele>209.5</ele>
    <time>2026-07-12T18:32:28Z</time>
   </trkpt>
   <trkpt lat="48.9643890" lon="9.0462920">
    <ele>209.5</ele>
    <time>2026-07-12T18:32:29Z</time>
   </trkpt>
   <trkpt lat="48.9644050" lon="9.0463920">
    <ele>209.5</ele>
    <time>2026-07-12T18:32:30Z</time>
   </trkpt>
   <trkpt lat="48.9644140" lon="9.0464960">
    <ele>209.4</ele>
    <time>2026-07-12T18:32:31Z</time>
   </trkpt>
   <trkpt lat="48.9644280" lon="9.0466050">
    <ele>209.4</ele>
    <time>2026-07-12T18:32:32Z</time>
   </trkpt>
   <trkpt lat="48.9644340" lon="9.0467190">
    <ele>209.3</ele>
    <time>2026-07-12T18:32:33Z</time>
   </trkpt>
   <trkpt lat="48.9644420" lon="9.0468240">
    <ele>209.3</ele>
    <time>2026-07-12T18:32:34Z</time>
   </trkpt>
   <trkpt lat="48.9644500" lon="9.0469300">
    <ele>209.3</ele>
    <time>2026-07-12T18:32:35Z</time>
   </trkpt>
   <trkpt lat="48.9644520" lon="9.0470390">
    <ele>209.2</ele>
    <time>2026-07-12T18:32:36Z</time>
   </trkpt>
   <trkpt lat="48.9644470" lon="9.0471500">
    <ele>209.2</ele>
    <time>2026-07-12T18:32:37Z</time>
   </trkpt>
   <trkpt lat="48.9644390" lon="9.0472630">
    <ele>209.2</ele>
    <time>2026-07-12T18:32:38Z</time>
   </trkpt>
   <trkpt lat="48.9644240" lon="9.0473820">
    <ele>209.1</ele>
    <time>2026-07-12T18:32:39Z</time>
   </trkpt>
   <trkpt lat="48.9644110" lon="9.0474950">
    <ele>209.1</ele>
    <time>2026-07-12T18:32:40Z</time>
   </trkpt>
   <trkpt lat="48.9643900" lon="9.0476070">
    <ele>209.0</ele>
    <time>2026-07-12T18:32:41Z</time>
   </trkpt>
   <trkpt lat="48.9643660" lon="9.0477240">
    <ele>208.9</ele>
    <time>2026-07-12T18:32:42Z</time>
   </trkpt>
   <trkpt lat="48.9643490" lon="9.0478440">
    <ele>208.8</ele>
    <time>2026-07-12T18:32:43Z</time>
   </trkpt>
   <trkpt lat="48.9643290" lon="9.0479560">
    <ele>208.8</ele>
    <time>2026-07-12T18:32:44Z</time>
   </trkpt>
   <trkpt lat="48.9642810" lon="9.0481900">
    <ele>208.6</ele>
    <time>2026-07-12T18:32:45Z</time>
   </trkpt>
   <trkpt lat="48.9642680" lon="9.0482480">
    <ele>208.6</ele>
    <time>2026-07-12T18:32:46Z</time>
   </trkpt>
   <trkpt lat="48.9642540" lon="9.0483060">
    <ele>208.5</ele>
    <time>2026-07-12T18:32:47Z</time>
   </trkpt>
   <trkpt lat="48.9642010" lon="9.0485340">
    <ele>208.3</ele>
    <time>2026-07-12T18:32:48Z</time>
   </trkpt>
   <trkpt lat="48.9641900" lon="9.0485890">
    <ele>208.2</ele>
    <time>2026-07-12T18:32:49Z</time>
   </trkpt>
   <trkpt lat="48.9641780" lon="9.0486440">
    <ele>208.2</ele>
    <time>2026-07-12T18:32:50Z</time>
   </trkpt>
   <trkpt lat="48.9641520" lon="9.0487630">
    <ele>208.0</ele>
    <time>2026-07-12T18:32:51Z</time>
   </trkpt>
   <trkpt lat="48.9641290" lon="9.0488800">
    <ele>207.9</ele>
    <time>2026-07-12T18:32:52Z</time>
   </trkpt>
   <trkpt lat="48.9640850" lon="9.0491180">
    <ele>207.7</ele>
    <time>2026-07-12T18:32:53Z</time>
   </trkpt>
   <trkpt lat="48.9640760" lon="9.0491750">
    <ele>207.7</ele>
    <time>2026-07-12T18:32:54Z</time>
   </trkpt>
   <trkpt lat="48.9640660" lon="9.0492320">
    <ele>207.6</ele>
    <time>2026-07-12T18:32:55Z</time>
   </trkpt>
   <trkpt lat="48.9640470" lon="9.0493450">
    <ele>207.6</ele>
    <time>2026-07-12T18:32:56Z</time>
   </trkpt>
   <trkpt lat="48.9640050" lon="9.0495830">
    <ele>207.6</ele>
    <time>2026-07-12T18:32:57Z</time>
   </trkpt>
   <trkpt lat="48.9639960" lon="9.0496400">
    <ele>207.6</ele>
    <time>2026-07-12T18:32:58Z</time>
   </trkpt>
   <trkpt lat="48.9639870" lon="9.0496980">
    <ele>207.6</ele>
    <time>2026-07-12T18:32:59Z</time>
   </trkpt>
   <trkpt lat="48.9639720" lon="9.0498230">
    <ele>207.6</ele>
    <time>2026-07-12T18:33:00Z</time>
   </trkpt>
   <trkpt lat="48.9639610" lon="9.0499450">
    <ele>207.7</ele>
    <time>2026-07-12T18:33:01Z</time>
   </trkpt>
   <trkpt lat="48.9639460" lon="9.0500590">
    <ele>207.7</ele>
    <time>2026-07-12T18:33:02Z</time>
   </trkpt>
   <trkpt lat="48.9639380" lon="9.0501840">
    <ele>207.7</ele>
    <time>2026-07-12T18:33:03Z</time>
   </trkpt>
   <trkpt lat="48.9639320" lon="9.0503020">
    <ele>207.8</ele>
    <time>2026-07-12T18:33:04Z</time>
   </trkpt>
   <trkpt lat="48.9639290" lon="9.0504130">
    <ele>207.9</ele>
    <time>2026-07-12T18:33:05Z</time>
   </trkpt>
   <trkpt lat="48.9639230" lon="9.0505230">
    <ele>208.0</ele>
    <time>2026-07-12T18:33:06Z</time>
   </trkpt>
   <trkpt lat="48.9639290" lon="9.0506390">
    <ele>208.0</ele>
    <time>2026-07-12T18:33:07Z</time>
   </trkpt>
   <trkpt lat="48.9639260" lon="9.0507550">
    <ele>208.1</ele>
    <time>2026-07-12T18:33:08Z</time>
   </trkpt>
   <trkpt lat="48.9639310" lon="9.0508620">
    <ele>208.2</ele>
    <time>2026-07-12T18:33:09Z</time>
   </trkpt>
   <trkpt lat="48.9639350" lon="9.0509780">
    <ele>208.3</ele>
    <time>2026-07-12T18:33:10Z</time>
   </trkpt>
   <trkpt lat="48.9639400" lon="9.0510870">
    <ele>208.5</ele>
    <time>2026-07-12T18:33:11Z</time>
   </trkpt>
   <trkpt lat="48.9639420" lon="9.0511930">
    <ele>208.7</ele>
    <time>2026-07-12T18:33:12Z</time>
   </trkpt>
   <trkpt lat="48.9639550" lon="9.0513950">
    <ele>209.2</ele>
    <time>2026-07-12T18:33:13Z</time>
   </trkpt>
   <trkpt lat="48.9639650" lon="9.0514980">
    <ele>209.5</ele>
    <time>2026-07-12T18:33:14Z</time>
   </trkpt>
   <trkpt lat="48.9639750" lon="9.0516010">
    <ele>209.7</ele>
    <time>2026-07-12T18:33:15Z</time>
   </trkpt>
   <trkpt lat="48.9639850" lon="9.0517030">
    <ele>209.9</ele>
    <time>2026-07-12T18:33:16Z</time>
   </trkpt>
   <trkpt lat="48.9639920" lon="9.0518000">
    <ele>210.1</ele>
    <time>2026-07-12T18:33:17Z</time>
   </trkpt>
   <trkpt lat="48.9639970" lon="9.0518470">
    <ele>210.2</ele>
    <time>2026-07-12T18:33:18Z</time>
   </trkpt>
   <trkpt lat="48.9640010" lon="9.0518940">
    <ele>210.3</ele>
    <time>2026-07-12T18:33:19Z</time>
   </trkpt>
   <trkpt lat="48.9640030" lon="9.0519900">
    <ele>210.5</ele>
    <time>2026-07-12T18:33:20Z</time>
   </trkpt>
   <trkpt lat="48.9640050" lon="9.0521840">
    <ele>210.8</ele>
    <time>2026-07-12T18:33:21Z</time>
   </trkpt>
   <trkpt lat="48.9640070" lon="9.0522290">
    <ele>210.8</ele>
    <time>2026-07-12T18:33:22Z</time>
   </trkpt>
   <trkpt lat="48.9640080" lon="9.0522730">
    <ele>210.9</ele>
    <time>2026-07-12T18:33:23Z</time>
   </trkpt>
   <trkpt lat="48.9640060" lon="9.0523700">
    <ele>211.0</ele>
    <time>2026-07-12T18:33:24Z</time>
   </trkpt>
   <trkpt lat="48.9640040" lon="9.0524600">
    <ele>211.1</ele>
    <time>2026-07-12T18:33:25Z</time>
   </trkpt>
   <trkpt lat="48.9640040" lon="9.0526100">
    <ele>211.2</ele>
    <time>2026-07-12T18:33:26Z</time>
   </trkpt>
   <trkpt lat="48.9639970" lon="9.0526550">
    <ele>211.2</ele>
    <time>2026-07-12T18:33:27Z</time>
   </trkpt>
   <trkpt lat="48.9639890" lon="9.0527000">
    <ele>211.2</ele>
    <time>2026-07-12T18:33:28Z</time>
   </trkpt>
   <trkpt lat="48.9639880" lon="9.0527770">
    <ele>211.1</ele>
    <time>2026-07-12T18:33:29Z</time>
   </trkpt>
   <trkpt lat="48.9639770" lon="9.0528690">
    <ele>211.0</ele>
    <time>2026-07-12T18:33:30Z</time>
   </trkpt>
   <trkpt lat="48.9639680" lon="9.0529620">
    <ele>210.9</ele>
    <time>2026-07-12T18:33:31Z</time>
   </trkpt>
   <trkpt lat="48.9639660" lon="9.0530380">
    <ele>210.8</ele>
    <time>2026-07-12T18:33:32Z</time>
   </trkpt>
   <trkpt lat="48.9639520" lon="9.0531270">
    <ele>210.6</ele>
    <time>2026-07-12T18:33:33Z</time>
   </trkpt>
   <trkpt lat="48.9639300" lon="9.0532990">
    <ele>210.2</ele>
    <time>2026-07-12T18:33:34Z</time>
   </trkpt>
   <trkpt lat="48.9639110" lon="9.0533450">
    <ele>210.1</ele>
    <time>2026-07-12T18:33:35Z</time>
   </trkpt>
   <trkpt lat="48.9638930" lon="9.0533910">
    <ele>209.9</ele>
    <time>2026-07-12T18:33:36Z</time>
   </trkpt>
   <trkpt lat="48.9638250" lon="9.0535860">
    <ele>209.2</ele>
    <time>2026-07-12T18:33:37Z</time>
   </trkpt>
   <trkpt lat="48.9638120" lon="9.0536420">
    <ele>208.9</ele>
    <time>2026-07-12T18:33:38Z</time>
   </trkpt>
   <trkpt lat="48.9637990" lon="9.0536970">
    <ele>208.6</ele>
    <time>2026-07-12T18:33:39Z</time>
   </trkpt>
   <trkpt lat="48.9637760" lon="9.0538100">
    <ele>208.2</ele>
    <time>2026-07-12T18:33:40Z</time>
   </trkpt>
   <trkpt lat="48.9637100" lon="9.0540540">
    <ele>207.4</ele>
    <time>2026-07-12T18:33:41Z</time>
   </trkpt>
   <trkpt lat="48.9636880" lon="9.0541140">
    <ele>207.2</ele>
    <time>2026-07-12T18:33:42Z</time>
   </trkpt>
   <trkpt lat="48.9636650" lon="9.0541730">
    <ele>207.1</ele>
    <time>2026-07-12T18:33:43Z</time>
   </trkpt>
   <trkpt lat="48.9636290" lon="9.0543040">
    <ele>206.9</ele>
    <time>2026-07-12T18:33:44Z</time>
   </trkpt>
   <trkpt lat="48.9635930" lon="9.0545660">
    <ele>206.7</ele>
    <time>2026-07-12T18:33:45Z</time>
   </trkpt>
   <trkpt lat="48.9635940" lon="9.0546290">
    <ele>206.7</ele>
    <time>2026-07-12T18:33:46Z</time>
   </trkpt>
   <trkpt lat="48.9635950" lon="9.0546920">
    <ele>206.7</ele>
    <time>2026-07-12T18:33:47Z</time>
   </trkpt>
   <trkpt lat="48.9636030" lon="9.0548210">
    <ele>206.6</ele>
    <time>2026-07-12T18:33:48Z</time>
   </trkpt>
   <trkpt lat="48.9636050" lon="9.0549570">
    <ele>206.5</ele>
    <time>2026-07-12T18:33:49Z</time>
   </trkpt>
   <trkpt lat="48.9636070" lon="9.0550890">
    <ele>206.5</ele>
    <time>2026-07-12T18:33:50Z</time>
   </trkpt>
   <trkpt lat="48.9636050" lon="9.0552150">
    <ele>206.5</ele>
    <time>2026-07-12T18:33:51Z</time>
   </trkpt>
   <trkpt lat="48.9635770" lon="9.0553350">
    <ele>206.4</ele>
    <time>2026-07-12T18:33:52Z</time>
   </trkpt>
   <trkpt lat="48.9635500" lon="9.0554530">
    <ele>206.5</ele>
    <time>2026-07-12T18:33:53Z</time>
   </trkpt>
   <trkpt lat="48.9635200" lon="9.0555700">
    <ele>206.5</ele>
    <time>2026-07-12T18:33:54Z</time>
   </trkpt>
   <trkpt lat="48.9634870" lon="9.0556840">
    <ele>206.6</ele>
    <time>2026-07-12T18:33:55Z</time>
   </trkpt>
   <trkpt lat="48.9634460" lon="9.0557950">
    <ele>206.7</ele>
    <time>2026-07-12T18:33:56Z</time>
   </trkpt>
   <trkpt lat="48.9634070" lon="9.0559070">
    <ele>206.9</ele>
    <time>2026-07-12T18:33:57Z</time>
   </trkpt>
   <trkpt lat="48.9633570" lon="9.0560130">
    <ele>207.0</ele>
    <time>2026-07-12T18:33:58Z</time>
   </trkpt>
   <trkpt lat="48.9633160" lon="9.0561160">
    <ele>207.2</ele>
    <time>2026-07-12T18:33:59Z</time>
   </trkpt>
   <trkpt lat="48.9632700" lon="9.0562010">
    <ele>207.2</ele>
    <time>2026-07-12T18:34:00Z</time>
   </trkpt>
   <trkpt lat="48.9631860" lon="9.0563950">
    <ele>207.4</ele>
    <time>2026-07-12T18:34:01Z</time>
   </trkpt>
   <trkpt lat="48.9631690" lon="9.0564440">
    <ele>207.5</ele>
    <time>2026-07-12T18:34:02Z</time>
   </trkpt>
   <trkpt lat="48.9631510" lon="9.0564920">
    <ele>207.6</ele>
    <time>2026-07-12T18:34:03Z</time>
   </trkpt>
   <trkpt lat="48.9631120" lon="9.0565790">
    <ele>207.7</ele>
    <time>2026-07-12T18:34:04Z</time>
   </trkpt>
   <trkpt lat="48.9630440" lon="9.0567410">
    <ele>207.9</ele>
    <time>2026-07-12T18:34:05Z</time>
   </trkpt>
   <trkpt lat="48.9630270" lon="9.0567820">
    <ele>208.0</ele>
    <time>2026-07-12T18:34:06Z</time>
   </trkpt>
   <trkpt lat="48.9630110" lon="9.0568220">
    <ele>208.1</ele>
    <time>2026-07-12T18:34:07Z</time>
   </trkpt>
   <trkpt lat="48.9629770" lon="9.0569010">
    <ele>208.2</ele>
    <time>2026-07-12T18:34:08Z</time>
   </trkpt>
   <trkpt lat="48.9629130" lon="9.0570660">
    <ele>208.6</ele>
    <time>2026-07-12T18:34:09Z</time>
   </trkpt>
   <trkpt lat="48.9628970" lon="9.0571040">
    <ele>208.8</ele>
    <time>2026-07-12T18:34:10Z</time>
   </trkpt>
   <trkpt lat="48.9628810" lon="9.0571410">
    <ele>208.9</ele>
    <time>2026-07-12T18:34:11Z</time>
   </trkpt>
   <trkpt lat="48.9628530" lon="9.0572140">
    <ele>209.1</ele>
    <time>2026-07-12T18:34:12Z</time>
   </trkpt>
   <trkpt lat="48.9628290" lon="9.0572830">
    <ele>209.3</ele>
    <time>2026-07-12T18:34:13Z</time>
   </trkpt>
   <trkpt lat="48.9627920" lon="9.0573270">
    <ele>209.5</ele>
    <time>2026-07-12T18:34:14Z</time>
   </trkpt>
   <trkpt lat="48.9627640" lon="9.0573750">
    <ele>209.7</ele>
    <time>2026-07-12T18:34:15Z</time>
   </trkpt>
   <trkpt lat="48.9627460" lon="9.0574250">
    <ele>209.9</ele>
    <time>2026-07-12T18:34:16Z</time>
   </trkpt>
   <trkpt lat="48.9627090" lon="9.0575150">
    <ele>210.2</ele>
    <time>2026-07-12T18:34:17Z</time>
   </trkpt>
   <trkpt lat="48.9627000" lon="9.0575440">
    <ele>210.3</ele>
    <time>2026-07-12T18:34:18Z</time>
   </trkpt>
   <trkpt lat="48.9626900" lon="9.0575720">
    <ele>210.4</ele>
    <time>2026-07-12T18:34:19Z</time>
   </trkpt>
   <trkpt lat="48.9626720" lon="9.0576280">
    <ele>210.7</ele>
    <time>2026-07-12T18:34:20Z</time>
   </trkpt>
   <trkpt lat="48.9626530" lon="9.0576840">
    <ele>210.9</ele>
    <time>2026-07-12T18:34:21Z</time>
   </trkpt>
   <trkpt lat="48.9626310" lon="9.0577360">
    <ele>211.1</ele>
    <time>2026-07-12T18:34:22Z</time>
   </trkpt>
   <trkpt lat="48.9626110" lon="9.0577880">
    <ele>211.3</ele>
    <time>2026-07-12T18:34:23Z</time>
   </trkpt>
   <trkpt lat="48.9625890" lon="9.0578390">
    <ele>211.6</ele>
    <time>2026-07-12T18:34:24Z</time>
   </trkpt>
   <trkpt lat="48.9625660" lon="9.0578870">
    <ele>211.9</ele>
    <time>2026-07-12T18:34:25Z</time>
   </trkpt>
   <trkpt lat="48.9625460" lon="9.0579360">
    <ele>212.2</ele>
    <time>2026-07-12T18:34:26Z</time>
   </trkpt>
   <trkpt lat="48.9625250" lon="9.0579800">
    <ele>212.4</ele>
    <time>2026-07-12T18:34:27Z</time>
   </trkpt>
   <trkpt lat="48.9625070" lon="9.0580270">
    <ele>212.6</ele>
    <time>2026-07-12T18:34:28Z</time>
   </trkpt>
   <trkpt lat="48.9624910" lon="9.0580740">
    <ele>212.9</ele>
    <time>2026-07-12T18:34:29Z</time>
   </trkpt>
   <trkpt lat="48.9624720" lon="9.0581180">
    <ele>213.1</ele>
    <time>2026-07-12T18:34:30Z</time>
   </trkpt>
   <trkpt lat="48.9624530" lon="9.0581620">
    <ele>213.3</ele>
    <time>2026-07-12T18:34:31Z</time>
   </trkpt>
   <trkpt lat="48.9624380" lon="9.0582070">
    <ele>213.6</ele>
    <time>2026-07-12T18:34:32Z</time>
   </trkpt>
   <trkpt lat="48.9624210" lon="9.0582520">
    <ele>213.8</ele>
    <time>2026-07-12T18:34:33Z</time>
   </trkpt>
   <trkpt lat="48.9624040" lon="9.0582940">
    <ele>214.0</ele>
    <time>2026-07-12T18:34:34Z</time>
   </trkpt>
   <trkpt lat="48.9623860" lon="9.0583370">
    <ele>214.2</ele>
    <time>2026-07-12T18:34:35Z</time>
   </trkpt>
   <trkpt lat="48.9623680" lon="9.0583820">
    <ele>214.4</ele>
    <time>2026-07-12T18:34:36Z</time>
   </trkpt>
   <trkpt lat="48.9623530" lon="9.0584260">
    <ele>214.7</ele>
    <time>2026-07-12T18:34:37Z</time>
   </trkpt>
   <trkpt lat="48.9623400" lon="9.0584690">
    <ele>214.9</ele>
    <time>2026-07-12T18:34:38Z</time>
   </trkpt>
   <trkpt lat="48.9623190" lon="9.0585140">
    <ele>215.1</ele>
    <time>2026-07-12T18:34:39Z</time>
   </trkpt>
   <trkpt lat="48.9622940" lon="9.0585580">
    <ele>215.3</ele>
    <time>2026-07-12T18:34:40Z</time>
   </trkpt>
   <trkpt lat="48.9622720" lon="9.0586040">
    <ele>215.6</ele>
    <time>2026-07-12T18:34:41Z</time>
   </trkpt>
   <trkpt lat="48.9622530" lon="9.0586530">
    <ele>215.8</ele>
    <time>2026-07-12T18:34:42Z</time>
   </trkpt>
   <trkpt lat="48.9622340" lon="9.0587010">
    <ele>216.0</ele>
    <time>2026-07-12T18:34:43Z</time>
   </trkpt>
   <trkpt lat="48.9622160" lon="9.0587460">
    <ele>216.3</ele>
    <time>2026-07-12T18:34:44Z</time>
   </trkpt>
   <trkpt lat="48.9621990" lon="9.0587920">
    <ele>216.5</ele>
    <time>2026-07-12T18:34:45Z</time>
   </trkpt>
   <trkpt lat="48.9621770" lon="9.0588340">
    <ele>216.7</ele>
    <time>2026-07-12T18:34:46Z</time>
   </trkpt>
   <trkpt lat="48.9621530" lon="9.0588750">
    <ele>216.9</ele>
    <time>2026-07-12T18:34:47Z</time>
   </trkpt>
   <trkpt lat="48.9621350" lon="9.0589180">
    <ele>217.1</ele>
    <time>2026-07-12T18:34:48Z</time>
   </trkpt>
   <trkpt lat="48.9621230" lon="9.0589620">
    <ele>217.3</ele>
    <time>2026-07-12T18:34:49Z</time>
   </trkpt>
   <trkpt lat="48.9621120" lon="9.0590040">
    <ele>217.5</ele>
    <time>2026-07-12T18:34:50Z</time>
   </trkpt>
   <trkpt lat="48.9621020" lon="9.0590470">
    <ele>217.6</ele>
    <time>2026-07-12T18:34:51Z</time>
   </trkpt>
   <trkpt lat="48.9620880" lon="9.0590890">
    <ele>217.8</ele>
    <time>2026-07-12T18:34:52Z</time>
   </trkpt>
   <trkpt lat="48.9620730" lon="9.0591300">
    <ele>218.0</ele>
    <time>2026-07-12T18:34:53Z</time>
   </trkpt>
   <trkpt lat="48.9620590" lon="9.0591730">
    <ele>218.2</ele>
    <time>2026-07-12T18:34:54Z</time>
   </trkpt>
   <trkpt lat="48.9620430" lon="9.0592140">
    <ele>218.4</ele>
    <time>2026-07-12T18:34:55Z</time>
   </trkpt>
   <trkpt lat="48.9620260" lon="9.0592590">
    <ele>218.6</ele>
    <time>2026-07-12T18:34:56Z</time>
   </trkpt>
   <trkpt lat="48.9620100" lon="9.0593060">
    <ele>218.8</ele>
    <time>2026-07-12T18:34:57Z</time>
   </trkpt>
   <trkpt lat="48.9619920" lon="9.0593510">
    <ele>219.0</ele>
    <time>2026-07-12T18:34:58Z</time>
   </trkpt>
   <trkpt lat="48.9619720" lon="9.0593960">
    <ele>219.2</ele>
    <time>2026-07-12T18:34:59Z</time>
   </trkpt>
   <trkpt lat="48.9619540" lon="9.0594430">
    <ele>219.4</ele>
    <time>2026-07-12T18:35:00Z</time>
   </trkpt>
   <trkpt lat="48.9619380" lon="9.0594910">
    <ele>219.7</ele>
    <time>2026-07-12T18:35:01Z</time>
   </trkpt>
   <trkpt lat="48.9619200" lon="9.0595370">
    <ele>219.9</ele>
    <time>2026-07-12T18:35:02Z</time>
   </trkpt>
   <trkpt lat="48.9619020" lon="9.0595830">
    <ele>220.1</ele>
    <time>2026-07-12T18:35:03Z</time>
   </trkpt>
   <trkpt lat="48.9618840" lon="9.0596250">
    <ele>220.3</ele>
    <time>2026-07-12T18:35:04Z</time>
   </trkpt>
   <trkpt lat="48.9618630" lon="9.0596670">
    <ele>220.5</ele>
    <time>2026-07-12T18:35:05Z</time>
   </trkpt>
   <trkpt lat="48.9618430" lon="9.0597120">
    <ele>220.8</ele>
    <time>2026-07-12T18:35:06Z</time>
   </trkpt>
   <trkpt lat="48.9618220" lon="9.0597590">
    <ele>221.0</ele>
    <time>2026-07-12T18:35:07Z</time>
   </trkpt>
   <trkpt lat="48.9618020" lon="9.0598070">
    <ele>221.2</ele>
    <time>2026-07-12T18:35:08Z</time>
   </trkpt>
   <trkpt lat="48.9617830" lon="9.0598550">
    <ele>221.5</ele>
    <time>2026-07-12T18:35:09Z</time>
   </trkpt>
   <trkpt lat="48.9617630" lon="9.0599010">
    <ele>221.7</ele>
    <time>2026-07-12T18:35:10Z</time>
   </trkpt>
   <trkpt lat="48.9617410" lon="9.0599420">
    <ele>221.9</ele>
    <time>2026-07-12T18:35:11Z</time>
   </trkpt>
   <trkpt lat="48.9617130" lon="9.0599850">
    <ele>222.1</ele>
    <time>2026-07-12T18:35:12Z</time>
   </trkpt>
   <trkpt lat="48.9616860" lon="9.0600270">
    <ele>222.4</ele>
    <time>2026-07-12T18:35:13Z</time>
   </trkpt>
   <trkpt lat="48.9616610" lon="9.0600670">
    <ele>222.6</ele>
    <time>2026-07-12T18:35:14Z</time>
   </trkpt>
   <trkpt lat="48.9616380" lon="9.0601070">
    <ele>222.8</ele>
    <time>2026-07-12T18:35:15Z</time>
   </trkpt>
   <trkpt lat="48.9616190" lon="9.0601350">
    <ele>223.0</ele>
    <time>2026-07-12T18:35:16Z</time>
   </trkpt>
   <trkpt lat="48.9615970" lon="9.0601660">
    <ele>223.2</ele>
    <time>2026-07-12T18:35:17Z</time>
   </trkpt>
   <trkpt lat="48.9615720" lon="9.0602000">
    <ele>223.4</ele>
    <time>2026-07-12T18:35:18Z</time>
   </trkpt>
   <trkpt lat="48.9615450" lon="9.0602330">
    <ele>223.6</ele>
    <time>2026-07-12T18:35:19Z</time>
   </trkpt>
   <trkpt lat="48.9615160" lon="9.0602650">
    <ele>223.8</ele>
    <time>2026-07-12T18:35:20Z</time>
   </trkpt>
   <trkpt lat="48.9614930" lon="9.0602920">
    <ele>224.0</ele>
    <time>2026-07-12T18:35:21Z</time>
   </trkpt>
   <trkpt lat="48.9614630" lon="9.0603250">
    <ele>224.1</ele>
    <time>2026-07-12T18:35:22Z</time>
   </trkpt>
   <trkpt lat="48.9614360" lon="9.0603570">
    <ele>224.3</ele>
    <time>2026-07-12T18:35:23Z</time>
   </trkpt>
   <trkpt lat="48.9614090" lon="9.0603880">
    <ele>224.4</ele>
    <time>2026-07-12T18:35:24Z</time>
   </trkpt>
   <trkpt lat="48.9613800" lon="9.0604230">
    <ele>224.6</ele>
    <time>2026-07-12T18:35:25Z</time>
   </trkpt>
   <trkpt lat="48.9613520" lon="9.0604550">
    <ele>224.8</ele>
    <time>2026-07-12T18:35:26Z</time>
   </trkpt>
   <trkpt lat="48.9613240" lon="9.0604840">
    <ele>224.9</ele>
    <time>2026-07-12T18:35:27Z</time>
   </trkpt>
   <trkpt lat="48.9612960" lon="9.0605140">
    <ele>225.1</ele>
    <time>2026-07-12T18:35:28Z</time>
   </trkpt>
   <trkpt lat="48.9612690" lon="9.0605450">
    <ele>225.3</ele>
    <time>2026-07-12T18:35:29Z</time>
   </trkpt>
   <trkpt lat="48.9612390" lon="9.0605780">
    <ele>225.4</ele>
    <time>2026-07-12T18:35:30Z</time>
   </trkpt>
   <trkpt lat="48.9612110" lon="9.0606120">
    <ele>225.6</ele>
    <time>2026-07-12T18:35:31Z</time>
   </trkpt>
   <trkpt lat="48.9611810" lon="9.0606440">
    <ele>225.8</ele>
    <time>2026-07-12T18:35:32Z</time>
   </trkpt>
   <trkpt lat="48.9611520" lon="9.0606750">
    <ele>225.9</ele>
    <time>2026-07-12T18:35:33Z</time>
   </trkpt>
   <trkpt lat="48.9611220" lon="9.0607050">
    <ele>226.0</ele>
    <time>2026-07-12T18:35:34Z</time>
   </trkpt>
   <trkpt lat="48.9610940" lon="9.0607350">
    <ele>226.1</ele>
    <time>2026-07-12T18:35:35Z</time>
   </trkpt>
   <trkpt lat="48.9610290" lon="9.0607970">
    <ele>226.4</ele>
    <time>2026-07-12T18:35:36Z</time>
   </trkpt>
   <trkpt lat="48.9610290" lon="9.0607970">
    <ele>226.4</ele>
    <time>2026-07-12T18:35:37Z</time>
   </trkpt>
   <trkpt lat="48.9610110" lon="9.0608110">
    <ele>226.5</ele>
    <time>2026-07-12T18:35:38Z</time>
   </trkpt>
   <trkpt lat="48.9609830" lon="9.0608330">
    <ele>226.6</ele>
    <time>2026-07-12T18:35:39Z</time>
   </trkpt>
   <trkpt lat="48.9609520" lon="9.0608580">
    <ele>226.8</ele>
    <time>2026-07-12T18:35:40Z</time>
   </trkpt>
   <trkpt lat="48.9609310" lon="9.0608760">
    <ele>226.9</ele>
    <time>2026-07-12T18:35:41Z</time>
   </trkpt>
   <trkpt lat="48.9609060" lon="9.0609020">
    <ele>227.0</ele>
    <time>2026-07-12T18:35:42Z</time>
   </trkpt>
   <trkpt lat="48.9608800" lon="9.0609290">
    <ele>227.1</ele>
    <time>2026-07-12T18:35:43Z</time>
   </trkpt>
   <trkpt lat="48.9608660" lon="9.0609520">
    <ele>227.2</ele>
    <time>2026-07-12T18:35:44Z</time>
   </trkpt>
   <trkpt lat="48.9608440" lon="9.0609760">
    <ele>227.3</ele>
    <time>2026-07-12T18:35:45Z</time>
   </trkpt>
   <trkpt lat="48.9608060" lon="9.0610020">
    <ele>227.5</ele>
    <time>2026-07-12T18:35:46Z</time>
   </trkpt>
   <trkpt lat="48.9607680" lon="9.0610290">
    <ele>227.7</ele>
    <time>2026-07-12T18:35:47Z</time>
   </trkpt>
   <trkpt lat="48.9607370" lon="9.0610540">
    <ele>227.8</ele>
    <time>2026-07-12T18:35:48Z</time>
   </trkpt>
   <trkpt lat="48.9607050" lon="9.0610780">
    <ele>227.9</ele>
    <time>2026-07-12T18:35:49Z</time>
   </trkpt>
   <trkpt lat="48.9606770" lon="9.0611030">
    <ele>228.1</ele>
    <time>2026-07-12T18:35:50Z</time>
   </trkpt>
   <trkpt lat="48.9606520" lon="9.0611290">
    <ele>228.3</ele>
    <time>2026-07-12T18:35:51Z</time>
   </trkpt>
   <trkpt lat="48.9606270" lon="9.0611660">
    <ele>228.4</ele>
    <time>2026-07-12T18:35:52Z</time>
   </trkpt>
   <trkpt lat="48.9606030" lon="9.0612040">
    <ele>228.6</ele>
    <time>2026-07-12T18:35:53Z</time>
   </trkpt>
   <trkpt lat="48.9605770" lon="9.0612380">
    <ele>228.8</ele>
    <time>2026-07-12T18:35:54Z</time>
   </trkpt>
   <trkpt lat="48.9605540" lon="9.0612750">
    <ele>229.0</ele>
    <time>2026-07-12T18:35:55Z</time>
   </trkpt>
   <trkpt lat="48.9605310" lon="9.0613120">
    <ele>229.2</ele>
    <time>2026-07-12T18:35:56Z</time>
   </trkpt>
   <trkpt lat="48.9605070" lon="9.0613540">
    <ele>229.4</ele>
    <time>2026-07-12T18:35:57Z</time>
   </trkpt>
   <trkpt lat="48.9604820" lon="9.0613970">
    <ele>229.6</ele>
    <time>2026-07-12T18:35:58Z</time>
   </trkpt>
   <trkpt lat="48.9604600" lon="9.0614400">
    <ele>229.9</ele>
    <time>2026-07-12T18:35:59Z</time>
   </trkpt>
   <trkpt lat="48.9604400" lon="9.0614820">
    <ele>230.1</ele>
    <time>2026-07-12T18:36:00Z</time>
   </trkpt>
   <trkpt lat="48.9604180" lon="9.0615230">
    <ele>230.4</ele>
    <time>2026-07-12T18:36:01Z</time>
   </trkpt>
   <trkpt lat="48.9603790" lon="9.0615980">
    <ele>230.8</ele>
    <time>2026-07-12T18:36:02Z</time>
   </trkpt>
   <trkpt lat="48.9603580" lon="9.0616400">
    <ele>231.1</ele>
    <time>2026-07-12T18:36:03Z</time>
   </trkpt>
   <trkpt lat="48.9603580" lon="9.0616400">
    <ele>231.1</ele>
    <time>2026-07-12T18:36:04Z</time>
   </trkpt>
   <trkpt lat="48.9603370" lon="9.0616820">
    <ele>231.3</ele>
    <time>2026-07-12T18:36:05Z</time>
   </trkpt>
   <trkpt lat="48.9603180" lon="9.0617200">
    <ele>231.5</ele>
    <time>2026-07-12T18:36:06Z</time>
   </trkpt>
   <trkpt lat="48.9602990" lon="9.0617590">
    <ele>231.7</ele>
    <time>2026-07-12T18:36:07Z</time>
   </trkpt>
   <trkpt lat="48.9602810" lon="9.0617930">
    <ele>231.9</ele>
    <time>2026-07-12T18:36:08Z</time>
   </trkpt>
   <trkpt lat="48.9602630" lon="9.0618320">
    <ele>232.2</ele>
    <time>2026-07-12T18:36:09Z</time>
   </trkpt>
   <trkpt lat="48.9602430" lon="9.0618730">
    <ele>232.4</ele>
    <time>2026-07-12T18:36:10Z</time>
   </trkpt>
   <trkpt lat="48.9602240" lon="9.0619170">
    <ele>232.6</ele>
    <time>2026-07-12T18:36:11Z</time>
   </trkpt>
   <trkpt lat="48.9602040" lon="9.0619620">
    <ele>232.9</ele>
    <time>2026-07-12T18:36:12Z</time>
   </trkpt>
   <trkpt lat="48.9601820" lon="9.0620020">
    <ele>233.1</ele>
    <time>2026-07-12T18:36:13Z</time>
   </trkpt>
   <trkpt lat="48.9601450" lon="9.0620800">
    <ele>233.6</ele>
    <time>2026-07-12T18:36:14Z</time>
   </trkpt>
   <trkpt lat="48.9601450" lon="9.0620800">
    <ele>233.6</ele>
    <time>2026-07-12T18:36:15Z</time>
   </trkpt>
   <trkpt lat="48.9601270" lon="9.0621160">
    <ele>233.8</ele>
    <time>2026-07-12T18:36:16Z</time>
   </trkpt>
   <trkpt lat="48.9601080" lon="9.0621500">
    <ele>234.0</ele>
    <time>2026-07-12T18:36:17Z</time>
   </trkpt>
   <trkpt lat="48.9600930" lon="9.0621840">
    <ele>234.2</ele>
    <time>2026-07-12T18:36:18Z</time>
   </trkpt>
   <trkpt lat="48.9600790" lon="9.0622200">
    <ele>234.4</ele>
    <time>2026-07-12T18:36:19Z</time>
   </trkpt>
   <trkpt lat="48.9600600" lon="9.0622560">
    <ele>234.6</ele>
    <time>2026-07-12T18:36:20Z</time>
   </trkpt>
   <trkpt lat="48.9600420" lon="9.0622900">
    <ele>234.8</ele>
    <time>2026-07-12T18:36:21Z</time>
   </trkpt>
   <trkpt lat="48.9600300" lon="9.0623120">
    <ele>234.9</ele>
    <time>2026-07-12T18:36:22Z</time>
   </trkpt>
   <trkpt lat="48.9600150" lon="9.0623360">
    <ele>235.1</ele>
    <time>2026-07-12T18:36:23Z</time>
   </trkpt>
   <trkpt lat="48.9599960" lon="9.0623700">
    <ele>235.3</ele>
    <time>2026-07-12T18:36:24Z</time>
   </trkpt>
   <trkpt lat="48.9599600" lon="9.0624370">
    <ele>235.6</ele>
    <time>2026-07-12T18:36:25Z</time>
   </trkpt>
   <trkpt lat="48.9599600" lon="9.0624370">
    <ele>235.6</ele>
    <time>2026-07-12T18:36:26Z</time>
   </trkpt>
   <trkpt lat="48.9599460" lon="9.0624720">
    <ele>235.8</ele>
    <time>2026-07-12T18:36:27Z</time>
   </trkpt>
   <trkpt lat="48.9599300" lon="9.0625050">
    <ele>235.9</ele>
    <time>2026-07-12T18:36:28Z</time>
   </trkpt>
   <trkpt lat="48.9598980" lon="9.0625660">
    <ele>236.3</ele>
    <time>2026-07-12T18:36:29Z</time>
   </trkpt>
   <trkpt lat="48.9598980" lon="9.0625660">
    <ele>236.3</ele>
    <time>2026-07-12T18:36:30Z</time>
   </trkpt>
   <trkpt lat="48.9598830" lon="9.0626000">
    <ele>236.4</ele>
    <time>2026-07-12T18:36:31Z</time>
   </trkpt>
   <trkpt lat="48.9598520" lon="9.0626720">
    <ele>236.8</ele>
    <time>2026-07-12T18:36:32Z</time>
   </trkpt>
   <trkpt lat="48.9598360" lon="9.0627050">
    <ele>237.0</ele>
    <time>2026-07-12T18:36:33Z</time>
   </trkpt>
   <trkpt lat="48.9598360" lon="9.0627050">
    <ele>237.0</ele>
    <time>2026-07-12T18:36:34Z</time>
   </trkpt>
   <trkpt lat="48.9598180" lon="9.0627380">
    <ele>237.2</ele>
    <time>2026-07-12T18:36:35Z</time>
   </trkpt>
   <trkpt lat="48.9598020" lon="9.0627710">
    <ele>237.4</ele>
    <time>2026-07-12T18:36:36Z</time>
   </trkpt>
   <trkpt lat="48.9597890" lon="9.0628000">
    <ele>237.5</ele>
    <time>2026-07-12T18:36:37Z</time>
   </trkpt>
   <trkpt lat="48.9597760" lon="9.0628310">
    <ele>237.7</ele>
    <time>2026-07-12T18:36:38Z</time>
   </trkpt>
   <trkpt lat="48.9597560" lon="9.0628660">
    <ele>237.9</ele>
    <time>2026-07-12T18:36:39Z</time>
   </trkpt>
   <trkpt lat="48.9597390" lon="9.0628970">
    <ele>238.1</ele>
    <time>2026-07-12T18:36:40Z</time>
   </trkpt>
   <trkpt lat="48.9597310" lon="9.0629290">
    <ele>238.2</ele>
    <time>2026-07-12T18:36:41Z</time>
   </trkpt>
   <trkpt lat="48.9597160" lon="9.0629620">
    <ele>238.4</ele>
    <time>2026-07-12T18:36:42Z</time>
   </trkpt>
   <trkpt lat="48.9596990" lon="9.0629890">
    <ele>238.5</ele>
    <time>2026-07-12T18:36:43Z</time>
   </trkpt>
   <trkpt lat="48.9596840" lon="9.0630210">
    <ele>238.7</ele>
    <time>2026-07-12T18:36:44Z</time>
   </trkpt>
   <trkpt lat="48.9596700" lon="9.0630520">
    <ele>238.9</ele>
    <time>2026-07-12T18:36:45Z</time>
   </trkpt>
   <trkpt lat="48.9596520" lon="9.0630810">
    <ele>239.0</ele>
    <time>2026-07-12T18:36:46Z</time>
   </trkpt>
   <trkpt lat="48.9596340" lon="9.0631030">
    <ele>239.2</ele>
    <time>2026-07-12T18:36:47Z</time>
   </trkpt>
   <trkpt lat="48.9596140" lon="9.0631130">
    <ele>239.3</ele>
    <time>2026-07-12T18:36:48Z</time>
   </trkpt>
   <trkpt lat="48.9595970" lon="9.0631190">
    <ele>239.4</ele>
    <time>2026-07-12T18:36:49Z</time>
   </trkpt>
   <trkpt lat="48.9595750" lon="9.0631280">
    <ele>239.6</ele>
    <time>2026-07-12T18:36:50Z</time>
   </trkpt>
   <trkpt lat="48.9595540" lon="9.0631390">
    <ele>239.7</ele>
    <time>2026-07-12T18:36:51Z</time>
   </trkpt>
   <trkpt lat="48.9595360" lon="9.0631480">
    <ele>239.8</ele>
    <time>2026-07-12T18:36:52Z</time>
   </trkpt>
   <trkpt lat="48.9595220" lon="9.0631600">
    <ele>239.9</ele>
    <time>2026-07-12T18:36:53Z</time>
   </trkpt>
   <trkpt lat="48.9595100" lon="9.0631860">
    <ele>240.1</ele>
    <time>2026-07-12T18:36:54Z</time>
   </trkpt>
   <trkpt lat="48.9595060" lon="9.0632160">
    <ele>240.1</ele>
    <time>2026-07-12T18:36:55Z</time>
   </trkpt>
   <trkpt lat="48.9595060" lon="9.0632160">
    <ele>240.1</ele>
    <time>2026-07-12T18:36:56Z</time>
   </trkpt>
   <trkpt lat="48.9595230" lon="9.0632520">
    <ele>240.2</ele>
    <time>2026-07-12T18:36:57Z</time>
   </trkpt>
   <trkpt lat="48.9595230" lon="9.0632520">
    <ele>240.2</ele>
    <time>2026-07-12T18:36:58Z</time>
   </trkpt>
   <trkpt lat="48.9595230" lon="9.0632520">
    <ele>240.2</ele>
    <time>2026-07-12T18:36:59Z</time>
   </trkpt>
   <trkpt lat="48.9595400" lon="9.0632870">
    <ele>240.3</ele>
    <time>2026-07-12T18:37:00Z</time>
   </trkpt>
   <trkpt lat="48.9595400" lon="9.0632870">
    <ele>240.3</ele>
    <time>2026-07-12T18:37:01Z</time>
   </trkpt>
   <trkpt lat="48.9595400" lon="9.0632880">
    <ele>240.3</ele>
    <time>2026-07-12T18:37:02Z</time>
   </trkpt>
   <trkpt lat="48.9595400" lon="9.0632880">
    <ele>240.3</ele>
    <time>2026-07-12T18:37:03Z</time>
   </trkpt>
   <trkpt lat="48.9595410" lon="9.0632890">
    <ele>240.3</ele>
    <time>2026-07-12T18:37:04Z</time>
   </trkpt>
   <trkpt lat="48.9595410" lon="9.0632890">
    <ele>240.3</ele>
    <time>2026-07-12T18:37:05Z</time>
   </trkpt>
   <trkpt lat="48.9595410" lon="9.0632890">
    <ele>240.3</ele>
    <time>2026-07-12T18:37:06Z</time>
   </trkpt>
   <trkpt lat="48.9595410" lon="9.0632900">
    <ele>240.3</ele>
    <time>2026-07-12T18:37:07Z</time>
   </trkpt>
   <trkpt lat="48.9595420" lon="9.0632900">
    <ele>240.3</ele>
    <time>2026-07-12T18:37:08Z</time>
   </trkpt>
   <trkpt lat="48.9595420" lon="9.0632910">
    <ele>240.3</ele>
    <time>2026-07-12T18:37:09Z</time>
   </trkpt>
   <trkpt lat="48.9595830" lon="9.0633770">
    <ele>240.5</ele>
    <time>2026-07-12T18:40:15Z</time>
   </trkpt>
   <trkpt lat="48.9595830" lon="9.0633770">
    <ele>240.5</ele>
    <time>2026-07-12T18:40:16Z</time>
   </trkpt>
   <trkpt lat="48.9596020" lon="9.0634460">
    <ele>240.6</ele>
    <time>2026-07-12T18:40:17Z</time>
   </trkpt>
   <trkpt lat="48.9596070" lon="9.0635090">
    <ele>240.7</ele>
    <time>2026-07-12T18:40:18Z</time>
   </trkpt>
   <trkpt lat="48.9595920" lon="9.0635830">
    <ele>240.7</ele>
    <time>2026-07-12T18:40:19Z</time>
   </trkpt>
   <trkpt lat="48.9595810" lon="9.0637540">
    <ele>240.8</ele>
    <time>2026-07-12T18:40:20Z</time>
   </trkpt>
   <trkpt lat="48.9595820" lon="9.0637960">
    <ele>240.9</ele>
    <time>2026-07-12T18:40:21Z</time>
   </trkpt>
   <trkpt lat="48.9595840" lon="9.0638380">
    <ele>240.9</ele>
    <time>2026-07-12T18:40:22Z</time>
   </trkpt>
   <trkpt lat="48.9595820" lon="9.0640630">
    <ele>241.0</ele>
    <time>2026-07-12T18:40:23Z</time>
   </trkpt>
   <trkpt lat="48.9595770" lon="9.0641190">
    <ele>241.0</ele>
    <time>2026-07-12T18:40:24Z</time>
   </trkpt>
   <trkpt lat="48.9595730" lon="9.0641740">
    <ele>241.1</ele>
    <time>2026-07-12T18:40:25Z</time>
   </trkpt>
   <trkpt lat="48.9595650" lon="9.0642930">
    <ele>241.2</ele>
    <time>2026-07-12T18:40:26Z</time>
   </trkpt>
   <trkpt lat="48.9595360" lon="9.0644030">
    <ele>241.2</ele>
    <time>2026-07-12T18:40:27Z</time>
   </trkpt>
   <trkpt lat="48.9595120" lon="9.0645280">
    <ele>241.3</ele>
    <time>2026-07-12T18:40:28Z</time>
   </trkpt>
   <trkpt lat="48.9594930" lon="9.0646430">
    <ele>241.3</ele>
    <time>2026-07-12T18:40:29Z</time>
   </trkpt>
   <trkpt lat="48.9594720" lon="9.0647700">
    <ele>241.4</ele>
    <time>2026-07-12T18:40:30Z</time>
   </trkpt>
   <trkpt lat="48.9594580" lon="9.0648910">
    <ele>241.4</ele>
    <time>2026-07-12T18:40:31Z</time>
   </trkpt>
   <trkpt lat="48.9594400" lon="9.0650150">
    <ele>241.3</ele>
    <time>2026-07-12T18:40:32Z</time>
   </trkpt>
   <trkpt lat="48.9594250" lon="9.0651460">
    <ele>241.3</ele>
    <time>2026-07-12T18:40:33Z</time>
   </trkpt>
   <trkpt lat="48.9594090" lon="9.0652830">
    <ele>241.2</ele>
    <time>2026-07-12T18:40:34Z</time>
   </trkpt>
   <trkpt lat="48.9594000" lon="9.0654110">
    <ele>241.2</ele>
    <time>2026-07-12T18:40:35Z</time>
   </trkpt>
   <trkpt lat="48.9593880" lon="9.0655400">
    <ele>241.1</ele>
    <time>2026-07-12T18:40:36Z</time>
   </trkpt>
   <trkpt lat="48.9593710" lon="9.0656660">
    <ele>241.0</ele>
    <time>2026-07-12T18:40:37Z</time>
   </trkpt>
   <trkpt lat="48.9593490" lon="9.0657930">
    <ele>241.0</ele>
    <time>2026-07-12T18:40:38Z</time>
   </trkpt>
   <trkpt lat="48.9593010" lon="9.0660440">
    <ele>241.1</ele>
    <time>2026-07-12T18:40:39Z</time>
   </trkpt>
   <trkpt lat="48.9592880" lon="9.0661030">
    <ele>241.1</ele>
    <time>2026-07-12T18:40:40Z</time>
   </trkpt>
   <trkpt lat="48.9592740" lon="9.0661620">
    <ele>241.2</ele>
    <time>2026-07-12T18:40:41Z</time>
   </trkpt>
   <trkpt lat="48.9592510" lon="9.0662700">
    <ele>241.4</ele>
    <time>2026-07-12T18:40:42Z</time>
   </trkpt>
   <trkpt lat="48.9592360" lon="9.0663700">
    <ele>241.8</ele>
    <time>2026-07-12T18:40:43Z</time>
   </trkpt>
   <trkpt lat="48.9592270" lon="9.0664690">
    <ele>242.1</ele>
    <time>2026-07-12T18:40:44Z</time>
   </trkpt>
   <trkpt lat="48.9592210" lon="9.0666520">
    <ele>242.9</ele>
    <time>2026-07-12T18:40:45Z</time>
   </trkpt>
   <trkpt lat="48.9592140" lon="9.0667330">
    <ele>243.2</ele>
    <time>2026-07-12T18:40:46Z</time>
   </trkpt>
   <trkpt lat="48.9592060" lon="9.0668140">
    <ele>243.6</ele>
    <time>2026-07-12T18:40:47Z</time>
   </trkpt>
   <trkpt lat="48.9591970" lon="9.0668520">
    <ele>243.7</ele>
    <time>2026-07-12T18:40:48Z</time>
   </trkpt>
   <trkpt lat="48.9591880" lon="9.0668900">
    <ele>243.8</ele>
    <time>2026-07-12T18:40:49Z</time>
   </trkpt>
   <trkpt lat="48.9591910" lon="9.0669380">
    <ele>243.9</ele>
    <time>2026-07-12T18:40:50Z</time>
   </trkpt>
   <trkpt lat="48.9591840" lon="9.0669910">
    <ele>244.0</ele>
    <time>2026-07-12T18:40:51Z</time>
   </trkpt>
   <trkpt lat="48.9591310" lon="9.0670130">
    <ele>244.1</ele>
    <time>2026-07-12T18:40:52Z</time>
   </trkpt>
   <trkpt lat="48.9590280" lon="9.0670590">
    <ele>244.6</ele>
    <time>2026-07-12T18:40:53Z</time>
   </trkpt>
   <trkpt lat="48.9590000" lon="9.0670770">
    <ele>244.7</ele>
    <time>2026-07-12T18:40:54Z</time>
   </trkpt>
   <trkpt lat="48.9589720" lon="9.0670950">
    <ele>244.9</ele>
    <time>2026-07-12T18:40:55Z</time>
   </trkpt>
   <trkpt lat="48.9589260" lon="9.0671020">
    <ele>245.2</ele>
    <time>2026-07-12T18:40:56Z</time>
   </trkpt>
   <trkpt lat="48.9588450" lon="9.0671360">
    <ele>245.8</ele>
    <time>2026-07-12T18:40:57Z</time>
   </trkpt>
   <trkpt lat="48.9588260" lon="9.0671410">
    <ele>245.9</ele>
    <time>2026-07-12T18:40:58Z</time>
   </trkpt>
   <trkpt lat="48.9588070" lon="9.0671460">
    <ele>246.0</ele>
    <time>2026-07-12T18:40:59Z</time>
   </trkpt>
   <trkpt lat="48.9587620" lon="9.0671600">
    <ele>246.4</ele>
    <time>2026-07-12T18:41:00Z</time>
   </trkpt>
   <trkpt lat="48.9587220" lon="9.0671760">
    <ele>246.6</ele>
    <time>2026-07-12T18:41:01Z</time>
   </trkpt>
   <trkpt lat="48.9586850" lon="9.0671870">
    <ele>246.9</ele>
    <time>2026-07-12T18:41:02Z</time>
   </trkpt>
   <trkpt lat="48.9586490" lon="9.0671950">
    <ele>247.1</ele>
    <time>2026-07-12T18:41:03Z</time>
   </trkpt>
   <trkpt lat="48.9586150" lon="9.0672060">
    <ele>247.4</ele>
    <time>2026-07-12T18:41:04Z</time>
   </trkpt>
   <trkpt lat="48.9585770" lon="9.0672170">
    <ele>247.7</ele>
    <time>2026-07-12T18:41:05Z</time>
   </trkpt>
   <trkpt lat="48.9585410" lon="9.0672270">
    <ele>247.9</ele>
    <time>2026-07-12T18:41:06Z</time>
   </trkpt>
   <trkpt lat="48.9585050" lon="9.0672410">
    <ele>248.2</ele>
    <time>2026-07-12T18:41:07Z</time>
   </trkpt>
   <trkpt lat="48.9584690" lon="9.0672500">
    <ele>248.5</ele>
    <time>2026-07-12T18:41:08Z</time>
   </trkpt>
   <trkpt lat="48.9584340" lon="9.0672630">
    <ele>248.7</ele>
    <time>2026-07-12T18:41:09Z</time>
   </trkpt>
   <trkpt lat="48.9584040" lon="9.0672750">
    <ele>249.0</ele>
    <time>2026-07-12T18:41:10Z</time>
   </trkpt>
   <trkpt lat="48.9583730" lon="9.0672860">
    <ele>249.2</ele>
    <time>2026-07-12T18:41:11Z</time>
   </trkpt>
   <trkpt lat="48.9583430" lon="9.0672960">
    <ele>249.4</ele>
    <time>2026-07-12T18:41:12Z</time>
   </trkpt>
   <trkpt lat="48.9583220" lon="9.0672970">
    <ele>249.6</ele>
    <time>2026-07-12T18:41:13Z</time>
   </trkpt>
   <trkpt lat="48.9582990" lon="9.0673020">
    <ele>249.8</ele>
    <time>2026-07-12T18:41:14Z</time>
   </trkpt>
   <trkpt lat="48.9582710" lon="9.0673180">
    <ele>250.0</ele>
    <time>2026-07-12T18:41:15Z</time>
   </trkpt>
   <trkpt lat="48.9582390" lon="9.0673420">
    <ele>250.2</ele>
    <time>2026-07-12T18:41:16Z</time>
   </trkpt>
   <trkpt lat="48.9582060" lon="9.0673710">
    <ele>250.5</ele>
    <time>2026-07-12T18:41:17Z</time>
   </trkpt>
   <trkpt lat="48.9581710" lon="9.0674060">
    <ele>250.8</ele>
    <time>2026-07-12T18:41:18Z</time>
   </trkpt>
   <trkpt lat="48.9581370" lon="9.0674430">
    <ele>251.1</ele>
    <time>2026-07-12T18:41:19Z</time>
   </trkpt>
   <trkpt lat="48.9580980" lon="9.0674590">
    <ele>251.4</ele>
    <time>2026-07-12T18:41:20Z</time>
   </trkpt>
   <trkpt lat="48.9580560" lon="9.0674710">
    <ele>251.6</ele>
    <time>2026-07-12T18:41:21Z</time>
   </trkpt>
   <trkpt lat="48.9580150" lon="9.0674850">
    <ele>251.9</ele>
    <time>2026-07-12T18:41:22Z</time>
   </trkpt>
   <trkpt lat="48.9579730" lon="9.0675000">
    <ele>252.2</ele>
    <time>2026-07-12T18:41:23Z</time>
   </trkpt>
   <trkpt lat="48.9579350" lon="9.0675190">
    <ele>252.4</ele>
    <time>2026-07-12T18:41:24Z</time>
   </trkpt>
   <trkpt lat="48.9578970" lon="9.0675340">
    <ele>252.7</ele>
    <time>2026-07-12T18:41:25Z</time>
   </trkpt>
   <trkpt lat="48.9578590" lon="9.0675500">
    <ele>252.9</ele>
    <time>2026-07-12T18:41:26Z</time>
   </trkpt>
   <trkpt lat="48.9578220" lon="9.0675700">
    <ele>253.1</ele>
    <time>2026-07-12T18:41:27Z</time>
   </trkpt>
   <trkpt lat="48.9577830" lon="9.0675920">
    <ele>253.3</ele>
    <time>2026-07-12T18:41:28Z</time>
   </trkpt>
   <trkpt lat="48.9577440" lon="9.0676110">
    <ele>253.5</ele>
    <time>2026-07-12T18:41:29Z</time>
   </trkpt>
   <trkpt lat="48.9577050" lon="9.0676370">
    <ele>253.6</ele>
    <time>2026-07-12T18:41:30Z</time>
   </trkpt>
   <trkpt lat="48.9576650" lon="9.0676620">
    <ele>253.8</ele>
    <time>2026-07-12T18:41:31Z</time>
   </trkpt>
   <trkpt lat="48.9576250" lon="9.0676900">
    <ele>254.0</ele>
    <time>2026-07-12T18:41:32Z</time>
   </trkpt>
   <trkpt lat="48.9575880" lon="9.0677150">
    <ele>254.1</ele>
    <time>2026-07-12T18:41:33Z</time>
   </trkpt>
   <trkpt lat="48.9575540" lon="9.0677460">
    <ele>254.2</ele>
    <time>2026-07-12T18:41:34Z</time>
   </trkpt>
   <trkpt lat="48.9575150" lon="9.0677770">
    <ele>254.4</ele>
    <time>2026-07-12T18:41:35Z</time>
   </trkpt>
   <trkpt lat="48.9574730" lon="9.0678140">
    <ele>254.5</ele>
    <time>2026-07-12T18:41:36Z</time>
   </trkpt>
   <trkpt lat="48.9574330" lon="9.0678470">
    <ele>254.6</ele>
    <time>2026-07-12T18:41:37Z</time>
   </trkpt>
   <trkpt lat="48.9573900" lon="9.0678790">
    <ele>254.7</ele>
    <time>2026-07-12T18:41:38Z</time>
   </trkpt>
   <trkpt lat="48.9573540" lon="9.0679260">
    <ele>254.7</ele>
    <time>2026-07-12T18:41:39Z</time>
   </trkpt>
   <trkpt lat="48.9573230" lon="9.0679780">
    <ele>254.8</ele>
    <time>2026-07-12T18:41:40Z</time>
   </trkpt>
   <trkpt lat="48.9573100" lon="9.0680520">
    <ele>254.8</ele>
    <time>2026-07-12T18:41:41Z</time>
   </trkpt>
   <trkpt lat="48.9572950" lon="9.0681280">
    <ele>254.7</ele>
    <time>2026-07-12T18:41:42Z</time>
   </trkpt>
   <trkpt lat="48.9572770" lon="9.0682130">
    <ele>254.5</ele>
    <time>2026-07-12T18:41:43Z</time>
   </trkpt>
   <trkpt lat="48.9572590" lon="9.0682900">
    <ele>254.4</ele>
    <time>2026-07-12T18:41:44Z</time>
   </trkpt>
   <trkpt lat="48.9572380" lon="9.0683700">
    <ele>254.2</ele>
    <time>2026-07-12T18:41:45Z</time>
   </trkpt>
   <trkpt lat="48.9572180" lon="9.0684510">
    <ele>254.1</ele>
    <time>2026-07-12T18:41:46Z</time>
   </trkpt>
   <trkpt lat="48.9572020" lon="9.0685430">
    <ele>253.9</ele>
    <time>2026-07-12T18:41:47Z</time>
   </trkpt>
   <trkpt lat="48.9571870" lon="9.0686280">
    <ele>253.8</ele>
    <time>2026-07-12T18:41:48Z</time>
   </trkpt>
   <trkpt lat="48.9571510" lon="9.0688070">
    <ele>253.4</ele>
    <time>2026-07-12T18:41:49Z</time>
   </trkpt>
   <trkpt lat="48.9571420" lon="9.0688490">
    <ele>253.4</ele>
    <time>2026-07-12T18:41:50Z</time>
   </trkpt>
   <trkpt lat="48.9571320" lon="9.0688900">
    <ele>253.4</ele>
    <time>2026-07-12T18:41:51Z</time>
   </trkpt>
   <trkpt lat="48.9571130" lon="9.0689750">
    <ele>253.3</ele>
    <time>2026-07-12T18:41:52Z</time>
   </trkpt>
   <trkpt lat="48.9570980" lon="9.0690600">
    <ele>253.2</ele>
    <time>2026-07-12T18:41:53Z</time>
   </trkpt>
   <trkpt lat="48.9570840" lon="9.0691510">
    <ele>253.1</ele>
    <time>2026-07-12T18:41:54Z</time>
   </trkpt>
   <trkpt lat="48.9570700" lon="9.0692470">
    <ele>253.1</ele>
    <time>2026-07-12T18:41:55Z</time>
   </trkpt>
   <trkpt lat="48.9570600" lon="9.0693420">
    <ele>253.0</ele>
    <time>2026-07-12T18:41:56Z</time>
   </trkpt>
   <trkpt lat="48.9570480" lon="9.0694390">
    <ele>253.0</ele>
    <time>2026-07-12T18:41:57Z</time>
   </trkpt>
   <trkpt lat="48.9570420" lon="9.0695320">
    <ele>253.0</ele>
    <time>2026-07-12T18:41:58Z</time>
   </trkpt>
   <trkpt lat="48.9570290" lon="9.0696270">
    <ele>252.9</ele>
    <time>2026-07-12T18:41:59Z</time>
   </trkpt>
   <trkpt lat="48.9570130" lon="9.0697210">
    <ele>252.9</ele>
    <time>2026-07-12T18:42:00Z</time>
   </trkpt>
   <trkpt lat="48.9569920" lon="9.0698210">
    <ele>252.9</ele>
    <time>2026-07-12T18:42:01Z</time>
   </trkpt>
   <trkpt lat="48.9569740" lon="9.0699140">
    <ele>252.8</ele>
    <time>2026-07-12T18:42:02Z</time>
   </trkpt>
   <trkpt lat="48.9569590" lon="9.0700110">
    <ele>252.8</ele>
    <time>2026-07-12T18:42:03Z</time>
   </trkpt>
   <trkpt lat="48.9569450" lon="9.0701080">
    <ele>252.7</ele>
    <time>2026-07-12T18:42:04Z</time>
   </trkpt>
   <trkpt lat="48.9569290" lon="9.0702080">
    <ele>252.7</ele>
    <time>2026-07-12T18:42:05Z</time>
   </trkpt>
   <trkpt lat="48.9569110" lon="9.0703080">
    <ele>252.7</ele>
    <time>2026-07-12T18:42:06Z</time>
   </trkpt>
   <trkpt lat="48.9568980" lon="9.0704050">
    <ele>252.7</ele>
    <time>2026-07-12T18:42:07Z</time>
   </trkpt>
   <trkpt lat="48.9568790" lon="9.0705100">
    <ele>252.8</ele>
    <time>2026-07-12T18:42:08Z</time>
   </trkpt>
   <trkpt lat="48.9568620" lon="9.0706120">
    <ele>252.8</ele>
    <time>2026-07-12T18:42:09Z</time>
   </trkpt>
   <trkpt lat="48.9568470" lon="9.0707160">
    <ele>252.7</ele>
    <time>2026-07-12T18:42:10Z</time>
   </trkpt>
   <trkpt lat="48.9568340" lon="9.0708170">
    <ele>252.7</ele>
    <time>2026-07-12T18:42:11Z</time>
   </trkpt>
   <trkpt lat="48.9568170" lon="9.0709240">
    <ele>252.6</ele>
    <time>2026-07-12T18:42:12Z</time>
   </trkpt>
   <trkpt lat="48.9568000" lon="9.0710350">
    <ele>252.5</ele>
    <time>2026-07-12T18:42:13Z</time>
   </trkpt>
   <trkpt lat="48.9567810" lon="9.0711440">
    <ele>252.5</ele>
    <time>2026-07-12T18:42:14Z</time>
   </trkpt>
   <trkpt lat="48.9567610" lon="9.0712550">
    <ele>252.4</ele>
    <time>2026-07-12T18:42:15Z</time>
   </trkpt>
   <trkpt lat="48.9567430" lon="9.0713690">
    <ele>252.4</ele>
    <time>2026-07-12T18:42:16Z</time>
   </trkpt>
   <trkpt lat="48.9567040" lon="9.0715880">
    <ele>252.3</ele>
    <time>2026-07-12T18:42:17Z</time>
   </trkpt>
   <trkpt lat="48.9566950" lon="9.0716450">
    <ele>252.2</ele>
    <time>2026-07-12T18:42:18Z</time>
   </trkpt>
   <trkpt lat="48.9566850" lon="9.0717010">
    <ele>252.2</ele>
    <time>2026-07-12T18:42:19Z</time>
   </trkpt>
   <trkpt lat="48.9566670" lon="9.0718180">
    <ele>252.1</ele>
    <time>2026-07-12T18:42:20Z</time>
   </trkpt>
   <trkpt lat="48.9566460" lon="9.0719310">
    <ele>252.1</ele>
    <time>2026-07-12T18:42:21Z</time>
   </trkpt>
   <trkpt lat="48.9566290" lon="9.0720470">
    <ele>252.1</ele>
    <time>2026-07-12T18:42:22Z</time>
   </trkpt>
   <trkpt lat="48.9566110" lon="9.0721610">
    <ele>252.0</ele>
    <time>2026-07-12T18:42:23Z</time>
   </trkpt>
   <trkpt lat="48.9565930" lon="9.0722750">
    <ele>252.0</ele>
    <time>2026-07-12T18:42:24Z</time>
   </trkpt>
   <trkpt lat="48.9565750" lon="9.0723870">
    <ele>252.0</ele>
    <time>2026-07-12T18:42:25Z</time>
   </trkpt>
   <trkpt lat="48.9565590" lon="9.0724970">
    <ele>252.1</ele>
    <time>2026-07-12T18:42:26Z</time>
   </trkpt>
   <trkpt lat="48.9565380" lon="9.0726080">
    <ele>252.1</ele>
    <time>2026-07-12T18:42:27Z</time>
   </trkpt>
   <trkpt lat="48.9565190" lon="9.0727170">
    <ele>252.1</ele>
    <time>2026-07-12T18:42:28Z</time>
   </trkpt>
   <trkpt lat="48.9565030" lon="9.0728230">
    <ele>252.2</ele>
    <time>2026-07-12T18:42:29Z</time>
   </trkpt>
   <trkpt lat="48.9564860" lon="9.0729240">
    <ele>252.3</ele>
    <time>2026-07-12T18:42:30Z</time>
   </trkpt>
   <trkpt lat="48.9564700" lon="9.0730260">
    <ele>252.3</ele>
    <time>2026-07-12T18:42:31Z</time>
   </trkpt>
   <trkpt lat="48.9564560" lon="9.0731290">
    <ele>252.4</ele>
    <time>2026-07-12T18:42:32Z</time>
   </trkpt>
   <trkpt lat="48.9564360" lon="9.0732320">
    <ele>252.4</ele>
    <time>2026-07-12T18:42:33Z</time>
   </trkpt>
   <trkpt lat="48.9564180" lon="9.0733410">
    <ele>252.4</ele>
    <time>2026-07-12T18:42:34Z</time>
   </trkpt>
   <trkpt lat="48.9564000" lon="9.0734480">
    <ele>252.4</ele>
    <time>2026-07-12T18:42:35Z</time>
   </trkpt>
   <trkpt lat="48.9563790" lon="9.0735600">
    <ele>252.4</ele>
    <time>2026-07-12T18:42:36Z</time>
   </trkpt>
   <trkpt lat="48.9563590" lon="9.0736750">
    <ele>252.4</ele>
    <time>2026-07-12T18:42:37Z</time>
   </trkpt>
   <trkpt lat="48.9563390" lon="9.0737890">
    <ele>252.3</ele>
    <time>2026-07-12T18:42:38Z</time>
   </trkpt>
   <trkpt lat="48.9563200" lon="9.0739000">
    <ele>252.3</ele>
    <time>2026-07-12T18:42:39Z</time>
   </trkpt>
   <trkpt lat="48.9563060" lon="9.0740110">
    <ele>252.3</ele>
    <time>2026-07-12T18:42:40Z</time>
   </trkpt>
   <trkpt lat="48.9562910" lon="9.0741240">
    <ele>252.2</ele>
    <time>2026-07-12T18:42:41Z</time>
   </trkpt>
   <trkpt lat="48.9562770" lon="9.0742300">
    <ele>252.2</ele>
    <time>2026-07-12T18:42:42Z</time>
   </trkpt>
   <trkpt lat="48.9562560" lon="9.0743360">
    <ele>252.1</ele>
    <time>2026-07-12T18:42:43Z</time>
   </trkpt>
   <trkpt lat="48.9562460" lon="9.0744400">
    <ele>252.0</ele>
    <time>2026-07-12T18:42:44Z</time>
   </trkpt>
   <trkpt lat="48.9562150" lon="9.0745240">
    <ele>252.0</ele>
    <time>2026-07-12T18:42:45Z</time>
   </trkpt>
   <trkpt lat="48.9561140" lon="9.0746010">
    <ele>251.9</ele>
    <time>2026-07-12T18:42:46Z</time>
   </trkpt>
   <trkpt lat="48.9560870" lon="9.0745890">
    <ele>251.9</ele>
    <time>2026-07-12T18:42:47Z</time>
   </trkpt>
   <trkpt lat="48.9560610" lon="9.0745760">
    <ele>251.9</ele>
    <time>2026-07-12T18:42:48Z</time>
   </trkpt>
   <trkpt lat="48.9560020" lon="9.0745620">
    <ele>251.9</ele>
    <time>2026-07-12T18:42:49Z</time>
   </trkpt>
   <trkpt lat="48.9559390" lon="9.0745540">
    <ele>251.9</ele>
    <time>2026-07-12T18:42:50Z</time>
   </trkpt>
   <trkpt lat="48.9558780" lon="9.0745540">
    <ele>251.9</ele>
    <time>2026-07-12T18:42:51Z</time>
   </trkpt>
   <trkpt lat="48.9558130" lon="9.0745600">
    <ele>252.0</ele>
    <time>2026-07-12T18:42:52Z</time>
   </trkpt>
   <trkpt lat="48.9556820" lon="9.0745260">
    <ele>252.1</ele>
    <time>2026-07-12T18:42:53Z</time>
   </trkpt>
   <trkpt lat="48.9556510" lon="9.0745180">
    <ele>252.1</ele>
    <time>2026-07-12T18:42:54Z</time>
   </trkpt>
   <trkpt lat="48.9556200" lon="9.0745100">
    <ele>252.1</ele>
    <time>2026-07-12T18:42:55Z</time>
   </trkpt>
   <trkpt lat="48.9555450" lon="9.0744870">
    <ele>252.3</ele>
    <time>2026-07-12T18:42:56Z</time>
   </trkpt>
   <trkpt lat="48.9554790" lon="9.0744810">
    <ele>252.4</ele>
    <time>2026-07-12T18:42:57Z</time>
   </trkpt>
   <trkpt lat="48.9554110" lon="9.0744750">
    <ele>252.5</ele>
    <time>2026-07-12T18:42:58Z</time>
   </trkpt>
   <trkpt lat="48.9553420" lon="9.0744560">
    <ele>252.6</ele>
    <time>2026-07-12T18:42:59Z</time>
   </trkpt>
   <trkpt lat="48.9552720" lon="9.0744390">
    <ele>252.7</ele>
    <time>2026-07-12T18:43:00Z</time>
   </trkpt>
   <trkpt lat="48.9552040" lon="9.0744160">
    <ele>252.9</ele>
    <time>2026-07-12T18:43:01Z</time>
   </trkpt>
   <trkpt lat="48.9551360" lon="9.0743930">
    <ele>253.0</ele>
    <time>2026-07-12T18:43:02Z</time>
   </trkpt>
   <trkpt lat="48.9550660" lon="9.0743770">
    <ele>253.1</ele>
    <time>2026-07-12T18:43:03Z</time>
   </trkpt>
   <trkpt lat="48.9549960" lon="9.0743570">
    <ele>253.3</ele>
    <time>2026-07-12T18:43:04Z</time>
   </trkpt>
   <trkpt lat="48.9549260" lon="9.0743390">
    <ele>253.5</ele>
    <time>2026-07-12T18:43:05Z</time>
   </trkpt>
   <trkpt lat="48.9548560" lon="9.0743320">
    <ele>253.7</ele>
    <time>2026-07-12T18:43:06Z</time>
   </trkpt>
   <trkpt lat="48.9547890" lon="9.0743270">
    <ele>254.0</ele>
    <time>2026-07-12T18:43:07Z</time>
   </trkpt>
   <trkpt lat="48.9547240" lon="9.0743380">
    <ele>254.3</ele>
    <time>2026-07-12T18:43:08Z</time>
   </trkpt>
   <trkpt lat="48.9546730" lon="9.0744020">
    <ele>254.6</ele>
    <time>2026-07-12T18:43:09Z</time>
   </trkpt>
   <trkpt lat="48.9546500" lon="9.0744970">
    <ele>254.6</ele>
    <time>2026-07-12T18:43:10Z</time>
   </trkpt>
   <trkpt lat="48.9546440" lon="9.0745980">
    <ele>254.7</ele>
    <time>2026-07-12T18:43:11Z</time>
   </trkpt>
   <trkpt lat="48.9546440" lon="9.0747040">
    <ele>254.7</ele>
    <time>2026-07-12T18:43:12Z</time>
   </trkpt>
   <trkpt lat="48.9546410" lon="9.0749220">
    <ele>254.8</ele>
    <time>2026-07-12T18:43:13Z</time>
   </trkpt>
   <trkpt lat="48.9546390" lon="9.0749760">
    <ele>254.8</ele>
    <time>2026-07-12T18:43:14Z</time>
   </trkpt>
   <trkpt lat="48.9546370" lon="9.0750290">
    <ele>254.9</ele>
    <time>2026-07-12T18:43:15Z</time>
   </trkpt>
   <trkpt lat="48.9546390" lon="9.0751290">
    <ele>254.9</ele>
    <time>2026-07-12T18:43:16Z</time>
   </trkpt>
   <trkpt lat="48.9546390" lon="9.0752330">
    <ele>254.9</ele>
    <time>2026-07-12T18:43:17Z</time>
   </trkpt>
   <trkpt lat="48.9546370" lon="9.0753390">
    <ele>255.0</ele>
    <time>2026-07-12T18:43:18Z</time>
   </trkpt>
   <trkpt lat="48.9546370" lon="9.0754360">
    <ele>255.1</ele>
    <time>2026-07-12T18:43:19Z</time>
   </trkpt>
   <trkpt lat="48.9546300" lon="9.0755440">
    <ele>255.1</ele>
    <time>2026-07-12T18:43:20Z</time>
   </trkpt>
   <trkpt lat="48.9546290" lon="9.0756530">
    <ele>255.2</ele>
    <time>2026-07-12T18:43:21Z</time>
   </trkpt>
   <trkpt lat="48.9546220" lon="9.0757600">
    <ele>255.3</ele>
    <time>2026-07-12T18:43:22Z</time>
   </trkpt>
   <trkpt lat="48.9546220" lon="9.0758700">
    <ele>255.4</ele>
    <time>2026-07-12T18:43:23Z</time>
   </trkpt>
   <trkpt lat="48.9546160" lon="9.0759780">
    <ele>255.4</ele>
    <time>2026-07-12T18:43:24Z</time>
   </trkpt>
   <trkpt lat="48.9546110" lon="9.0760870">
    <ele>255.5</ele>
    <time>2026-07-12T18:43:25Z</time>
   </trkpt>
   <trkpt lat="48.9546090" lon="9.0761920">
    <ele>255.6</ele>
    <time>2026-07-12T18:43:26Z</time>
   </trkpt>
   <trkpt lat="48.9546070" lon="9.0762960">
    <ele>255.7</ele>
    <time>2026-07-12T18:43:27Z</time>
   </trkpt>
   <trkpt lat="48.9546070" lon="9.0763970">
    <ele>255.8</ele>
    <time>2026-07-12T18:43:28Z</time>
   </trkpt>
   <trkpt lat="48.9546050" lon="9.0765810">
    <ele>256.1</ele>
    <time>2026-07-12T18:43:29Z</time>
   </trkpt>
   <trkpt lat="48.9546030" lon="9.0766250">
    <ele>256.1</ele>
    <time>2026-07-12T18:43:30Z</time>
   </trkpt>
   <trkpt lat="48.9546010" lon="9.0766700">
    <ele>256.2</ele>
    <time>2026-07-12T18:43:31Z</time>
   </trkpt>
   <trkpt lat="48.9546010" lon="9.0767600">
    <ele>256.2</ele>
    <time>2026-07-12T18:43:32Z</time>
   </trkpt>
   <trkpt lat="48.9545990" lon="9.0768480">
    <ele>256.2</ele>
    <time>2026-07-12T18:43:33Z</time>
   </trkpt>
   <trkpt lat="48.9545960" lon="9.0769440">
    <ele>256.2</ele>
    <time>2026-07-12T18:43:34Z</time>
   </trkpt>
   <trkpt lat="48.9545920" lon="9.0770370">
    <ele>256.2</ele>
    <time>2026-07-12T18:43:35Z</time>
   </trkpt>
   <trkpt lat="48.9545870" lon="9.0771370">
    <ele>256.1</ele>
    <time>2026-07-12T18:43:36Z</time>
   </trkpt>
   <trkpt lat="48.9545850" lon="9.0772420">
    <ele>255.9</ele>
    <time>2026-07-12T18:43:37Z</time>
   </trkpt>
   <trkpt lat="48.9545850" lon="9.0773450">
    <ele>255.8</ele>
    <time>2026-07-12T18:43:38Z</time>
   </trkpt>
   <trkpt lat="48.9545830" lon="9.0774570">
    <ele>255.6</ele>
    <time>2026-07-12T18:43:39Z</time>
   </trkpt>
   <trkpt lat="48.9545770" lon="9.0777030">
    <ele>255.2</ele>
    <time>2026-07-12T18:43:40Z</time>
   </trkpt>
   <trkpt lat="48.9545720" lon="9.0778300">
    <ele>255.1</ele>
    <time>2026-07-12T18:43:41Z</time>
   </trkpt>
   <trkpt lat="48.9545710" lon="9.0778950">
    <ele>255.0</ele>
    <time>2026-07-12T18:43:42Z</time>
   </trkpt>
   <trkpt lat="48.9545690" lon="9.0779590">
    <ele>255.0</ele>
    <time>2026-07-12T18:43:43Z</time>
   </trkpt>
   <trkpt lat="48.9545660" lon="9.0780880">
    <ele>254.9</ele>
    <time>2026-07-12T18:43:44Z</time>
   </trkpt>
   <trkpt lat="48.9545600" lon="9.0783320">
    <ele>254.8</ele>
    <time>2026-07-12T18:43:45Z</time>
   </trkpt>
   <trkpt lat="48.9545580" lon="9.0783940">
    <ele>254.8</ele>
    <time>2026-07-12T18:43:46Z</time>
   </trkpt>
   <trkpt lat="48.9545550" lon="9.0784550">
    <ele>254.8</ele>
    <time>2026-07-12T18:43:47Z</time>
   </trkpt>
   <trkpt lat="48.9545500" lon="9.0785830">
    <ele>254.8</ele>
    <time>2026-07-12T18:43:48Z</time>
   </trkpt>
   <trkpt lat="48.9545430" lon="9.0787100">
    <ele>254.8</ele>
    <time>2026-07-12T18:43:49Z</time>
   </trkpt>
   <trkpt lat="48.9545380" lon="9.0788300">
    <ele>254.8</ele>
    <time>2026-07-12T18:43:50Z</time>
   </trkpt>
   <trkpt lat="48.9545370" lon="9.0789500">
    <ele>254.8</ele>
    <time>2026-07-12T18:43:51Z</time>
   </trkpt>
   <trkpt lat="48.9545310" lon="9.0790680">
    <ele>254.9</ele>
    <time>2026-07-12T18:43:52Z</time>
   </trkpt>
   <trkpt lat="48.9545270" lon="9.0791870">
    <ele>254.9</ele>
    <time>2026-07-12T18:43:53Z</time>
   </trkpt>
   <trkpt lat="48.9545230" lon="9.0793030">
    <ele>254.8</ele>
    <time>2026-07-12T18:43:54Z</time>
   </trkpt>
   <trkpt lat="48.9545200" lon="9.0794180">
    <ele>254.8</ele>
    <time>2026-07-12T18:43:55Z</time>
   </trkpt>
   <trkpt lat="48.9545160" lon="9.0795320">
    <ele>254.8</ele>
    <time>2026-07-12T18:43:56Z</time>
   </trkpt>
   <trkpt lat="48.9545120" lon="9.0796440">
    <ele>254.8</ele>
    <time>2026-07-12T18:43:57Z</time>
   </trkpt>
   <trkpt lat="48.9545040" lon="9.0797540">
    <ele>254.7</ele>
    <time>2026-07-12T18:43:58Z</time>
   </trkpt>
   <trkpt lat="48.9544940" lon="9.0798630">
    <ele>254.7</ele>
    <time>2026-07-12T18:43:59Z</time>
   </trkpt>
   <trkpt lat="48.9545040" lon="9.0799700">
    <ele>254.7</ele>
    <time>2026-07-12T18:44:00Z</time>
   </trkpt>
   <trkpt lat="48.9544990" lon="9.0800920">
    <ele>254.6</ele>
    <time>2026-07-12T18:44:01Z</time>
   </trkpt>
   <trkpt lat="48.9544970" lon="9.0802090">
    <ele>254.6</ele>
    <time>2026-07-12T18:44:02Z</time>
   </trkpt>
   <trkpt lat="48.9544920" lon="9.0803400">
    <ele>254.5</ele>
    <time>2026-07-12T18:44:03Z</time>
   </trkpt>
   <trkpt lat="48.9544910" lon="9.0805840">
    <ele>254.5</ele>
    <time>2026-07-12T18:44:04Z</time>
   </trkpt>
   <trkpt lat="48.9544890" lon="9.0807080">
    <ele>254.4</ele>
    <time>2026-07-12T18:44:05Z</time>
   </trkpt>
   <trkpt lat="48.9544870" lon="9.0807690">
    <ele>254.4</ele>
    <time>2026-07-12T18:44:06Z</time>
   </trkpt>
   <trkpt lat="48.9544840" lon="9.0808310">
    <ele>254.4</ele>
    <time>2026-07-12T18:44:07Z</time>
   </trkpt>
   <trkpt lat="48.9544760" lon="9.0810860">
    <ele>254.2</ele>
    <time>2026-07-12T18:44:08Z</time>
   </trkpt>
   <trkpt lat="48.9544760" lon="9.0812120">
    <ele>254.2</ele>
    <time>2026-07-12T18:44:09Z</time>
   </trkpt>
   <trkpt lat="48.9544750" lon="9.0812760">
    <ele>254.1</ele>
    <time>2026-07-12T18:44:10Z</time>
   </trkpt>
   <trkpt lat="48.9544740" lon="9.0813390">
    <ele>254.1</ele>
    <time>2026-07-12T18:44:11Z</time>
   </trkpt>
   <trkpt lat="48.9544710" lon="9.0814670">
    <ele>254.0</ele>
    <time>2026-07-12T18:44:12Z</time>
   </trkpt>
   <trkpt lat="48.9544650" lon="9.0815990">
    <ele>254.0</ele>
    <time>2026-07-12T18:44:13Z</time>
   </trkpt>
   <trkpt lat="48.9544570" lon="9.0818420">
    <ele>253.8</ele>
    <time>2026-07-12T18:44:14Z</time>
   </trkpt>
   <trkpt lat="48.9544550" lon="9.0819040">
    <ele>253.8</ele>
    <time>2026-07-12T18:44:15Z</time>
   </trkpt>
   <trkpt lat="48.9544530" lon="9.0819660">
    <ele>253.8</ele>
    <time>2026-07-12T18:44:16Z</time>
   </trkpt>
   <trkpt lat="48.9544530" lon="9.0820850">
    <ele>253.7</ele>
    <time>2026-07-12T18:44:17Z</time>
   </trkpt>
   <trkpt lat="48.9544570" lon="9.0822010">
    <ele>253.7</ele>
    <time>2026-07-12T18:44:18Z</time>
   </trkpt>
   <trkpt lat="48.9544520" lon="9.0823210">
    <ele>253.7</ele>
    <time>2026-07-12T18:44:19Z</time>
   </trkpt>
   <trkpt lat="48.9544520" lon="9.0824410">
    <ele>253.7</ele>
    <time>2026-07-12T18:44:20Z</time>
   </trkpt>
   <trkpt lat="48.9544510" lon="9.0825630">
    <ele>253.7</ele>
    <time>2026-07-12T18:44:21Z</time>
   </trkpt>
   <trkpt lat="48.9544500" lon="9.0826840">
    <ele>253.7</ele>
    <time>2026-07-12T18:44:22Z</time>
   </trkpt>
   <trkpt lat="48.9544480" lon="9.0828020">
    <ele>253.7</ele>
    <time>2026-07-12T18:44:23Z</time>
   </trkpt>
   <trkpt lat="48.9544430" lon="9.0829310">
    <ele>253.6</ele>
    <time>2026-07-12T18:44:24Z</time>
   </trkpt>
   <trkpt lat="48.9544410" lon="9.0830510">
    <ele>253.6</ele>
    <time>2026-07-12T18:44:25Z</time>
   </trkpt>
   <trkpt lat="48.9544400" lon="9.0831690">
    <ele>253.5</ele>
    <time>2026-07-12T18:44:26Z</time>
   </trkpt>
   <trkpt lat="48.9544340" lon="9.0832890">
    <ele>253.5</ele>
    <time>2026-07-12T18:44:27Z</time>
   </trkpt>
   <trkpt lat="48.9544310" lon="9.0834070">
    <ele>253.4</ele>
    <time>2026-07-12T18:44:28Z</time>
   </trkpt>
   <trkpt lat="48.9544250" lon="9.0835300">
    <ele>253.3</ele>
    <time>2026-07-12T18:44:29Z</time>
   </trkpt>
   <trkpt lat="48.9544230" lon="9.0836500">
    <ele>253.2</ele>
    <time>2026-07-12T18:44:30Z</time>
   </trkpt>
   <trkpt lat="48.9544190" lon="9.0837740">
    <ele>253.1</ele>
    <time>2026-07-12T18:44:31Z</time>
   </trkpt>
   <trkpt lat="48.9544170" lon="9.0838990">
    <ele>253.0</ele>
    <time>2026-07-12T18:44:32Z</time>
   </trkpt>
   <trkpt lat="48.9544040" lon="9.0841400">
    <ele>252.7</ele>
    <time>2026-07-12T18:44:33Z</time>
   </trkpt>
   <trkpt lat="48.9544020" lon="9.0842660">
    <ele>252.6</ele>
    <time>2026-07-12T18:44:34Z</time>
   </trkpt>
   <trkpt lat="48.9544040" lon="9.0843950">
    <ele>252.5</ele>
    <time>2026-07-12T18:44:35Z</time>
   </trkpt>
   <trkpt lat="48.9544010" lon="9.0845210">
    <ele>252.3</ele>
    <time>2026-07-12T18:44:36Z</time>
   </trkpt>
   <trkpt lat="48.9543970" lon="9.0846460">
    <ele>252.2</ele>
    <time>2026-07-12T18:44:37Z</time>
   </trkpt>
   <trkpt lat="48.9543950" lon="9.0847120">
    <ele>252.1</ele>
    <time>2026-07-12T18:44:38Z</time>
   </trkpt>
   <trkpt lat="48.9543930" lon="9.0847780">
    <ele>252.0</ele>
    <time>2026-07-12T18:44:39Z</time>
   </trkpt>
   <trkpt lat="48.9543910" lon="9.0849070">
    <ele>251.9</ele>
    <time>2026-07-12T18:44:40Z</time>
   </trkpt>
   <trkpt lat="48.9543860" lon="9.0850380">
    <ele>251.7</ele>
    <time>2026-07-12T18:44:41Z</time>
   </trkpt>
   <trkpt lat="48.9543820" lon="9.0852960">
    <ele>251.4</ele>
    <time>2026-07-12T18:44:42Z</time>
   </trkpt>
   <trkpt lat="48.9543800" lon="9.0853620">
    <ele>251.3</ele>
    <time>2026-07-12T18:44:43Z</time>
   </trkpt>
   <trkpt lat="48.9543780" lon="9.0854280">
    <ele>251.3</ele>
    <time>2026-07-12T18:44:44Z</time>
   </trkpt>
   <trkpt lat="48.9543740" lon="9.0855630">
    <ele>251.1</ele>
    <time>2026-07-12T18:44:45Z</time>
   </trkpt>
   <trkpt lat="48.9543710" lon="9.0856980">
    <ele>251.0</ele>
    <time>2026-07-12T18:44:46Z</time>
   </trkpt>
   <trkpt lat="48.9543670" lon="9.0858300">
    <ele>250.8</ele>
    <time>2026-07-12T18:44:47Z</time>
   </trkpt>
   <trkpt lat="48.9543640" lon="9.0859610">
    <ele>250.7</ele>
    <time>2026-07-12T18:44:48Z</time>
   </trkpt>
   <trkpt lat="48.9543530" lon="9.0862290">
    <ele>250.5</ele>
    <time>2026-07-12T18:44:49Z</time>
   </trkpt>
   <trkpt lat="48.9543520" lon="9.0862970">
    <ele>250.4</ele>
    <time>2026-07-12T18:44:50Z</time>
   </trkpt>
   <trkpt lat="48.9543500" lon="9.0863640">
    <ele>250.4</ele>
    <time>2026-07-12T18:44:51Z</time>
   </trkpt>
   <trkpt lat="48.9543450" lon="9.0864990">
    <ele>250.3</ele>
    <time>2026-07-12T18:44:52Z</time>
   </trkpt>
   <trkpt lat="48.9543400" lon="9.0866300">
    <ele>250.2</ele>
    <time>2026-07-12T18:44:53Z</time>
   </trkpt>
   <trkpt lat="48.9543360" lon="9.0867630">
    <ele>250.1</ele>
    <time>2026-07-12T18:44:54Z</time>
   </trkpt>
   <trkpt lat="48.9543360" lon="9.0868940">
    <ele>250.0</ele>
    <time>2026-07-12T18:44:55Z</time>
   </trkpt>
   <trkpt lat="48.9543340" lon="9.0870300">
    <ele>249.9</ele>
    <time>2026-07-12T18:44:56Z</time>
   </trkpt>
   <trkpt lat="48.9543330" lon="9.0871620">
    <ele>249.9</ele>
    <time>2026-07-12T18:44:57Z</time>
   </trkpt>
   <trkpt lat="48.9543320" lon="9.0872900">
    <ele>249.9</ele>
    <time>2026-07-12T18:44:58Z</time>
   </trkpt>
   <trkpt lat="48.9543270" lon="9.0874200">
    <ele>249.9</ele>
    <time>2026-07-12T18:44:59Z</time>
   </trkpt>
   <trkpt lat="48.9543240" lon="9.0875480">
    <ele>249.9</ele>
    <time>2026-07-12T18:45:00Z</time>
   </trkpt>
   <trkpt lat="48.9543190" lon="9.0876780">
    <ele>249.9</ele>
    <time>2026-07-12T18:45:01Z</time>
   </trkpt>
   <trkpt lat="48.9543140" lon="9.0878030">
    <ele>249.9</ele>
    <time>2026-07-12T18:45:02Z</time>
   </trkpt>
   <trkpt lat="48.9543100" lon="9.0879240">
    <ele>249.9</ele>
    <time>2026-07-12T18:45:03Z</time>
   </trkpt>
   <trkpt lat="48.9543050" lon="9.0881700">
    <ele>249.8</ele>
    <time>2026-07-12T18:45:04Z</time>
   </trkpt>
   <trkpt lat="48.9543040" lon="9.0882310">
    <ele>249.8</ele>
    <time>2026-07-12T18:45:05Z</time>
   </trkpt>
   <trkpt lat="48.9543030" lon="9.0882910">
    <ele>249.8</ele>
    <time>2026-07-12T18:45:06Z</time>
   </trkpt>
   <trkpt lat="48.9542950" lon="9.0885300">
    <ele>249.7</ele>
    <time>2026-07-12T18:45:07Z</time>
   </trkpt>
   <trkpt lat="48.9542910" lon="9.0886520">
    <ele>249.6</ele>
    <time>2026-07-12T18:45:08Z</time>
   </trkpt>
   <trkpt lat="48.9542860" lon="9.0887730">
    <ele>249.6</ele>
    <time>2026-07-12T18:45:09Z</time>
   </trkpt>
   <trkpt lat="48.9542840" lon="9.0888940">
    <ele>249.5</ele>
    <time>2026-07-12T18:45:10Z</time>
   </trkpt>
   <trkpt lat="48.9542820" lon="9.0890140">
    <ele>249.4</ele>
    <time>2026-07-12T18:45:11Z</time>
   </trkpt>
   <trkpt lat="48.9542820" lon="9.0890720">
    <ele>249.4</ele>
    <time>2026-07-12T18:45:12Z</time>
   </trkpt>
   <trkpt lat="48.9542820" lon="9.0891290">
    <ele>249.3</ele>
    <time>2026-07-12T18:45:13Z</time>
   </trkpt>
   <trkpt lat="48.9542790" lon="9.0892500">
    <ele>249.2</ele>
    <time>2026-07-12T18:45:14Z</time>
   </trkpt>
   <trkpt lat="48.9542780" lon="9.0893680">
    <ele>249.2</ele>
    <time>2026-07-12T18:45:15Z</time>
   </trkpt>
   <trkpt lat="48.9542740" lon="9.0894850">
    <ele>249.1</ele>
    <time>2026-07-12T18:45:16Z</time>
   </trkpt>
   <trkpt lat="48.9542710" lon="9.0896040">
    <ele>249.0</ele>
    <time>2026-07-12T18:45:17Z</time>
   </trkpt>
   <trkpt lat="48.9542670" lon="9.0897230">
    <ele>248.9</ele>
    <time>2026-07-12T18:45:18Z</time>
   </trkpt>
   <trkpt lat="48.9542650" lon="9.0898390">
    <ele>248.8</ele>
    <time>2026-07-12T18:45:19Z</time>
   </trkpt>
   <trkpt lat="48.9542600" lon="9.0899530">
    <ele>248.7</ele>
    <time>2026-07-12T18:45:20Z</time>
   </trkpt>
   <trkpt lat="48.9542600" lon="9.0900700">
    <ele>248.6</ele>
    <time>2026-07-12T18:45:21Z</time>
   </trkpt>
   <trkpt lat="48.9542620" lon="9.0901830">
    <ele>248.4</ele>
    <time>2026-07-12T18:45:22Z</time>
   </trkpt>
   <trkpt lat="48.9542690" lon="9.0903000">
    <ele>248.2</ele>
    <time>2026-07-12T18:45:23Z</time>
   </trkpt>
   <trkpt lat="48.9542910" lon="9.0904110">
    <ele>248.1</ele>
    <time>2026-07-12T18:45:24Z</time>
   </trkpt>
   <trkpt lat="48.9543060" lon="9.0905330">
    <ele>247.9</ele>
    <time>2026-07-12T18:45:25Z</time>
   </trkpt>
   <trkpt lat="48.9543220" lon="9.0906560">
    <ele>247.7</ele>
    <time>2026-07-12T18:45:26Z</time>
   </trkpt>
   <trkpt lat="48.9543410" lon="9.0907670">
    <ele>247.5</ele>
    <time>2026-07-12T18:45:27Z</time>
   </trkpt>
   <trkpt lat="48.9543570" lon="9.0908900">
    <ele>247.3</ele>
    <time>2026-07-12T18:45:28Z</time>
   </trkpt>
   <trkpt lat="48.9543750" lon="9.0910030">
    <ele>247.1</ele>
    <time>2026-07-12T18:45:29Z</time>
   </trkpt>
   <trkpt lat="48.9543910" lon="9.0911250">
    <ele>246.9</ele>
    <time>2026-07-12T18:45:30Z</time>
   </trkpt>
   <trkpt lat="48.9544060" lon="9.0912460">
    <ele>246.7</ele>
    <time>2026-07-12T18:45:31Z</time>
   </trkpt>
   <trkpt lat="48.9544220" lon="9.0913700">
    <ele>246.5</ele>
    <time>2026-07-12T18:45:32Z</time>
   </trkpt>
   <trkpt lat="48.9544380" lon="9.0914940">
    <ele>246.4</ele>
    <time>2026-07-12T18:45:33Z</time>
   </trkpt>
   <trkpt lat="48.9544590" lon="9.0916080">
    <ele>246.2</ele>
    <time>2026-07-12T18:45:34Z</time>
   </trkpt>
   <trkpt lat="48.9544820" lon="9.0918660">
    <ele>245.8</ele>
    <time>2026-07-12T18:45:35Z</time>
   </trkpt>
   <trkpt lat="48.9544890" lon="9.0919290">
    <ele>245.7</ele>
    <time>2026-07-12T18:45:36Z</time>
   </trkpt>
   <trkpt lat="48.9544960" lon="9.0919910">
    <ele>245.6</ele>
    <time>2026-07-12T18:45:37Z</time>
   </trkpt>
   <trkpt lat="48.9545240" lon="9.0922490">
    <ele>245.2</ele>
    <time>2026-07-12T18:45:38Z</time>
   </trkpt>
   <trkpt lat="48.9545320" lon="9.0923130">
    <ele>245.1</ele>
    <time>2026-07-12T18:45:39Z</time>
   </trkpt>
   <trkpt lat="48.9545400" lon="9.0923770">
    <ele>245.1</ele>
    <time>2026-07-12T18:45:40Z</time>
   </trkpt>
   <trkpt lat="48.9545600" lon="9.0925000">
    <ele>245.0</ele>
    <time>2026-07-12T18:45:41Z</time>
   </trkpt>
   <trkpt lat="48.9545740" lon="9.0926280">
    <ele>244.8</ele>
    <time>2026-07-12T18:45:42Z</time>
   </trkpt>
   <trkpt lat="48.9545890" lon="9.0927560">
    <ele>244.7</ele>
    <time>2026-07-12T18:45:43Z</time>
   </trkpt>
   <trkpt lat="48.9546050" lon="9.0928860">
    <ele>244.6</ele>
    <time>2026-07-12T18:45:44Z</time>
   </trkpt>
   <trkpt lat="48.9546210" lon="9.0930140">
    <ele>244.5</ele>
    <time>2026-07-12T18:45:45Z</time>
   </trkpt>
   <trkpt lat="48.9546410" lon="9.0931390">
    <ele>244.4</ele>
    <time>2026-07-12T18:45:46Z</time>
   </trkpt>
   <trkpt lat="48.9546560" lon="9.0932680">
    <ele>244.3</ele>
    <time>2026-07-12T18:45:47Z</time>
   </trkpt>
   <trkpt lat="48.9546720" lon="9.0933970">
    <ele>244.3</ele>
    <time>2026-07-12T18:45:48Z</time>
   </trkpt>
   <trkpt lat="48.9546840" lon="9.0935280">
    <ele>244.2</ele>
    <time>2026-07-12T18:45:49Z</time>
   </trkpt>
   <trkpt lat="48.9546950" lon="9.0936550">
    <ele>244.2</ele>
    <time>2026-07-12T18:45:50Z</time>
   </trkpt>
   <trkpt lat="48.9546990" lon="9.0937880">
    <ele>244.1</ele>
    <time>2026-07-12T18:45:51Z</time>
   </trkpt>
   <trkpt lat="48.9547060" lon="9.0939180">
    <ele>244.0</ele>
    <time>2026-07-12T18:45:52Z</time>
   </trkpt>
   <trkpt lat="48.9547140" lon="9.0940440">
    <ele>243.9</ele>
    <time>2026-07-12T18:45:53Z</time>
   </trkpt>
   <trkpt lat="48.9547180" lon="9.0941760">
    <ele>243.8</ele>
    <time>2026-07-12T18:45:54Z</time>
   </trkpt>
   <trkpt lat="48.9547230" lon="9.0943010">
    <ele>243.7</ele>
    <time>2026-07-12T18:45:55Z</time>
   </trkpt>
   <trkpt lat="48.9547360" lon="9.0944090">
    <ele>243.7</ele>
    <time>2026-07-12T18:45:56Z</time>
   </trkpt>
   <trkpt lat="48.9547450" lon="9.0946630">
    <ele>243.5</ele>
    <time>2026-07-12T18:45:57Z</time>
   </trkpt>
   <trkpt lat="48.9547490" lon="9.0947260">
    <ele>243.4</ele>
    <time>2026-07-12T18:45:58Z</time>
   </trkpt>
   <trkpt lat="48.9547530" lon="9.0947880">
    <ele>243.4</ele>
    <time>2026-07-12T18:45:59Z</time>
   </trkpt>
   <trkpt lat="48.9547640" lon="9.0950450">
    <ele>243.2</ele>
    <time>2026-07-12T18:46:00Z</time>
   </trkpt>
   <trkpt lat="48.9547690" lon="9.0951720">
    <ele>243.1</ele>
    <time>2026-07-12T18:46:01Z</time>
   </trkpt>
   <trkpt lat="48.9547750" lon="9.0952980">
    <ele>243.0</ele>
    <time>2026-07-12T18:46:02Z</time>
   </trkpt>
   <trkpt lat="48.9547800" lon="9.0954230">
    <ele>242.9</ele>
    <time>2026-07-12T18:46:03Z</time>
   </trkpt>
   <trkpt lat="48.9547870" lon="9.0955470">
    <ele>242.8</ele>
    <time>2026-07-12T18:46:04Z</time>
   </trkpt>
   <trkpt lat="48.9547950" lon="9.0956750">
    <ele>242.7</ele>
    <time>2026-07-12T18:46:05Z</time>
   </trkpt>
   <trkpt lat="48.9548020" lon="9.0958040">
    <ele>242.6</ele>
    <time>2026-07-12T18:46:06Z</time>
   </trkpt>
   <trkpt lat="48.9548050" lon="9.0958690">
    <ele>242.6</ele>
    <time>2026-07-12T18:46:07Z</time>
   </trkpt>
   <trkpt lat="48.9548080" lon="9.0959330">
    <ele>242.5</ele>
    <time>2026-07-12T18:46:08Z</time>
   </trkpt>
   <trkpt lat="48.9548170" lon="9.0960580">
    <ele>242.4</ele>
    <time>2026-07-12T18:46:09Z</time>
   </trkpt>
   <trkpt lat="48.9548230" lon="9.0961850">
    <ele>242.3</ele>
    <time>2026-07-12T18:46:10Z</time>
   </trkpt>
   <trkpt lat="48.9548290" lon="9.0963110">
    <ele>242.2</ele>
    <time>2026-07-12T18:46:11Z</time>
   </trkpt>
   <trkpt lat="48.9548350" lon="9.0964410">
    <ele>242.0</ele>
    <time>2026-07-12T18:46:12Z</time>
   </trkpt>
   <trkpt lat="48.9548400" lon="9.0965740">
    <ele>241.8</ele>
    <time>2026-07-12T18:46:13Z</time>
   </trkpt>
   <trkpt lat="48.9548430" lon="9.0967050">
    <ele>241.7</ele>
    <time>2026-07-12T18:46:14Z</time>
   </trkpt>
   <trkpt lat="48.9548430" lon="9.0968380">
    <ele>241.5</ele>
    <time>2026-07-12T18:46:15Z</time>
   </trkpt>
   <trkpt lat="48.9548450" lon="9.0969670">
    <ele>241.3</ele>
    <time>2026-07-12T18:46:16Z</time>
   </trkpt>
   <trkpt lat="48.9548470" lon="9.0970970">
    <ele>241.2</ele>
    <time>2026-07-12T18:46:17Z</time>
   </trkpt>
   <trkpt lat="48.9548430" lon="9.0972290">
    <ele>241.0</ele>
    <time>2026-07-12T18:46:18Z</time>
   </trkpt>
   <trkpt lat="48.9548340" lon="9.0973560">
    <ele>240.9</ele>
    <time>2026-07-12T18:46:19Z</time>
   </trkpt>
   <trkpt lat="48.9548250" lon="9.0974820">
    <ele>240.8</ele>
    <time>2026-07-12T18:46:20Z</time>
   </trkpt>
   <trkpt lat="48.9548080" lon="9.0976090">
    <ele>240.7</ele>
    <time>2026-07-12T18:46:21Z</time>
   </trkpt>
   <trkpt lat="48.9547880" lon="9.0977350">
    <ele>240.5</ele>
    <time>2026-07-12T18:46:22Z</time>
   </trkpt>
   <trkpt lat="48.9547680" lon="9.0978580">
    <ele>240.4</ele>
    <time>2026-07-12T18:46:23Z</time>
   </trkpt>
   <trkpt lat="48.9547520" lon="9.0979870">
    <ele>240.3</ele>
    <time>2026-07-12T18:46:24Z</time>
   </trkpt>
   <trkpt lat="48.9547310" lon="9.0981120">
    <ele>240.2</ele>
    <time>2026-07-12T18:46:25Z</time>
   </trkpt>
   <trkpt lat="48.9547090" lon="9.0982380">
    <ele>240.2</ele>
    <time>2026-07-12T18:46:26Z</time>
   </trkpt>
   <trkpt lat="48.9546860" lon="9.0983620">
    <ele>240.1</ele>
    <time>2026-07-12T18:46:27Z</time>
   </trkpt>
   <trkpt lat="48.9546510" lon="9.0986120">
    <ele>239.9</ele>
    <time>2026-07-12T18:46:28Z</time>
   </trkpt>
   <trkpt lat="48.9546300" lon="9.0987410">
    <ele>239.8</ele>
    <time>2026-07-12T18:46:29Z</time>
   </trkpt>
   <trkpt lat="48.9546090" lon="9.0988690">
    <ele>239.7</ele>
    <time>2026-07-12T18:46:30Z</time>
   </trkpt>
   <trkpt lat="48.9545890" lon="9.0989930">
    <ele>239.5</ele>
    <time>2026-07-12T18:46:31Z</time>
   </trkpt>
   <trkpt lat="48.9545680" lon="9.0991170">
    <ele>239.4</ele>
    <time>2026-07-12T18:46:32Z</time>
   </trkpt>
   <trkpt lat="48.9545500" lon="9.0992440">
    <ele>239.2</ele>
    <time>2026-07-12T18:46:33Z</time>
   </trkpt>
   <trkpt lat="48.9545390" lon="9.0993050">
    <ele>239.1</ele>
    <time>2026-07-12T18:46:34Z</time>
   </trkpt>
   <trkpt lat="48.9545280" lon="9.0993660">
    <ele>239.1</ele>
    <time>2026-07-12T18:46:35Z</time>
   </trkpt>
   <trkpt lat="48.9545070" lon="9.0994890">
    <ele>238.9</ele>
    <time>2026-07-12T18:46:36Z</time>
   </trkpt>
   <trkpt lat="48.9544850" lon="9.0996150">
    <ele>238.7</ele>
    <time>2026-07-12T18:46:37Z</time>
   </trkpt>
   <trkpt lat="48.9544670" lon="9.0997430">
    <ele>238.6</ele>
    <time>2026-07-12T18:46:38Z</time>
   </trkpt>
   <trkpt lat="48.9544440" lon="9.0998740">
    <ele>238.4</ele>
    <time>2026-07-12T18:46:39Z</time>
   </trkpt>
   <trkpt lat="48.9544240" lon="9.1000010">
    <ele>238.3</ele>
    <time>2026-07-12T18:46:40Z</time>
   </trkpt>
   <trkpt lat="48.9544040" lon="9.1001310">
    <ele>238.2</ele>
    <time>2026-07-12T18:46:41Z</time>
   </trkpt>
   <trkpt lat="48.9543860" lon="9.1002630">
    <ele>238.0</ele>
    <time>2026-07-12T18:46:42Z</time>
   </trkpt>
   <trkpt lat="48.9543640" lon="9.1003900">
    <ele>237.9</ele>
    <time>2026-07-12T18:46:43Z</time>
   </trkpt>
   <trkpt lat="48.9543450" lon="9.1005210">
    <ele>237.8</ele>
    <time>2026-07-12T18:46:44Z</time>
   </trkpt>
   <trkpt lat="48.9543220" lon="9.1006470">
    <ele>237.8</ele>
    <time>2026-07-12T18:46:45Z</time>
   </trkpt>
   <trkpt lat="48.9542990" lon="9.1007710">
    <ele>237.7</ele>
    <time>2026-07-12T18:46:46Z</time>
   </trkpt>
   <trkpt lat="48.9542790" lon="9.1009060">
    <ele>237.7</ele>
    <time>2026-07-12T18:46:47Z</time>
   </trkpt>
   <trkpt lat="48.9542620" lon="9.1010290">
    <ele>237.6</ele>
    <time>2026-07-12T18:46:48Z</time>
   </trkpt>
   <trkpt lat="48.9542440" lon="9.1011560">
    <ele>237.5</ele>
    <time>2026-07-12T18:46:49Z</time>
   </trkpt>
   <trkpt lat="48.9542230" lon="9.1012880">
    <ele>237.4</ele>
    <time>2026-07-12T18:46:50Z</time>
   </trkpt>
   <trkpt lat="48.9542060" lon="9.1014180">
    <ele>237.4</ele>
    <time>2026-07-12T18:46:51Z</time>
   </trkpt>
   <trkpt lat="48.9541860" lon="9.1015450">
    <ele>237.3</ele>
    <time>2026-07-12T18:46:52Z</time>
   </trkpt>
   <trkpt lat="48.9541660" lon="9.1016750">
    <ele>237.2</ele>
    <time>2026-07-12T18:46:53Z</time>
   </trkpt>
   <trkpt lat="48.9541490" lon="9.1018020">
    <ele>237.2</ele>
    <time>2026-07-12T18:46:54Z</time>
   </trkpt>
   <trkpt lat="48.9541300" lon="9.1019320">
    <ele>237.1</ele>
    <time>2026-07-12T18:46:55Z</time>
   </trkpt>
   <trkpt lat="48.9541110" lon="9.1020670">
    <ele>237.0</ele>
    <time>2026-07-12T18:46:56Z</time>
   </trkpt>
   <trkpt lat="48.9540900" lon="9.1021950">
    <ele>236.9</ele>
    <time>2026-07-12T18:46:57Z</time>
   </trkpt>
   <trkpt lat="48.9540680" lon="9.1023170">
    <ele>236.9</ele>
    <time>2026-07-12T18:46:58Z</time>
   </trkpt>
   <trkpt lat="48.9540480" lon="9.1024410">
    <ele>236.8</ele>
    <time>2026-07-12T18:46:59Z</time>
   </trkpt>
   <trkpt lat="48.9540300" lon="9.1025610">
    <ele>236.7</ele>
    <time>2026-07-12T18:47:00Z</time>
   </trkpt>
   <trkpt lat="48.9540090" lon="9.1026880">
    <ele>236.6</ele>
    <time>2026-07-12T18:47:01Z</time>
   </trkpt>
   <trkpt lat="48.9539920" lon="9.1028140">
    <ele>236.5</ele>
    <time>2026-07-12T18:47:02Z</time>
   </trkpt>
   <trkpt lat="48.9539660" lon="9.1030680">
    <ele>236.2</ele>
    <time>2026-07-12T18:47:03Z</time>
   </trkpt>
   <trkpt lat="48.9539650" lon="9.1031350">
    <ele>236.1</ele>
    <time>2026-07-12T18:47:04Z</time>
   </trkpt>
   <trkpt lat="48.9539630" lon="9.1032010">
    <ele>236.0</ele>
    <time>2026-07-12T18:47:05Z</time>
   </trkpt>
   <trkpt lat="48.9539670" lon="9.1033320">
    <ele>235.9</ele>
    <time>2026-07-12T18:47:06Z</time>
   </trkpt>
   <trkpt lat="48.9539680" lon="9.1034620">
    <ele>235.8</ele>
    <time>2026-07-12T18:47:07Z</time>
   </trkpt>
   <trkpt lat="48.9539710" lon="9.1035880">
    <ele>235.6</ele>
    <time>2026-07-12T18:47:08Z</time>
   </trkpt>
   <trkpt lat="48.9539740" lon="9.1037140">
    <ele>235.4</ele>
    <time>2026-07-12T18:47:09Z</time>
   </trkpt>
   <trkpt lat="48.9539830" lon="9.1039650">
    <ele>234.9</ele>
    <time>2026-07-12T18:47:10Z</time>
   </trkpt>
   <trkpt lat="48.9539850" lon="9.1040310">
    <ele>234.8</ele>
    <time>2026-07-12T18:47:11Z</time>
   </trkpt>
   <trkpt lat="48.9539870" lon="9.1040970">
    <ele>234.7</ele>
    <time>2026-07-12T18:47:12Z</time>
   </trkpt>
   <trkpt lat="48.9539910" lon="9.1042340">
    <ele>234.4</ele>
    <time>2026-07-12T18:47:13Z</time>
   </trkpt>
   <trkpt lat="48.9539940" lon="9.1043660">
    <ele>234.1</ele>
    <time>2026-07-12T18:47:14Z</time>
   </trkpt>
   <trkpt lat="48.9539980" lon="9.1044990">
    <ele>233.9</ele>
    <time>2026-07-12T18:47:15Z</time>
   </trkpt>
   <trkpt lat="48.9540000" lon="9.1046310">
    <ele>233.7</ele>
    <time>2026-07-12T18:47:16Z</time>
   </trkpt>
   <trkpt lat="48.9540000" lon="9.1047700">
    <ele>233.4</ele>
    <time>2026-07-12T18:47:17Z</time>
   </trkpt>
   <trkpt lat="48.9539990" lon="9.1049070">
    <ele>233.2</ele>
    <time>2026-07-12T18:47:18Z</time>
   </trkpt>
   <trkpt lat="48.9540080" lon="9.1050270">
    <ele>233.0</ele>
    <time>2026-07-12T18:47:19Z</time>
   </trkpt>
   <trkpt lat="48.9540060" lon="9.1051620">
    <ele>232.7</ele>
    <time>2026-07-12T18:47:20Z</time>
   </trkpt>
   <trkpt lat="48.9540060" lon="9.1052960">
    <ele>232.5</ele>
    <time>2026-07-12T18:47:21Z</time>
   </trkpt>
   <trkpt lat="48.9540170" lon="9.1054450">
    <ele>232.2</ele>
    <time>2026-07-12T18:47:22Z</time>
   </trkpt>
   <trkpt lat="48.9540190" lon="9.1055810">
    <ele>232.0</ele>
    <time>2026-07-12T18:47:23Z</time>
   </trkpt>
   <trkpt lat="48.9540210" lon="9.1057180">
    <ele>231.7</ele>
    <time>2026-07-12T18:47:24Z</time>
   </trkpt>
   <trkpt lat="48.9540230" lon="9.1058530">
    <ele>231.5</ele>
    <time>2026-07-12T18:47:25Z</time>
   </trkpt>
   <trkpt lat="48.9540230" lon="9.1059920">
    <ele>231.2</ele>
    <time>2026-07-12T18:47:26Z</time>
   </trkpt>
   <trkpt lat="48.9540300" lon="9.1061280">
    <ele>231.0</ele>
    <time>2026-07-12T18:47:27Z</time>
   </trkpt>
   <trkpt lat="48.9540340" lon="9.1062640">
    <ele>230.7</ele>
    <time>2026-07-12T18:47:28Z</time>
   </trkpt>
   <trkpt lat="48.9540400" lon="9.1065420">
    <ele>230.2</ele>
    <time>2026-07-12T18:47:29Z</time>
   </trkpt>
   <trkpt lat="48.9540430" lon="9.1066740">
    <ele>230.0</ele>
    <time>2026-07-12T18:47:30Z</time>
   </trkpt>
   <trkpt lat="48.9540490" lon="9.1068010">
    <ele>229.8</ele>
    <time>2026-07-12T18:47:31Z</time>
   </trkpt>
   <trkpt lat="48.9540560" lon="9.1069330">
    <ele>229.6</ele>
    <time>2026-07-12T18:47:32Z</time>
   </trkpt>
   <trkpt lat="48.9540540" lon="9.1069980">
    <ele>229.5</ele>
    <time>2026-07-12T18:47:33Z</time>
   </trkpt>
   <trkpt lat="48.9540520" lon="9.1070620">
    <ele>229.4</ele>
    <time>2026-07-12T18:47:34Z</time>
   </trkpt>
   <trkpt lat="48.9540570" lon="9.1071960">
    <ele>229.2</ele>
    <time>2026-07-12T18:47:35Z</time>
   </trkpt>
   <trkpt lat="48.9540600" lon="9.1073220">
    <ele>229.0</ele>
    <time>2026-07-12T18:47:36Z</time>
   </trkpt>
   <trkpt lat="48.9540630" lon="9.1074550">
    <ele>228.7</ele>
    <time>2026-07-12T18:47:37Z</time>
   </trkpt>
   <trkpt lat="48.9540680" lon="9.1075840">
    <ele>228.4</ele>
    <time>2026-07-12T18:47:38Z</time>
   </trkpt>
   <trkpt lat="48.9540730" lon="9.1077150">
    <ele>228.2</ele>
    <time>2026-07-12T18:47:39Z</time>
   </trkpt>
   <trkpt lat="48.9540770" lon="9.1078490">
    <ele>227.9</ele>
    <time>2026-07-12T18:47:40Z</time>
   </trkpt>
   <trkpt lat="48.9540810" lon="9.1079800">
    <ele>227.7</ele>
    <time>2026-07-12T18:47:41Z</time>
   </trkpt>
   <trkpt lat="48.9540840" lon="9.1081150">
    <ele>227.4</ele>
    <time>2026-07-12T18:47:42Z</time>
   </trkpt>
   <trkpt lat="48.9540900" lon="9.1082470">
    <ele>227.2</ele>
    <time>2026-07-12T18:47:43Z</time>
   </trkpt>
   <trkpt lat="48.9540930" lon="9.1083790">
    <ele>227.0</ele>
    <time>2026-07-12T18:47:44Z</time>
   </trkpt>
   <trkpt lat="48.9540980" lon="9.1085120">
    <ele>226.8</ele>
    <time>2026-07-12T18:47:45Z</time>
   </trkpt>
   <trkpt lat="48.9541000" lon="9.1086490">
    <ele>226.6</ele>
    <time>2026-07-12T18:47:46Z</time>
   </trkpt>
   <trkpt lat="48.9541010" lon="9.1087820">
    <ele>226.4</ele>
    <time>2026-07-12T18:47:47Z</time>
   </trkpt>
   <trkpt lat="48.9541040" lon="9.1089120">
    <ele>226.2</ele>
    <time>2026-07-12T18:47:48Z</time>
   </trkpt>
   <trkpt lat="48.9541050" lon="9.1090440">
    <ele>226.0</ele>
    <time>2026-07-12T18:47:49Z</time>
   </trkpt>
   <trkpt lat="48.9541080" lon="9.1091760">
    <ele>225.7</ele>
    <time>2026-07-12T18:47:50Z</time>
   </trkpt>
   <trkpt lat="48.9541130" lon="9.1093070">
    <ele>225.5</ele>
    <time>2026-07-12T18:47:51Z</time>
   </trkpt>
   <trkpt lat="48.9541190" lon="9.1094390">
    <ele>225.3</ele>
    <time>2026-07-12T18:47:52Z</time>
   </trkpt>
   <trkpt lat="48.9541280" lon="9.1095690">
    <ele>225.2</ele>
    <time>2026-07-12T18:47:53Z</time>
   </trkpt>
   <trkpt lat="48.9541460" lon="9.1096950">
    <ele>225.0</ele>
    <time>2026-07-12T18:47:54Z</time>
   </trkpt>
   <trkpt lat="48.9541640" lon="9.1098220">
    <ele>224.8</ele>
    <time>2026-07-12T18:47:55Z</time>
   </trkpt>
   <trkpt lat="48.9541750" lon="9.1099580">
    <ele>224.5</ele>
    <time>2026-07-12T18:47:56Z</time>
   </trkpt>
   <trkpt lat="48.9541840" lon="9.1100950">
    <ele>224.3</ele>
    <time>2026-07-12T18:47:57Z</time>
   </trkpt>
   <trkpt lat="48.9541910" lon="9.1102340">
    <ele>224.1</ele>
    <time>2026-07-12T18:47:58Z</time>
   </trkpt>
   <trkpt lat="48.9541970" lon="9.1103710">
    <ele>223.8</ele>
    <time>2026-07-12T18:47:59Z</time>
   </trkpt>
   <trkpt lat="48.9542010" lon="9.1105140">
    <ele>223.5</ele>
    <time>2026-07-12T18:48:00Z</time>
   </trkpt>
   <trkpt lat="48.9542090" lon="9.1107990">
    <ele>223.0</ele>
    <time>2026-07-12T18:48:01Z</time>
   </trkpt>
   <trkpt lat="48.9542120" lon="9.1108690">
    <ele>222.9</ele>
    <time>2026-07-12T18:48:02Z</time>
   </trkpt>
   <trkpt lat="48.9542150" lon="9.1109390">
    <ele>222.8</ele>
    <time>2026-07-12T18:48:03Z</time>
   </trkpt>
   <trkpt lat="48.9542200" lon="9.1110810">
    <ele>222.5</ele>
    <time>2026-07-12T18:48:04Z</time>
   </trkpt>
   <trkpt lat="48.9542340" lon="9.1113580">
    <ele>222.1</ele>
    <time>2026-07-12T18:48:05Z</time>
   </trkpt>
   <trkpt lat="48.9542380" lon="9.1114240">
    <ele>222.0</ele>
    <time>2026-07-12T18:48:06Z</time>
   </trkpt>
   <trkpt lat="48.9542420" lon="9.1114910">
    <ele>221.9</ele>
    <time>2026-07-12T18:48:07Z</time>
   </trkpt>
   <trkpt lat="48.9542470" lon="9.1116270">
    <ele>221.7</ele>
    <time>2026-07-12T18:48:08Z</time>
   </trkpt>
   <trkpt lat="48.9542540" lon="9.1117610">
    <ele>221.5</ele>
    <time>2026-07-12T18:48:09Z</time>
   </trkpt>
   <trkpt lat="48.9542630" lon="9.1118980">
    <ele>221.3</ele>
    <time>2026-07-12T18:48:10Z</time>
   </trkpt>
   <trkpt lat="48.9542740" lon="9.1120310">
    <ele>221.1</ele>
    <time>2026-07-12T18:48:11Z</time>
   </trkpt>
   <trkpt lat="48.9542880" lon="9.1121680">
    <ele>220.9</ele>
    <time>2026-07-12T18:48:12Z</time>
   </trkpt>
   <trkpt lat="48.9543040" lon="9.1123000">
    <ele>220.7</ele>
    <time>2026-07-12T18:48:13Z</time>
   </trkpt>
   <trkpt lat="48.9543210" lon="9.1124310">
    <ele>220.6</ele>
    <time>2026-07-12T18:48:14Z</time>
   </trkpt>
   <trkpt lat="48.9543430" lon="9.1125570">
    <ele>220.4</ele>
    <time>2026-07-12T18:48:15Z</time>
   </trkpt>
   <trkpt lat="48.9543620" lon="9.1126890">
    <ele>220.2</ele>
    <time>2026-07-12T18:48:16Z</time>
   </trkpt>
   <trkpt lat="48.9543810" lon="9.1128190">
    <ele>220.1</ele>
    <time>2026-07-12T18:48:17Z</time>
   </trkpt>
   <trkpt lat="48.9543960" lon="9.1129520">
    <ele>219.9</ele>
    <time>2026-07-12T18:48:18Z</time>
   </trkpt>
   <trkpt lat="48.9544110" lon="9.1130860">
    <ele>219.8</ele>
    <time>2026-07-12T18:48:19Z</time>
   </trkpt>
   <trkpt lat="48.9544290" lon="9.1132170">
    <ele>219.7</ele>
    <time>2026-07-12T18:48:20Z</time>
   </trkpt>
   <trkpt lat="48.9544440" lon="9.1133490">
    <ele>219.6</ele>
    <time>2026-07-12T18:48:21Z</time>
   </trkpt>
   <trkpt lat="48.9544640" lon="9.1134760">
    <ele>219.5</ele>
    <time>2026-07-12T18:48:22Z</time>
   </trkpt>
   <trkpt lat="48.9544800" lon="9.1136090">
    <ele>219.4</ele>
    <time>2026-07-12T18:48:23Z</time>
   </trkpt>
   <trkpt lat="48.9544970" lon="9.1137380">
    <ele>219.4</ele>
    <time>2026-07-12T18:48:24Z</time>
   </trkpt>
   <trkpt lat="48.9545460" lon="9.1139770">
    <ele>219.3</ele>
    <time>2026-07-12T18:48:25Z</time>
   </trkpt>
   <trkpt lat="48.9545670" lon="9.1140290">
    <ele>219.3</ele>
    <time>2026-07-12T18:48:26Z</time>
   </trkpt>
   <trkpt lat="48.9545870" lon="9.1140810">
    <ele>219.3</ele>
    <time>2026-07-12T18:48:27Z</time>
   </trkpt>
   <trkpt lat="48.9546250" lon="9.1143300">
    <ele>218.9</ele>
    <time>2026-07-12T18:48:28Z</time>
   </trkpt>
   <trkpt lat="48.9546280" lon="9.1143970">
    <ele>218.8</ele>
    <time>2026-07-12T18:48:29Z</time>
   </trkpt>
   <trkpt lat="48.9546310" lon="9.1144640">
    <ele>218.7</ele>
    <time>2026-07-12T18:48:30Z</time>
   </trkpt>
   <trkpt lat="48.9546510" lon="9.1147130">
    <ele>218.2</ele>
    <time>2026-07-12T18:48:31Z</time>
   </trkpt>
   <trkpt lat="48.9546580" lon="9.1148400">
    <ele>218.0</ele>
    <time>2026-07-12T18:48:32Z</time>
   </trkpt>
   <trkpt lat="48.9546650" lon="9.1149670">
    <ele>217.7</ele>
    <time>2026-07-12T18:48:33Z</time>
   </trkpt>
   <trkpt lat="48.9546710" lon="9.1150990">
    <ele>217.5</ele>
    <time>2026-07-12T18:48:34Z</time>
   </trkpt>
   <trkpt lat="48.9546780" lon="9.1152340">
    <ele>217.2</ele>
    <time>2026-07-12T18:48:35Z</time>
   </trkpt>
   <trkpt lat="48.9546850" lon="9.1153690">
    <ele>217.0</ele>
    <time>2026-07-12T18:48:36Z</time>
   </trkpt>
   <trkpt lat="48.9546900" lon="9.1154340">
    <ele>216.9</ele>
    <time>2026-07-12T18:48:37Z</time>
   </trkpt>
   <trkpt lat="48.9546940" lon="9.1154980">
    <ele>216.8</ele>
    <time>2026-07-12T18:48:38Z</time>
   </trkpt>
   <trkpt lat="48.9547040" lon="9.1156220">
    <ele>216.7</ele>
    <time>2026-07-12T18:48:39Z</time>
   </trkpt>
   <trkpt lat="48.9547120" lon="9.1157500">
    <ele>216.5</ele>
    <time>2026-07-12T18:48:40Z</time>
   </trkpt>
   <trkpt lat="48.9547160" lon="9.1158820">
    <ele>216.3</ele>
    <time>2026-07-12T18:48:41Z</time>
   </trkpt>
   <trkpt lat="48.9547360" lon="9.1159990">
    <ele>216.1</ele>
    <time>2026-07-12T18:48:42Z</time>
   </trkpt>
   <trkpt lat="48.9547370" lon="9.1161130">
    <ele>215.9</ele>
    <time>2026-07-12T18:48:43Z</time>
   </trkpt>
   <trkpt lat="48.9546960" lon="9.1161950">
    <ele>215.7</ele>
    <time>2026-07-12T18:48:44Z</time>
   </trkpt>
   <trkpt lat="48.9546450" lon="9.1162450">
    <ele>215.3</ele>
    <time>2026-07-12T18:48:45Z</time>
   </trkpt>
   <trkpt lat="48.9545660" lon="9.1162520">
    <ele>214.9</ele>
    <time>2026-07-12T18:48:46Z</time>
   </trkpt>
   <trkpt lat="48.9544860" lon="9.1162260">
    <ele>214.6</ele>
    <time>2026-07-12T18:48:47Z</time>
   </trkpt>
   <trkpt lat="48.9544030" lon="9.1161980">
    <ele>214.4</ele>
    <time>2026-07-12T18:48:48Z</time>
   </trkpt>
   <trkpt lat="48.9543220" lon="9.1161720">
    <ele>214.2</ele>
    <time>2026-07-12T18:48:49Z</time>
   </trkpt>
   <trkpt lat="48.9542400" lon="9.1161470">
    <ele>214.2</ele>
    <time>2026-07-12T18:48:50Z</time>
   </trkpt>
   <trkpt lat="48.9541530" lon="9.1161200">
    <ele>214.2</ele>
    <time>2026-07-12T18:48:51Z</time>
   </trkpt>
   <trkpt lat="48.9540700" lon="9.1160920">
    <ele>214.2</ele>
    <time>2026-07-12T18:48:52Z</time>
   </trkpt>
   <trkpt lat="48.9539900" lon="9.1160640">
    <ele>214.3</ele>
    <time>2026-07-12T18:48:53Z</time>
   </trkpt>
   <trkpt lat="48.9539210" lon="9.1160350">
    <ele>214.3</ele>
    <time>2026-07-12T18:48:54Z</time>
   </trkpt>
   <trkpt lat="48.9538440" lon="9.1160150">
    <ele>214.3</ele>
    <time>2026-07-12T18:48:55Z</time>
   </trkpt>
   <trkpt lat="48.9537680" lon="9.1159900">
    <ele>214.3</ele>
    <time>2026-07-12T18:48:56Z</time>
   </trkpt>
   <trkpt lat="48.9536200" lon="9.1159360">
    <ele>214.0</ele>
    <time>2026-07-12T18:48:57Z</time>
   </trkpt>
   <trkpt lat="48.9535840" lon="9.1159220">
    <ele>214.0</ele>
    <time>2026-07-12T18:48:58Z</time>
   </trkpt>
   <trkpt lat="48.9535470" lon="9.1159080">
    <ele>213.9</ele>
    <time>2026-07-12T18:48:59Z</time>
   </trkpt>
   <trkpt lat="48.9534010" lon="9.1159240">
    <ele>213.4</ele>
    <time>2026-07-12T18:49:00Z</time>
   </trkpt>
   <trkpt lat="48.9533830" lon="9.1159710">
    <ele>213.3</ele>
    <time>2026-07-12T18:49:01Z</time>
   </trkpt>
   <trkpt lat="48.9533650" lon="9.1160170">
    <ele>213.2</ele>
    <time>2026-07-12T18:49:02Z</time>
   </trkpt>
   <trkpt lat="48.9533460" lon="9.1161220">
    <ele>212.9</ele>
    <time>2026-07-12T18:49:03Z</time>
   </trkpt>
   <trkpt lat="48.9533420" lon="9.1162440">
    <ele>212.7</ele>
    <time>2026-07-12T18:49:04Z</time>
   </trkpt>
   <trkpt lat="48.9533630" lon="9.1164940">
    <ele>212.2</ele>
    <time>2026-07-12T18:49:05Z</time>
   </trkpt>
   <trkpt lat="48.9533620" lon="9.1165590">
    <ele>212.1</ele>
    <time>2026-07-12T18:49:06Z</time>
   </trkpt>
   <trkpt lat="48.9533610" lon="9.1166240">
    <ele>212.0</ele>
    <time>2026-07-12T18:49:07Z</time>
   </trkpt>
   <trkpt lat="48.9533530" lon="9.1167590">
    <ele>211.8</ele>
    <time>2026-07-12T18:49:08Z</time>
   </trkpt>
   <trkpt lat="48.9533500" lon="9.1168990">
    <ele>211.5</ele>
    <time>2026-07-12T18:49:09Z</time>
   </trkpt>
   <trkpt lat="48.9533450" lon="9.1170390">
    <ele>211.2</ele>
    <time>2026-07-12T18:49:10Z</time>
   </trkpt>
   <trkpt lat="48.9533380" lon="9.1171720">
    <ele>210.9</ele>
    <time>2026-07-12T18:49:11Z</time>
   </trkpt>
   <trkpt lat="48.9533310" lon="9.1173070">
    <ele>210.6</ele>
    <time>2026-07-12T18:49:12Z</time>
   </trkpt>
   <trkpt lat="48.9533280" lon="9.1174440">
    <ele>210.4</ele>
    <time>2026-07-12T18:49:13Z</time>
   </trkpt>
   <trkpt lat="48.9533330" lon="9.1175780">
    <ele>210.1</ele>
    <time>2026-07-12T18:49:14Z</time>
   </trkpt>
   <trkpt lat="48.9533610" lon="9.1177080">
    <ele>209.9</ele>
    <time>2026-07-12T18:49:15Z</time>
   </trkpt>
   <trkpt lat="48.9533740" lon="9.1178500">
    <ele>209.7</ele>
    <time>2026-07-12T18:49:16Z</time>
   </trkpt>
   <trkpt lat="48.9533290" lon="9.1181440">
    <ele>209.1</ele>
    <time>2026-07-12T18:49:17Z</time>
   </trkpt>
   <trkpt lat="48.9532940" lon="9.1182890">
    <ele>208.8</ele>
    <time>2026-07-12T18:49:18Z</time>
   </trkpt>
   <trkpt lat="48.9532590" lon="9.1184340">
    <ele>208.5</ele>
    <time>2026-07-12T18:49:19Z</time>
   </trkpt>
   <trkpt lat="48.9532420" lon="9.1185080">
    <ele>208.3</ele>
    <time>2026-07-12T18:49:20Z</time>
   </trkpt>
   <trkpt lat="48.9532240" lon="9.1185810">
    <ele>208.2</ele>
    <time>2026-07-12T18:49:21Z</time>
   </trkpt>
   <trkpt lat="48.9531980" lon="9.1187380">
    <ele>207.9</ele>
    <time>2026-07-12T18:49:22Z</time>
   </trkpt>
   <trkpt lat="48.9531800" lon="9.1188810">
    <ele>207.7</ele>
    <time>2026-07-12T18:49:23Z</time>
   </trkpt>
   <trkpt lat="48.9531340" lon="9.1191710">
    <ele>207.3</ele>
    <time>2026-07-12T18:49:24Z</time>
   </trkpt>
   <trkpt lat="48.9530920" lon="9.1193060">
    <ele>207.1</ele>
    <time>2026-07-12T18:49:25Z</time>
   </trkpt>
   <trkpt lat="48.9530800" lon="9.1193780">
    <ele>207.0</ele>
    <time>2026-07-12T18:49:26Z</time>
   </trkpt>
   <trkpt lat="48.9530680" lon="9.1194500">
    <ele>206.9</ele>
    <time>2026-07-12T18:49:27Z</time>
   </trkpt>
   <trkpt lat="48.9530560" lon="9.1195940">
    <ele>206.7</ele>
    <time>2026-07-12T18:49:28Z</time>
   </trkpt>
   <trkpt lat="48.9530420" lon="9.1198940">
    <ele>206.4</ele>
    <time>2026-07-12T18:49:29Z</time>
   </trkpt>
   <trkpt lat="48.9530450" lon="9.1200230">
    <ele>206.3</ele>
    <time>2026-07-12T18:49:30Z</time>
   </trkpt>
   <trkpt lat="48.9530420" lon="9.1200870">
    <ele>206.3</ele>
    <time>2026-07-12T18:49:31Z</time>
   </trkpt>
   <trkpt lat="48.9530380" lon="9.1201500">
    <ele>206.2</ele>
    <time>2026-07-12T18:49:32Z</time>
   </trkpt>
   <trkpt lat="48.9530310" lon="9.1203000">
    <ele>206.0</ele>
    <time>2026-07-12T18:49:33Z</time>
   </trkpt>
   <trkpt lat="48.9530080" lon="9.1204380">
    <ele>205.7</ele>
    <time>2026-07-12T18:49:34Z</time>
   </trkpt>
   <trkpt lat="48.9529880" lon="9.1205860">
    <ele>205.5</ele>
    <time>2026-07-12T18:49:35Z</time>
   </trkpt>
   <trkpt lat="48.9529820" lon="9.1207290">
    <ele>205.3</ele>
    <time>2026-07-12T18:49:36Z</time>
   </trkpt>
   <trkpt lat="48.9529810" lon="9.1208780">
    <ele>205.2</ele>
    <time>2026-07-12T18:49:37Z</time>
   </trkpt>
   <trkpt lat="48.9529640" lon="9.1210220">
    <ele>205.2</ele>
    <time>2026-07-12T18:49:38Z</time>
   </trkpt>
   <trkpt lat="48.9529590" lon="9.1211670">
    <ele>205.3</ele>
    <time>2026-07-12T18:49:39Z</time>
   </trkpt>
   <trkpt lat="48.9529670" lon="9.1213090">
    <ele>205.4</ele>
    <time>2026-07-12T18:49:40Z</time>
   </trkpt>
   <trkpt lat="48.9529840" lon="9.1214250">
    <ele>205.4</ele>
    <time>2026-07-12T18:49:41Z</time>
   </trkpt>
   <trkpt lat="48.9529820" lon="9.1215480">
    <ele>205.5</ele>
    <time>2026-07-12T18:49:42Z</time>
   </trkpt>
   <trkpt lat="48.9529680" lon="9.1216530">
    <ele>205.7</ele>
    <time>2026-07-12T18:49:43Z</time>
   </trkpt>
   <trkpt lat="48.9529460" lon="9.1217230">
    <ele>205.8</ele>
    <time>2026-07-12T18:49:44Z</time>
   </trkpt>
   <trkpt lat="48.9529050" lon="9.1217750">
    <ele>205.9</ele>
    <time>2026-07-12T18:49:45Z</time>
   </trkpt>
   <trkpt lat="48.9528550" lon="9.1217540">
    <ele>205.8</ele>
    <time>2026-07-12T18:49:46Z</time>
   </trkpt>
   <trkpt lat="48.9528010" lon="9.1217230">
    <ele>205.7</ele>
    <time>2026-07-12T18:49:47Z</time>
   </trkpt>
   <trkpt lat="48.9527310" lon="9.1216920">
    <ele>205.6</ele>
    <time>2026-07-12T18:49:48Z</time>
   </trkpt>
   <trkpt lat="48.9526690" lon="9.1216410">
    <ele>205.6</ele>
    <time>2026-07-12T18:49:49Z</time>
   </trkpt>
   <trkpt lat="48.9526140" lon="9.1215710">
    <ele>205.8</ele>
    <time>2026-07-12T18:49:50Z</time>
   </trkpt>
   <trkpt lat="48.9524890" lon="9.1215260">
    <ele>205.9</ele>
    <time>2026-07-12T18:49:51Z</time>
   </trkpt>
   <trkpt lat="48.9524400" lon="9.1215990">
    <ele>205.9</ele>
    <time>2026-07-12T18:49:52Z</time>
   </trkpt>
   <trkpt lat="48.9523910" lon="9.1216730">
    <ele>205.6</ele>
    <time>2026-07-12T18:49:53Z</time>
   </trkpt>
   <trkpt lat="48.9523420" lon="9.1217610">
    <ele>205.4</ele>
    <time>2026-07-12T18:49:54Z</time>
   </trkpt>
   <trkpt lat="48.9523190" lon="9.1218090">
    <ele>205.3</ele>
    <time>2026-07-12T18:49:55Z</time>
   </trkpt>
   <trkpt lat="48.9522950" lon="9.1218570">
    <ele>205.2</ele>
    <time>2026-07-12T18:49:56Z</time>
   </trkpt>
   <trkpt lat="48.9521880" lon="9.1220500">
    <ele>204.7</ele>
    <time>2026-07-12T18:49:57Z</time>
   </trkpt>
   <trkpt lat="48.9521350" lon="9.1221490">
    <ele>204.3</ele>
    <time>2026-07-12T18:49:58Z</time>
   </trkpt>
   <trkpt lat="48.9520820" lon="9.1222480">
    <ele>204.0</ele>
    <time>2026-07-12T18:49:59Z</time>
   </trkpt>
   <trkpt lat="48.9520080" lon="9.1223030">
    <ele>203.8</ele>
    <time>2026-07-12T18:50:00Z</time>
   </trkpt>
   <trkpt lat="48.9519340" lon="9.1223570">
    <ele>203.5</ele>
    <time>2026-07-12T18:50:01Z</time>
   </trkpt>
   <trkpt lat="48.9518910" lon="9.1223550">
    <ele>203.4</ele>
    <time>2026-07-12T18:50:02Z</time>
   </trkpt>
   <trkpt lat="48.9518470" lon="9.1223530">
    <ele>203.3</ele>
    <time>2026-07-12T18:50:03Z</time>
   </trkpt>
   <trkpt lat="48.9517680" lon="9.1223090">
    <ele>203.2</ele>
    <time>2026-07-12T18:50:04Z</time>
   </trkpt>
   <trkpt lat="48.9516860" lon="9.1222700">
    <ele>203.1</ele>
    <time>2026-07-12T18:50:05Z</time>
   </trkpt>
   <trkpt lat="48.9516050" lon="9.1222330">
    <ele>202.9</ele>
    <time>2026-07-12T18:50:06Z</time>
   </trkpt>
   <trkpt lat="48.9515210" lon="9.1221860">
    <ele>202.7</ele>
    <time>2026-07-12T18:50:07Z</time>
   </trkpt>
   <trkpt lat="48.9514350" lon="9.1221370">
    <ele>202.3</ele>
    <time>2026-07-12T18:50:08Z</time>
   </trkpt>
   <trkpt lat="48.9513490" lon="9.1220850">
    <ele>202.0</ele>
    <time>2026-07-12T18:50:09Z</time>
   </trkpt>
   <trkpt lat="48.9512590" lon="9.1220350">
    <ele>201.7</ele>
    <time>2026-07-12T18:50:10Z</time>
   </trkpt>
   <trkpt lat="48.9511680" lon="9.1219860">
    <ele>201.4</ele>
    <time>2026-07-12T18:50:11Z</time>
   </trkpt>
   <trkpt lat="48.9510790" lon="9.1219390">
    <ele>200.9</ele>
    <time>2026-07-12T18:50:12Z</time>
   </trkpt>
   <trkpt lat="48.9508920" lon="9.1218300">
    <ele>200.0</ele>
    <time>2026-07-12T18:50:13Z</time>
   </trkpt>
   <trkpt lat="48.9507960" lon="9.1217760">
    <ele>199.5</ele>
    <time>2026-07-12T18:50:14Z</time>
   </trkpt>
   <trkpt lat="48.9506990" lon="9.1217210">
    <ele>199.1</ele>
    <time>2026-07-12T18:50:15Z</time>
   </trkpt>
   <trkpt lat="48.9506490" lon="9.1216940">
    <ele>198.9</ele>
    <time>2026-07-12T18:50:16Z</time>
   </trkpt>
   <trkpt lat="48.9505980" lon="9.1216660">
    <ele>198.7</ele>
    <time>2026-07-12T18:50:17Z</time>
   </trkpt>
   <trkpt lat="48.9504050" lon="9.1215110">
    <ele>198.4</ele>
    <time>2026-07-12T18:50:18Z</time>
   </trkpt>
   <trkpt lat="48.9503690" lon="9.1214520">
    <ele>198.4</ele>
    <time>2026-07-12T18:50:19Z</time>
   </trkpt>
   <trkpt lat="48.9503320" lon="9.1213930">
    <ele>198.4</ele>
    <time>2026-07-12T18:50:20Z</time>
   </trkpt>
   <trkpt lat="48.9502790" lon="9.1212550">
    <ele>198.4</ele>
    <time>2026-07-12T18:50:21Z</time>
   </trkpt>
   <trkpt lat="48.9502090" lon="9.1211320">
    <ele>198.4</ele>
    <time>2026-07-12T18:50:22Z</time>
   </trkpt>
   <trkpt lat="48.9501210" lon="9.1210380">
    <ele>198.4</ele>
    <time>2026-07-12T18:50:23Z</time>
   </trkpt>
   <trkpt lat="48.9500220" lon="9.1210010">
    <ele>198.5</ele>
    <time>2026-07-12T18:50:24Z</time>
   </trkpt>
   <trkpt lat="48.9498460" lon="9.1209080">
    <ele>198.8</ele>
    <time>2026-07-12T18:50:25Z</time>
   </trkpt>
   <trkpt lat="48.9498130" lon="9.1208590">
    <ele>198.9</ele>
    <time>2026-07-12T18:50:26Z</time>
   </trkpt>
   <trkpt lat="48.9497800" lon="9.1208100">
    <ele>199.0</ele>
    <time>2026-07-12T18:50:27Z</time>
   </trkpt>
   <trkpt lat="48.9497520" lon="9.1206770">
    <ele>199.1</ele>
    <time>2026-07-12T18:50:28Z</time>
   </trkpt>
   <trkpt lat="48.9497500" lon="9.1205390">
    <ele>199.2</ele>
    <time>2026-07-12T18:50:29Z</time>
   </trkpt>
   <trkpt lat="48.9497620" lon="9.1204030">
    <ele>199.3</ele>
    <time>2026-07-12T18:50:30Z</time>
   </trkpt>
   <trkpt lat="48.9497620" lon="9.1202600">
    <ele>199.4</ele>
    <time>2026-07-12T18:50:31Z</time>
   </trkpt>
   <trkpt lat="48.9497610" lon="9.1201270">
    <ele>199.5</ele>
    <time>2026-07-12T18:50:32Z</time>
   </trkpt>
   <trkpt lat="48.9497600" lon="9.1199990">
    <ele>199.7</ele>
    <time>2026-07-12T18:50:33Z</time>
   </trkpt>
   <trkpt lat="48.9497570" lon="9.1198650">
    <ele>199.8</ele>
    <time>2026-07-12T18:50:34Z</time>
   </trkpt>
   <trkpt lat="48.9497560" lon="9.1197340">
    <ele>200.0</ele>
    <time>2026-07-12T18:50:35Z</time>
   </trkpt>
   <trkpt lat="48.9497510" lon="9.1196020">
    <ele>200.2</ele>
    <time>2026-07-12T18:50:36Z</time>
   </trkpt>
   <trkpt lat="48.9497500" lon="9.1194740">
    <ele>200.3</ele>
    <time>2026-07-12T18:50:37Z</time>
   </trkpt>
   <trkpt lat="48.9497440" lon="9.1192300">
    <ele>200.6</ele>
    <time>2026-07-12T18:50:38Z</time>
   </trkpt>
   <trkpt lat="48.9497430" lon="9.1191680">
    <ele>200.7</ele>
    <time>2026-07-12T18:50:39Z</time>
   </trkpt>
   <trkpt lat="48.9497420" lon="9.1191050">
    <ele>200.8</ele>
    <time>2026-07-12T18:50:40Z</time>
   </trkpt>
   <trkpt lat="48.9497430" lon="9.1189840">
    <ele>200.9</ele>
    <time>2026-07-12T18:50:41Z</time>
   </trkpt>
   <trkpt lat="48.9497410" lon="9.1188610">
    <ele>200.9</ele>
    <time>2026-07-12T18:50:42Z</time>
   </trkpt>
   <trkpt lat="48.9497410" lon="9.1187460">
    <ele>200.9</ele>
    <time>2026-07-12T18:50:43Z</time>
   </trkpt>
   <trkpt lat="48.9497400" lon="9.1186270">
    <ele>201.1</ele>
    <time>2026-07-12T18:50:44Z</time>
   </trkpt>
   <trkpt lat="48.9497440" lon="9.1185170">
    <ele>201.2</ele>
    <time>2026-07-12T18:50:45Z</time>
   </trkpt>
   <trkpt lat="48.9497830" lon="9.1184250">
    <ele>201.4</ele>
    <time>2026-07-12T18:50:46Z</time>
   </trkpt>
   <trkpt lat="48.9498370" lon="9.1183620">
    <ele>201.5</ele>
    <time>2026-07-12T18:50:47Z</time>
   </trkpt>
   <trkpt lat="48.9499060" lon="9.1183460">
    <ele>201.7</ele>
    <time>2026-07-12T18:50:48Z</time>
   </trkpt>
   <trkpt lat="48.9499770" lon="9.1183740">
    <ele>202.0</ele>
    <time>2026-07-12T18:50:49Z</time>
   </trkpt>
   <trkpt lat="48.9500300" lon="9.1184320">
    <ele>202.2</ele>
    <time>2026-07-12T18:50:50Z</time>
   </trkpt>
   <trkpt lat="48.9500690" lon="9.1184950">
    <ele>202.4</ele>
    <time>2026-07-12T18:50:51Z</time>
   </trkpt>
   <trkpt lat="48.9501130" lon="9.1185600">
    <ele>202.6</ele>
    <time>2026-07-12T18:50:52Z</time>
   </trkpt>
   <trkpt lat="48.9501580" lon="9.1186220">
    <ele>202.8</ele>
    <time>2026-07-12T18:50:53Z</time>
   </trkpt>
   <trkpt lat="48.9502040" lon="9.1186930">
    <ele>203.0</ele>
    <time>2026-07-12T18:50:54Z</time>
   </trkpt>
   <trkpt lat="48.9502480" lon="9.1187500">
    <ele>203.1</ele>
    <time>2026-07-12T18:50:55Z</time>
   </trkpt>
   <trkpt lat="48.9502880" lon="9.1188150">
    <ele>203.3</ele>
    <time>2026-07-12T18:50:56Z</time>
   </trkpt>
   <trkpt lat="48.9503230" lon="9.1188780">
    <ele>203.4</ele>
    <time>2026-07-12T18:50:57Z</time>
   </trkpt>
   <trkpt lat="48.9503630" lon="9.1189410">
    <ele>203.5</ele>
    <time>2026-07-12T18:50:58Z</time>
   </trkpt>
   <trkpt lat="48.9504000" lon="9.1190010">
    <ele>203.7</ele>
    <time>2026-07-12T18:50:59Z</time>
   </trkpt>
   <trkpt lat="48.9504420" lon="9.1190680">
    <ele>203.8</ele>
    <time>2026-07-12T18:51:00Z</time>
   </trkpt>
   <trkpt lat="48.9504830" lon="9.1191270">
    <ele>203.9</ele>
    <time>2026-07-12T18:51:01Z</time>
   </trkpt>
   <trkpt lat="48.9505250" lon="9.1191830">
    <ele>204.0</ele>
    <time>2026-07-12T18:51:02Z</time>
   </trkpt>
   <trkpt lat="48.9505750" lon="9.1192220">
    <ele>204.1</ele>
    <time>2026-07-12T18:51:03Z</time>
   </trkpt>
   <trkpt lat="48.9506290" lon="9.1192590">
    <ele>204.2</ele>
    <time>2026-07-12T18:51:04Z</time>
   </trkpt>
   <trkpt lat="48.9506880" lon="9.1192410">
    <ele>204.3</ele>
    <time>2026-07-12T18:51:05Z</time>
   </trkpt>
   <trkpt lat="48.9507380" lon="9.1191910">
    <ele>204.4</ele>
    <time>2026-07-12T18:51:06Z</time>
   </trkpt>
   <trkpt lat="48.9507800" lon="9.1191330">
    <ele>204.5</ele>
    <time>2026-07-12T18:51:07Z</time>
   </trkpt>
   <trkpt lat="48.9508290" lon="9.1189780">
    <ele>204.7</ele>
    <time>2026-07-12T18:51:08Z</time>
   </trkpt>
   <trkpt lat="48.9508560" lon="9.1188990">
    <ele>204.8</ele>
    <time>2026-07-12T18:51:09Z</time>
   </trkpt>
   <trkpt lat="48.9508830" lon="9.1188190">
    <ele>205.0</ele>
    <time>2026-07-12T18:51:10Z</time>
   </trkpt>
   <trkpt lat="48.9509080" lon="9.1187340">
    <ele>205.1</ele>
    <time>2026-07-12T18:51:11Z</time>
   </trkpt>
   <trkpt lat="48.9509350" lon="9.1186500">
    <ele>205.2</ele>
    <time>2026-07-12T18:51:12Z</time>
   </trkpt>
   <trkpt lat="48.9509610" lon="9.1185650">
    <ele>205.4</ele>
    <time>2026-07-12T18:51:13Z</time>
   </trkpt>
   <trkpt lat="48.9509910" lon="9.1184840">
    <ele>205.5</ele>
    <time>2026-07-12T18:51:14Z</time>
   </trkpt>
   <trkpt lat="48.9510040" lon="9.1184400">
    <ele>205.6</ele>
    <time>2026-07-12T18:51:15Z</time>
   </trkpt>
   <trkpt lat="48.9510170" lon="9.1183950">
    <ele>205.7</ele>
    <time>2026-07-12T18:51:16Z</time>
   </trkpt>
   <trkpt lat="48.9510710" lon="9.1182230">
    <ele>205.9</ele>
    <time>2026-07-12T18:51:17Z</time>
   </trkpt>
   <trkpt lat="48.9510830" lon="9.1181800">
    <ele>206.0</ele>
    <time>2026-07-12T18:51:18Z</time>
   </trkpt>
   <trkpt lat="48.9510960" lon="9.1181370">
    <ele>206.0</ele>
    <time>2026-07-12T18:51:19Z</time>
   </trkpt>
   <trkpt lat="48.9511190" lon="9.1180550">
    <ele>206.2</ele>
    <time>2026-07-12T18:51:20Z</time>
   </trkpt>
   <trkpt lat="48.9511420" lon="9.1179650">
    <ele>206.3</ele>
    <time>2026-07-12T18:51:21Z</time>
   </trkpt>
   <trkpt lat="48.9511620" lon="9.1178750">
    <ele>206.4</ele>
    <time>2026-07-12T18:51:22Z</time>
   </trkpt>
   <trkpt lat="48.9511750" lon="9.1177830">
    <ele>206.5</ele>
    <time>2026-07-12T18:51:23Z</time>
   </trkpt>
   <trkpt lat="48.9511860" lon="9.1176920">
    <ele>206.6</ele>
    <time>2026-07-12T18:51:24Z</time>
   </trkpt>
   <trkpt lat="48.9511910" lon="9.1176000">
    <ele>206.7</ele>
    <time>2026-07-12T18:51:25Z</time>
   </trkpt>
   <trkpt lat="48.9511940" lon="9.1175100">
    <ele>206.8</ele>
    <time>2026-07-12T18:51:26Z</time>
   </trkpt>
   <trkpt lat="48.9511950" lon="9.1174200">
    <ele>206.9</ele>
    <time>2026-07-12T18:51:27Z</time>
   </trkpt>
   <trkpt lat="48.9511920" lon="9.1173310">
    <ele>206.9</ele>
    <time>2026-07-12T18:51:28Z</time>
   </trkpt>
   <trkpt lat="48.9511870" lon="9.1172380">
    <ele>207.0</ele>
    <time>2026-07-12T18:51:29Z</time>
   </trkpt>
   <trkpt lat="48.9511850" lon="9.1171460">
    <ele>207.2</ele>
    <time>2026-07-12T18:51:30Z</time>
   </trkpt>
   <trkpt lat="48.9511850" lon="9.1170580">
    <ele>207.3</ele>
    <time>2026-07-12T18:51:31Z</time>
   </trkpt>
   <trkpt lat="48.9511990" lon="9.1169740">
    <ele>207.4</ele>
    <time>2026-07-12T18:51:32Z</time>
   </trkpt>
   <trkpt lat="48.9512290" lon="9.1169020">
    <ele>207.5</ele>
    <time>2026-07-12T18:51:33Z</time>
   </trkpt>
   <trkpt lat="48.9512760" lon="9.1168580">
    <ele>207.6</ele>
    <time>2026-07-12T18:51:34Z</time>
   </trkpt>
   <trkpt lat="48.9513350" lon="9.1168680">
    <ele>207.5</ele>
    <time>2026-07-12T18:51:35Z</time>
   </trkpt>
   <trkpt lat="48.9513770" lon="9.1169250">
    <ele>207.5</ele>
    <time>2026-07-12T18:51:36Z</time>
   </trkpt>
   <trkpt lat="48.9514300" lon="9.1170750">
    <ele>207.5</ele>
    <time>2026-07-12T18:51:37Z</time>
   </trkpt>
   <trkpt lat="48.9514480" lon="9.1171130">
    <ele>207.5</ele>
    <time>2026-07-12T18:51:38Z</time>
   </trkpt>
   <trkpt lat="48.9514650" lon="9.1171510">
    <ele>207.6</ele>
    <time>2026-07-12T18:51:39Z</time>
   </trkpt>
   <trkpt lat="48.9515120" lon="9.1172100">
    <ele>207.6</ele>
    <time>2026-07-12T18:51:40Z</time>
   </trkpt>
   <trkpt lat="48.9515640" lon="9.1172360">
    <ele>207.7</ele>
    <time>2026-07-12T18:51:41Z</time>
   </trkpt>
   <trkpt lat="48.9516910" lon="9.1172340">
    <ele>207.8</ele>
    <time>2026-07-12T18:51:42Z</time>
   </trkpt>
   <trkpt lat="48.9517210" lon="9.1172480">
    <ele>207.8</ele>
    <time>2026-07-12T18:51:43Z</time>
   </trkpt>
   <trkpt lat="48.9517510" lon="9.1172610">
    <ele>207.8</ele>
    <time>2026-07-12T18:51:44Z</time>
   </trkpt>
   <trkpt lat="48.9517680" lon="9.1173590">
    <ele>207.7</ele>
    <time>2026-07-12T18:51:45Z</time>
   </trkpt>
   <trkpt lat="48.9517600" lon="9.1174470">
    <ele>206.9</ele>
    <time>2026-07-12T18:51:46Z</time>
   </trkpt>
   <trkpt lat="48.9517460" lon="9.1175310">
    <ele>205.8</ele>
    <time>2026-07-12T18:51:47Z</time>
   </trkpt>
   <trkpt lat="48.9517370" lon="9.1176030">
    <ele>205.0</ele>
    <time>2026-07-12T18:51:48Z</time>
   </trkpt>
   <trkpt lat="48.9517290" lon="9.1176980">
    <ele>204.8</ele>
    <time>2026-07-12T18:51:49Z</time>
   </trkpt>
   <trkpt lat="48.9517280" lon="9.1177760">
    <ele>204.7</ele>
    <time>2026-07-12T18:51:50Z</time>
   </trkpt>
   <trkpt lat="48.9517280" lon="9.1178590">
    <ele>204.7</ele>
    <time>2026-07-12T18:51:51Z</time>
   </trkpt>
   <trkpt lat="48.9517190" lon="9.1179400">
    <ele>204.6</ele>
    <time>2026-07-12T18:51:52Z</time>
   </trkpt>
   <trkpt lat="48.9517290" lon="9.1180150">
    <ele>204.5</ele>
    <time>2026-07-12T18:51:53Z</time>
   </trkpt>
   <trkpt lat="48.9517260" lon="9.1180900">
    <ele>204.5</ele>
    <time>2026-07-12T18:51:54Z</time>
   </trkpt>
   <trkpt lat="48.9517140" lon="9.1181770">
    <ele>204.5</ele>
    <time>2026-07-12T18:51:55Z</time>
   </trkpt>
   <trkpt lat="48.9517080" lon="9.1182390">
    <ele>204.5</ele>
    <time>2026-07-12T18:51:56Z</time>
   </trkpt>
   <trkpt lat="48.9517000" lon="9.1182800">
    <ele>204.4</ele>
    <time>2026-07-12T18:51:57Z</time>
   </trkpt>
   <trkpt lat="48.9516850" lon="9.1183430">
    <ele>204.4</ele>
    <time>2026-07-12T18:51:58Z</time>
   </trkpt>
   <trkpt lat="48.9516850" lon="9.1183430">
    <ele>204.4</ele>
    <time>2026-07-12T18:51:59Z</time>
   </trkpt>
   <trkpt lat="48.9516750" lon="9.1183770">
    <ele>204.4</ele>
    <time>2026-07-12T18:52:00Z</time>
   </trkpt>
   <trkpt lat="48.9516600" lon="9.1184020">
    <ele>204.4</ele>
    <time>2026-07-12T18:52:01Z</time>
   </trkpt>
   <trkpt lat="48.9516370" lon="9.1184280">
    <ele>204.4</ele>
    <time>2026-07-12T18:52:02Z</time>
   </trkpt>
   <trkpt lat="48.9516130" lon="9.1184570">
    <ele>204.4</ele>
    <time>2026-07-12T18:52:03Z</time>
   </trkpt>
   <trkpt lat="48.9515940" lon="9.1184880">
    <ele>204.3</ele>
    <time>2026-07-12T18:52:04Z</time>
   </trkpt>
   <trkpt lat="48.9515640" lon="9.1185690">
    <ele>204.3</ele>
    <time>2026-07-12T18:52:05Z</time>
   </trkpt>
   <trkpt lat="48.9515640" lon="9.1185690">
    <ele>204.3</ele>
    <time>2026-07-12T18:52:06Z</time>
   </trkpt>
   <trkpt lat="48.9515570" lon="9.1186420">
    <ele>204.2</ele>
    <time>2026-07-12T18:52:07Z</time>
   </trkpt>
   <trkpt lat="48.9515570" lon="9.1186750">
    <ele>204.2</ele>
    <time>2026-07-12T18:52:08Z</time>
   </trkpt>
   <trkpt lat="48.9515530" lon="9.1187070">
    <ele>204.1</ele>
    <time>2026-07-12T18:52:09Z</time>
   </trkpt>
   <trkpt lat="48.9515490" lon="9.1187380">
    <ele>204.1</ele>
    <time>2026-07-12T18:52:10Z</time>
   </trkpt>
   <trkpt lat="48.9515440" lon="9.1187680">
    <ele>204.1</ele>
    <time>2026-07-12T18:52:11Z</time>
   </trkpt>
   <trkpt lat="48.9515370" lon="9.1188010">
    <ele>204.0</ele>
    <time>2026-07-12T18:52:12Z</time>
   </trkpt>
   <trkpt lat="48.9515390" lon="9.1188350">
    <ele>204.0</ele>
    <time>2026-07-12T18:52:13Z</time>
   </trkpt>
   <trkpt lat="48.9515400" lon="9.1188680">
    <ele>204.0</ele>
    <time>2026-07-12T18:52:14Z</time>
   </trkpt>
   <trkpt lat="48.9515520" lon="9.1188860">
    <ele>204.0</ele>
    <time>2026-07-12T18:52:15Z</time>
   </trkpt>
   <trkpt lat="48.9515640" lon="9.1188910">
    <ele>203.9</ele>
    <time>2026-07-12T18:52:16Z</time>
   </trkpt>
   <trkpt lat="48.9515760" lon="9.1188860">
    <ele>203.9</ele>
    <time>2026-07-12T18:52:17Z</time>
   </trkpt>
   <trkpt lat="48.9515760" lon="9.1188860">
    <ele>203.9</ele>
    <time>2026-07-12T18:52:18Z</time>
   </trkpt>
   <trkpt lat="48.9515920" lon="9.1188800">
    <ele>203.9</ele>
    <time>2026-07-12T18:52:19Z</time>
   </trkpt>
   <trkpt lat="48.9516070" lon="9.1188730">
    <ele>203.9</ele>
    <time>2026-07-12T18:52:20Z</time>
   </trkpt>
   <trkpt lat="48.9516260" lon="9.1188740">
    <ele>203.9</ele>
    <time>2026-07-12T18:52:21Z</time>
   </trkpt>
   <trkpt lat="48.9516360" lon="9.1188740">
    <ele>203.9</ele>
    <time>2026-07-12T18:52:22Z</time>
   </trkpt>
   <trkpt lat="48.9516420" lon="9.1188770">
    <ele>203.9</ele>
    <time>2026-07-12T18:52:23Z</time>
   </trkpt>
   <trkpt lat="48.9516400" lon="9.1188790">
    <ele>203.9</ele>
    <time>2026-07-12T18:52:24Z</time>
   </trkpt>
   <trkpt lat="48.9516410" lon="9.1188840">
    <ele>203.8</ele>
    <time>2026-07-12T18:52:25Z</time>
   </trkpt>
  </trkseg>
 </trk>
</gpx>
