frame_index,frame_name,time_seconds,timestamp,abs_timestamp,ground,environment,objects,score,time,lat,lon,ele,gpx_time,dt_s
0,DJI_0408_frame_000000,0.0,0:00:00,,1;0;0;0,0.3992;0.0000;0.0000,0;0;0,100.0,2026-07-12 17:36:12+00:00,48.950586,9.119179,204.1,2026-07-12 17:36:12+00:00,0.0
125,DJI_0408_frame_000125,5.0,0:00:05,,1;0;0;0,0.4213;0.0000;0.0000,0;0;0,100.0,2026-07-12 17:36:17+00:00,48.950444,9.118954,203.9,2026-07-12 17:36:17+00:00,0.0
250,DJI_0408_frame_000250,10.0,0:00:10,,1;0;0;0,0.3404;0.0000;0.0000,0;2;0,69.74,2026-07-12 17:36:22+00:00,48.950267,9.118694,203.6,2026-07-12 17:36:22+00:00,0.0
375,DJI_0408_frame_000375,15.0,0:00:15,,1;0;0;0,0.3560;0.0000;0.0000,0;0;0,100.0,2026-07-12 17:36:27+00:00,48.950047,9.11836,202.7,2026-07-12 17:36:27+00:00,0.0
500,DJI_0408_frame_000500,20.0,0:00:20,,0;1;0;0,0.3188;0.0000;0.0000,0;2;0,63.74,2026-07-12 17:36:32+00:00,48.949844,9.118056,202.2,2026-07-12 17:36:32+00:00,0.0
625,DJI_0408_frame_000625,25.0,0:00:25,,1;0;0;0,0.3327;0.0000;0.0000,0;5;0,65.24,2026-07-12 17:36:37+00:00,48.949623,9.117945,201.8,2026-07-12 17:36:37+00:00,0.0
750,DJI_0408_frame_000750,30.0,0:00:30,,1;0;0;0,0.5801;0.0000;0.0000,0;6;0,65.09,2026-07-12 17:36:42+00:00,48.94938,9.117542,201.0,2026-07-12 17:36:42+00:00,0.0
875,DJI_0408_frame_000875,35.0,0:00:35,,1;0;0;0,0.5552;0.0000;0.0000,0;0;0,100.0,2026-07-12 17:36:47+00:00,48.949054,9.117116,199.5,2026-07-12 17:36:47+00:00,0.0
1000,DJI_0408_frame_001000,40.0,0:00:40,,1;0;0;0,0.5706;0.0000;0.0000,0;0;0,100.0,2026-07-12 17:36:52+00:00,48.948837,9.116523,198.2,2026-07-12 17:36:52+00:00,0.0
1125,DJI_0408_frame_001125,45.0,0:00:45,,1;0;0;0,0.6322;0.0000;0.0000,0;0;0,100.0,2026-07-12 17:36:57+00:00,48.948611,9.115878,196.7,2026-07-12 17:36:57+00:00,0.0
1250,DJI_0408_frame_001250,50.0,0:00:50,,1;0;0;0,0.5795;0.0000;0.0000,0;0;0,100.0,2026-07-12 17:37:02+00:00,48.948372,9.115197,194.9,2026-07-12 17:37:02+00:00,0.0
1375,DJI_0408_frame_001375,55.0,0:00:55,,0;0;0;1,0.7466;0.0000;0.0000,0;0;0,82.0,2026-07-12 17:37:07+00:00,48.948171,9.11447,193.1,2026-07-12 17:37:07+00:00,0.0
1500,DJI_0408_frame_001500,60.0,0:01:00,,1;0;0;0,0.6736;0.0000;0.0000,0;6;0,65.09,2026-07-12 17:37:12+00:00,48.94803,9.113666,191.1,2026-07-12 17:37:12+00:00,0.0
1625,DJI_0408_frame_001625,65.0,0:01:05,,1;0;0;0,0.5711;0.0000;0.0019,2;0;0,99.91,2026-07-12 17:37:17+00:00,48.947921,9.112857,189.3,2026-07-12 17:37:17+00:00,0.0
1750,DJI_0408_frame_001750,70.0,0:01:10,,1;0;0;0,0.6603;0.0000;0.0000,0;0;0,100.0,2026-07-12 17:37:22+00:00,48.947867,9.112035,188.2,2026-07-12 17:37:22+00:00,0.0
1875,DJI_0408_frame_001875,75.0,0:01:15,,1;0;0;0,0.8007;0.0000;0.0000,0;0;0,100.0,2026-07-12 17:37:27+00:00,48.947898,9.111244,188.4,2026-07-12 17:37:27+00:00,0.0
2000,DJI_0408_frame_002000,80.0,0:01:20,,0;1;0;0,0.6440;0.0000;0.0012,0;0;0,93.95,2026-07-12 17:37:32+00:00,48.947938,9.110516,188.2,2026-07-12 17:37:32+00:00,0.0
2125,DJI_0408_frame_002125,85.0,0:01:25,,1;0;0;0,0.8188;0.0000;0.0000,0;0;0,100.0,2026-07-12 17:37:37+00:00,48.948048,9.109803,187.7,2026-07-12 17:37:37+00:00,0.0
2250,DJI_0408_frame_002250,90.0,0:01:30,,1;0;0;0,0.7118;0.0000;0.0000,0;0;0,100.0,2026-07-12 17:37:42+00:00,48.94818,9.109107,187.6,2026-07-12 17:37:42+00:00,0.0
2375,DJI_0408_frame_002375,95.0,0:01:35,,1;0;0;0,0.6453;0.0000;0.0000,0;0;0,100.0,2026-07-12 17:37:47+00:00,48.948315,9.108392,187.4,2026-07-12 17:37:47+00:00,0.0
2500,DJI_0408_frame_002500,100.0,0:01:40,,1;0;0;0,0.7475;0.0000;0.0000,0;0;0,100.0,2026-07-12 17:37:52+00:00,48.948439,9.107676,185.9,2026-07-12 17:37:52+00:00,0.0
2625,DJI_0408_frame_002625,105.0,0:01:45,,1;0;0;0,0.4815;0.0000;0.0000,0;1;0,77.88,2026-07-12 17:37:57+00:00,48.948627,9.106978,187.2,2026-07-12 17:37:57+00:00,0.0
2750,DJI_0408_frame_002750,110.0,0:01:50,,1;0;0;0,0.6589;0.0000;0.0000,0;0;0,100.0,2026-07-12 17:38:02+00:00,48.948764,9.106322,187.4,2026-07-12 17:38:02+00:00,0.0
2875,DJI_0408_frame_002875,115.0,0:01:55,,1;0;0;0,0.6204;0.0000;0.0000,0;0;0,100.0,2026-07-12 17:38:07+00:00,48.94888,9.105662,187.4,2026-07-12 17:38:07+00:00,0.0
3000,DJI_0408_frame_003000,120.0,0:02:00,,1;0;0;0,0.6649;0.0000;0.0000,0;0;0,100.0,2026-07-12 17:38:12+00:00,48.948979,9.105022,186.9,2026-07-12 17:38:12+00:00,0.0
3125,DJI_0408_frame_003125,125.0,0:02:05,,0;0;1;0,0.3216;0.0000;0.0000,0;0;0,86.0,2026-07-12 17:38:17+00:00,48.949045,9.104302,185.3,2026-07-12 17:38:17+00:00,0.0
3250,DJI_0408_frame_003250,130.0,0:02:10,,0;1;0;0,0.7034;0.0000;0.0000,0;1;0,71.88,2026-07-12 17:38:22+00:00,48.949131,9.103613,186.6,2026-07-12 17:38:22+00:00,0.0
3375,DJI_0408_frame_003375,135.0,0:02:15,,1;0;0;0,0.5989;0.0000;0.0000,0;1;0,77.88,2026-07-12 17:38:27+00:00,48.949229,9.103056,188.8,2026-07-12 17:38:27+00:00,0.0
3500,DJI_0408_frame_003500,140.0,0:02:20,,0;1;0;0,0.3179;0.0000;0.0000,0;2;0,63.74,2026-07-12 17:38:32+00:00,48.949285,9.10259,189.6,2026-07-12 17:38:32+00:00,0.0
3625,DJI_0408_frame_003625,145.0,0:02:25,,1;0;0;0,0.4124;0.0000;0.0000,0;0;0,100.0,2026-07-12 17:38:37+00:00,48.9492,9.102212,189.8,2026-07-12 17:38:37+00:00,0.0
3750,DJI_0408_frame_003750,150.0,0:02:30,,1;0;0;0,0.6304;0.0000;0.0000,0;0;0,100.0,2026-07-12 17:38:42+00:00,48.949232,9.101896,190.3,2026-07-12 17:38:42+00:00,0.0
3875,DJI_0408_frame_003875,155.0,0:02:35,,1;0;0;0,0.6779;0.0000;0.0000,0;0;0,100.0,2026-07-12 17:38:47+00:00,48.949436,9.101561,190.2,2026-07-12 17:38:47+00:00,0.0
4000,DJI_0408_frame_004000,160.0,0:02:40,,1;0;0;0,0.6819;0.0000;0.0000,0;0;0,100.0,2026-07-12 17:38:52+00:00,48.949502,9.101016,190.0,2026-07-12 17:38:52+00:00,0.0
4125,DJI_0408_frame_004125,165.0,0:02:45,,1;0;0;0,0.4567;0.0000;0.0000,0;0;0,100.0,2026-07-12 17:38:57+00:00,48.949548,9.100447,190.0,2026-07-12 17:38:57+00:00,0.0
4250,DJI_0408_frame_004250,170.0,0:02:50,,1;0;0;0,0.5020;0.0000;0.0000,0;0;0,100.0,2026-07-12 17:39:02+00:00,48.949566,9.09988,190.0,2026-07-12 17:39:02+00:00,0.0
4375,DJI_0408_frame_004375,175.0,0:02:55,,1;0;0;0,0.4379;0.0000;0.0000,0;0;0,100.0,2026-07-12 17:39:07+00:00,48.949586,9.099285,190.0,2026-07-12 17:39:07+00:00,0.0
4500,DJI_0408_frame_004500,180.0,0:03:00,,1;0;0;0,0.6458;0.0000;0.0000,0;0;0,100.0,2026-07-12 17:39:12+00:00,48.9496,9.098692,190.1,2026-07-12 17:39:12+00:00,0.0
4625,DJI_0408_frame_004625,185.0,0:03:05,,1;0;0;0,0.4799;0.0000;0.0000,0;0;0,100.0,2026-07-12 17:39:17+00:00,48.949615,9.098114,190.1,2026-07-12 17:39:17+00:00,0.0
4750,DJI_0408_frame_004750,190.0,0:03:10,,1;0;0;0,0.4517;0.0000;0.0000,0;0;0,100.0,2026-07-12 17:39:22+00:00,48.949629,9.097544,190.2,2026-07-12 17:39:22+00:00,0.0
4875,DJI_0408_frame_004875,195.0,0:03:15,,1;0;0;0,0.6517;0.0000;0.0000,0;2;0,69.74,2026-07-12 17:39:27+00:00,48.949644,9.096952,190.2,2026-07-12 17:39:27+00:00,0.0
5000,DJI_0408_frame_005000,200.0,0:03:20,,1;0;0;0,0.6292;0.0000;0.0000,0;1;0,77.88,2026-07-12 17:39:32+00:00,48.949641,9.09638,190.1,2026-07-12 17:39:32+00:00,0.0
5125,DJI_0408_frame_005125,205.0,0:03:25,,1;0;0;0,0.6788;0.0000;0.0000,0;2;0,69.74,2026-07-12 17:39:37+00:00,48.949596,9.095792,190.0,2026-07-12 17:39:37+00:00,0.0
5250,DJI_0408_frame_005250,210.0,0:03:30,,1;0;0;0,0.5927;0.0000;0.0000,0;5;0,65.24,2026-07-12 17:39:42+00:00,48.949524,9.09523,190.0,2026-07-12 17:39:42+00:00,0.0
5375,DJI_0408_frame_005375,215.0,0:03:35,,1;0;0;0,0.6235;0.0000;0.0000,0;4;0,65.64,2026-07-12 17:39:47+00:00,48.949443,9.094678,189.8,2026-07-12 17:39:47+00:00,0.0
5500,DJI_0408_frame_005500,220.0,0:03:40,,1;0;0;0,0.6412;0.0000;0.0000,0;2;0,69.74,2026-07-12 17:39:52+00:00,48.949368,9.094117,189.7,2026-07-12 17:39:52+00:00,0.0
5625,DJI_0408_frame_005625,225.0,0:03:45,,1;0;0;0,0.5613;0.0000;0.0000,0;1;0,77.88,2026-07-12 17:39:57+00:00,48.94927,9.093543,189.6,2026-07-12 17:39:57+00:00,0.0
5750,DJI_0408_frame_005750,230.0,0:03:50,,1;0;0;0,0.6237;0.0000;0.0000,0;2;0,69.74,2026-07-12 17:40:02+00:00,48.949176,9.092983,189.4,2026-07-12 17:40:02+00:00,0.0
5875,DJI_0408_frame_005875,235.0,0:03:55,,1;0;0;0,0.6194;0.0000;0.0000,0;5;0,65.24,2026-07-12 17:40:07+00:00,48.94906,9.092428,189.3,2026-07-12 17:40:07+00:00,0.0
6000,DJI_0408_frame_006000,240.0,0:04:00,,1;0;0;0,0.6724;0.0000;0.0000,0;3;0,66.74,2026-07-12 17:40:12+00:00,48.948928,9.091871,189.2,2026-07-12 17:40:12+00:00,0.0
6125,DJI_0408_frame_006125,245.0,0:04:05,,1;0;0;0,0.6586;0.0000;0.0000,0;2;0,69.74,2026-07-12 17:40:17+00:00,48.948798,9.091355,189.1,2026-07-12 17:40:17+00:00,0.0
6250,DJI_0408_frame_006250,250.0,0:04:10,,1;0;0;0,0.6040;0.0000;0.0000,0;4;0,65.64,2026-07-12 17:40:22+00:00,48.948635,9.090803,189.0,2026-07-12 17:40:22+00:00,0.0
6375,DJI_0408_frame_006375,255.0,0:04:15,,1;0;0;0,0.6631;0.0000;0.0000,0;8;0,65.01,2026-07-12 17:40:27+00:00,48.948479,9.090292,188.9,2026-07-12 17:40:27+00:00,0.0
6500,DJI_0408_frame_006500,260.0,0:04:20,,1;0;0;0,0.6636;0.0000;0.0000,0;3;0,66.74,2026-07-12 17:40:32+00:00,48.948321,9.089792,188.8,2026-07-12 17:40:32+00:00,0.0
6625,DJI_0408_frame_006625,265.0,0:04:25,,1;0;0;0,0.6190;0.0000;0.0000,0;4;0,65.64,2026-07-12 17:40:37+00:00,48.948134,9.089258,188.9,2026-07-12 17:40:37+00:00,0.0
6750,DJI_0408_frame_006750,270.0,0:04:30,,1;0;0;0,0.6420;0.0000;0.0329,0;6;0,63.77,2026-07-12 17:40:42+00:00,48.947911,9.088759,190.2,2026-07-12 17:40:42+00:00,0.0
6875,DJI_0408_frame_006875,275.0,0:04:35,,1;0;0;0,0.6863;0.0000;0.0000,0;0;0,100.0,2026-07-12 17:40:47+00:00,48.947599,9.088553,190.2,2026-07-12 17:40:47+00:00,0.0
7000,DJI_0408_frame_007000,280.0,0:04:40,,1;0;0;0,0.6853;0.0000;0.0034,0;0;0,99.87,2026-07-12 17:40:52+00:00,48.947232,9.088257,189.5,2026-07-12 17:40:52+00:00,0.0
7125,DJI_0408_frame_007125,285.0,0:04:45,,1;0;0;0,0.5960;0.0000;0.0137,0;0;0,99.39,2026-07-12 17:40:57+00:00,48.946937,9.087807,189.8,2026-07-12 17:40:57+00:00,0.0
7250,DJI_0408_frame_007250,290.0,0:04:50,,1;0;0;0,0.6677;0.0000;0.0000,0;0;0,100.0,2026-07-12 17:41:02+00:00,48.946666,9.087301,190.0,2026-07-12 17:41:02+00:00,0.0
7375,DJI_0408_frame_007375,295.0,0:04:55,,1;0;0;0,0.7313;0.0000;0.0000,0;0;0,100.0,2026-07-12 17:41:07+00:00,48.946432,9.08677,190.1,2026-07-12 17:41:07+00:00,0.0
7500,DJI_0408_frame_007500,300.0,0:05:00,,1;0;0;0,0.6344;0.0000;0.0000,0;0;0,100.0,2026-07-12 17:41:12+00:00,48.946176,9.086228,189.9,2026-07-12 17:41:12+00:00,0.0
7625,DJI_0408_frame_007625,305.0,0:05:05,,1;0;0;0,0.5897;0.0000;0.0000,0;0;0,100.0,2026-07-12 17:41:17+00:00,48.945913,9.085723,190.0,2026-07-12 17:41:17+00:00,0.0
7750,DJI_0408_frame_007750,310.0,0:05:10,,1;0;0;0,0.4258;0.0000;0.0678,0;0;0,96.29,2026-07-12 17:41:22+00:00,48.945607,9.085283,190.2,2026-07-12 17:41:22+00:00,0.0
7875,DJI_0408_frame_007875,315.0,0:05:15,,1;0;0;0,0.5278;0.0000;0.0090,0;0;0,99.55,2026-07-12 17:41:27+00:00,48.94529,9.084863,190.1,2026-07-12 17:41:27+00:00,0.0
8000,DJI_0408_frame_008000,320.0,0:05:20,,1;0;0;0,0.6218;0.0000;0.0000,0;0;0,100.0,2026-07-12 17:41:32+00:00,48.945006,9.084473,190.0,2026-07-12 17:41:32+00:00,0.0
8125,DJI_0408_frame_008125,325.0,0:05:25,,1;0;0;0,0.6142;0.0000;0.0000,0;0;0,100.0,2026-07-12 17:41:37+00:00,48.944738,9.084159,190.0,2026-07-12 17:41:37+00:00,0.0
8250,DJI_0408_frame_008250,330.0,0:05:30,,1;0;0;0,0.4994;0.0000;0.0001,0;0;0,99.99,2026-07-12 17:41:42+00:00,48.944418,9.083861,190.1,2026-07-12 17:41:42+00:00,0.0
8375,DJI_0408_frame_008375,335.0,0:05:35,,1;0;0;0,0.5229;0.0000;0.0884,0;0;0,96.09,2026-07-12 17:41:47+00:00,48.944096,9.083587,190.1,2026-07-12 17:41:47+00:00,0.0
8500,DJI_0408_frame_008500,340.0,0:05:40,,1;0;0;0,0.7207;0.0000;0.0000,0;0;0,100.0,2026-07-12 17:41:52+00:00,48.94383,9.083187,190.2,2026-07-12 17:41:52+00:00,0.0
8625,DJI_0408_frame_008625,345.0,0:05:45,,1;0;0;0,0.6456;0.0000;0.0000,0;0;0,100.0,2026-07-12 17:41:57+00:00,48.943593,9.082717,190.2,2026-07-12 17:41:57+00:00,0.0
8750,DJI_0408_frame_008750,350.0,0:05:50,,1;0;0;0,0.7670;0.0000;0.0000,0;0;0,100.0,2026-07-12 17:42:02+00:00,48.943391,9.082272,190.5,2026-07-12 17:42:02+00:00,0.0
8875,DJI_0408_frame_008875,355.0,0:05:55,,1;0;0;0,0.4570;0.0000;0.0000,0;0;0,100.0,2026-07-12 17:42:07+00:00,48.943147,9.081833,190.3,2026-07-12 17:42:07+00:00,0.0
9000,DJI_0408_frame_009000,360.0,0:06:00,,0;1;0;0,0.6674;0.0000;0.0000,0;1;0,71.88,2026-07-12 17:42:12+00:00,48.942861,9.081393,190.0,2026-07-12 17:42:12+00:00,0.0
9125,DJI_0408_frame_009125,365.0,0:06:05,,0;1;0;0,0.6826;0.0000;0.0000,0;2;0,63.74,2026-07-12 17:42:17+00:00,48.942511,9.081027,188.3,2026-07-12 17:42:17+00:00,0.0
9250,DJI_0408_frame_009250,370.0,0:06:10,,1;0;0;0,0.6119;0.0104;0.0000,2;5;0,65.35,2026-07-12 17:42:22+00:00,48.942172,9.080643,188.4,2026-07-12 17:42:22+00:00,0.0
9375,DJI_0408_frame_009375,375.0,0:06:15,,1;0;0;0,0.7690;0.0000;0.0000,0;0;0,100.0,2026-07-12 17:42:27+00:00,48.941861,9.080262,188.7,2026-07-12 17:42:27+00:00,0.0
9500,DJI_0408_frame_009500,380.0,0:06:20,,1;0;0;0,0.7344;0.0000;0.0000,0;1;0,77.88,2026-07-12 17:42:32+00:00,48.941475,9.079984,188.5,2026-07-12 17:42:32+00:00,0.0
9625,DJI_0408_frame_009625,385.0,0:06:25,,1;0;0;0,0.6929;0.0000;0.0000,0;1;0,77.88,2026-07-12 17:42:37+00:00,48.941043,9.07998,188.5,2026-07-12 17:42:37+00:00,0.0
9750,DJI_0408_frame_009750,390.0,0:06:30,,1;0;0;0,0.5740;0.0000;0.0000,2;0;0,100.0,2026-07-12 17:42:42+00:00,48.940621,9.08009,188.3,2026-07-12 17:42:42+00:00,0.0
9875,DJI_0408_frame_009875,395.0,0:06:35,,1;0;0;0,0.4512;0.0000;0.0000,0;0;0,100.0,2026-07-12 17:42:47+00:00,48.94019,9.080078,188.4,2026-07-12 17:42:47+00:00,0.0
10000,DJI_0408_frame_010000,400.0,0:06:40,,1;0;0;0,0.4717;0.0000;0.0000,0;3;0,66.74,2026-07-12 17:42:52+00:00,48.939748,9.080116,188.5,2026-07-12 17:42:52+00:00,0.0
10125,DJI_0408_frame_010125,405.0,0:06:45,,1;0;0;0,0.5202;0.0000;0.0000,1;1;0,80.73,2026-07-12 17:42:57+00:00,48.939329,9.080115,188.6,2026-07-12 17:42:57+00:00,0.0
10250,DJI_0408_frame_010250,410.0,0:06:50,,1;0;0;0,0.4633;0.0000;0.0000,1;0;0,100.0,2026-07-12 17:43:02+00:00,48.938924,9.08013,188.7,2026-07-12 17:43:02+00:00,0.0
10375,DJI_0408_frame_010375,415.0,0:06:55,,1;0;0;0,0.5187;0.0000;0.0001,0;0;0,100.0,2026-07-12 17:43:07+00:00,48.9385,9.08014,188.8,2026-07-12 17:43:07+00:00,0.0
10500,DJI_0408_frame_010500,420.0,0:07:00,,1;0;0;0,0.4501;0.0000;0.0000,0;0;0,100.0,2026-07-12 17:43:12+00:00,48.938079,9.08017,188.8,2026-07-12 17:43:12+00:00,0.0
10625,DJI_0408_frame_010625,425.0,0:07:05,,1;0;0;0,0.4052;0.0000;0.0000,0;0;0,100.0,2026-07-12 17:43:17+00:00,48.937661,9.080215,188.9,2026-07-12 17:43:17+00:00,0.0
10750,DJI_0408_frame_010750,430.0,0:07:10,,1;0;0;0,0.6135;0.0000;0.0000,0;0;0,100.0,2026-07-12 17:43:22+00:00,48.937246,9.080203,189.2,2026-07-12 17:43:22+00:00,0.0
10875,DJI_0408_frame_010875,435.0,0:07:15,,1;0;0;0,0.6445;0.0000;0.0000,0;0;0,100.0,2026-07-12 17:43:27+00:00,48.936835,9.080201,189.3,2026-07-12 17:43:27+00:00,0.0
11000,DJI_0408_frame_011000,440.0,0:07:20,,1;0;0;0,0.6212;0.0000;0.0000,0;0;0,100.0,2026-07-12 17:43:32+00:00,48.936415,9.080217,189.4,2026-07-12 17:43:32+00:00,0.0
11125,DJI_0408_frame_011125,445.0,0:07:25,,1;0;0;0,0.6417;0.0000;0.0000,0;0;0,100.0,2026-07-12 17:43:37+00:00,48.935997,9.080281,189.6,2026-07-12 17:43:37+00:00,0.0
11250,DJI_0408_frame_011250,450.0,0:07:30,,1;0;0;0,0.6398;0.0000;0.0000,0;0;0,100.0,2026-07-12 17:43:42+00:00,48.935588,9.080362,189.7,2026-07-12 17:43:42+00:00,0.0
11375,DJI_0408_frame_011375,455.0,0:07:35,,1;0;0;0,0.6748;0.0000;0.0000,0;0;0,100.0,2026-07-12 17:43:47+00:00,48.935188,9.080466,189.8,2026-07-12 17:43:47+00:00,0.0
11500,DJI_0408_frame_011500,460.0,0:07:40,,1;0;0;0,0.7066;0.0000;0.0000,0;0;0,100.0,2026-07-12 17:43:52+00:00,48.934789,9.080592,189.8,2026-07-12 17:43:52+00:00,0.0
11625,DJI_0408_frame_011625,465.0,0:07:45,,1;0;0;0,0.7354;0.0000;0.0000,0;0;0,100.0,2026-07-12 17:43:57+00:00,48.934393,9.080706,189.8,2026-07-12 17:43:57+00:00,0.0
11750,DJI_0408_frame_011750,470.0,0:07:50,,1;0;0;0,0.8135;0.0000;0.0000,1;0;0,100.0,2026-07-12 17:44:02+00:00,48.933996,9.080842,189.8,2026-07-12 17:44:02+00:00,0.0
11875,DJI_0408_frame_011875,475.0,0:07:55,,1;0;0;0,0.7711;0.0000;0.0000,1;0;0,100.0,2026-07-12 17:44:07+00:00,48.933597,9.080958,189.8,2026-07-12 17:44:07+00:00,0.0
12000,DJI_0408_frame_012000,480.0,0:08:00,,1;0;0;0,0.7006;0.0000;0.0000,1;0;0,100.0,2026-07-12 17:44:12+00:00,48.93318,9.081066,189.8,2026-07-12 17:44:12+00:00,0.0
12125,DJI_0408_frame_012125,485.0,0:08:05,,1;0;0;0,0.6555;0.0000;0.0000,0;0;0,100.0,2026-07-12 17:44:17+00:00,48.932766,9.081171,189.7,2026-07-12 17:44:17+00:00,0.0
12250,DJI_0408_frame_012250,490.0,0:08:10,,1;0;0;0,0.6879;0.0000;0.0000,0;0;0,100.0,2026-07-12 17:44:22+00:00,48.932366,9.08132,189.6,2026-07-12 17:44:22+00:00,0.0
12375,DJI_0408_frame_012375,495.0,0:08:15,,1;0;0;0,0.7306;0.0000;0.0000,0;0;0,100.0,2026-07-12 17:44:27+00:00,48.931967,9.0815,189.6,2026-07-12 17:44:27+00:00,0.0
12500,DJI_0408_frame_012500,500.0,0:08:20,,1;0;0;0,0.6811;0.0000;0.0000,0;0;0,100.0,2026-07-12 17:44:32+00:00,48.931554,9.081662,189.6,2026-07-12 17:44:32+00:00,0.0
12625,DJI_0408_frame_012625,505.0,0:08:25,,1;0;0;0,0.6912;0.0000;0.0000,1;0;0,100.0,2026-07-12 17:44:37+00:00,48.931133,9.081596,189.6,2026-07-12 17:44:37+00:00,0.0
12750,DJI_0408_frame_012750,510.0,0:08:30,,1;0;0;0,0.7308;0.0000;0.0000,0;0;0,100.0,2026-07-12 17:44:42+00:00,48.930721,9.081473,189.6,2026-07-12 17:44:42+00:00,0.0
12875,DJI_0408_frame_012875,515.0,0:08:35,,1;0;0;0,0.7061;0.0000;0.0000,0;0;0,100.0,2026-07-12 17:44:47+00:00,48.930338,9.081314,189.6,2026-07-12 17:44:47+00:00,0.0
13000,DJI_0408_frame_013000,520.0,0:08:40,,1;0;0;0,0.6877;0.0000;0.0000,0;0;0,100.0,2026-07-12 17:44:52+00:00,48.930003,9.080987,189.7,2026-07-12 17:44:52+00:00,0.0
13125,DJI_0408_frame_013125,525.0,0:08:45,,0;0;0;1,0.6699;0.0000;0.0000,0;0;0,82.0,2026-07-12 17:44:57+00:00,48.929673,9.080701,189.8,2026-07-12 17:44:57+00:00,0.0
13250,DJI_0408_frame_013250,530.0,0:08:50,,1;0;0;0,0.4263;0.0000;0.0000,0;0;0,100.0,2026-07-12 17:45:02+00:00,48.929326,9.080479,190.1,2026-07-12 17:45:02+00:00,0.0
13375,DJI_0408_frame_013375,535.0,0:08:55,,1;0;0;0,0.4991;0.0000;0.0000,0;0;0,100.0,2026-07-12 17:45:07+00:00,48.929001,9.080192,190.6,2026-07-12 17:45:07+00:00,0.0
13500,DJI_0408_frame_013500,540.0,0:09:00,,1;0;0;0,0.5293;0.0000;0.0000,0;0;0,100.0,2026-07-12 17:45:12+00:00,48.928828,9.07971,191.0,2026-07-12 17:45:12+00:00,0.0
13625,DJI_0408_frame_013625,545.0,0:09:05,,0;1;0;0,0.6132;0.0000;0.0000,0;0;0,94.0,2026-07-12 17:45:17+00:00,48.928669,9.079203,190.9,2026-07-12 17:45:17+00:00,0.0
13750,DJI_0408_frame_013750,550.0,0:09:10,,1;0;0;0,0.5732;0.0000;0.0000,0;0;0,100.0,2026-07-12 17:45:22+00:00,48.928514,9.07867,190.7,2026-07-12 17:45:22+00:00,0.0
13875,DJI_0408_frame_013875,555.0,0:09:15,,1;0;0;0,0.6420;0.0000;0.0000,0;0;0,100.0,2026-07-12 17:45:27+00:00,48.928453,9.078097,190.8,2026-07-12 17:45:27+00:00,0.0
14000,DJI_0408_frame_014000,560.0,0:09:20,,1;0;0;0,0.6618;0.0000;0.0000,0;0;0,100.0,2026-07-12 17:45:32+00:00,48.928575,9.077542,190.3,2026-07-12 17:45:32+00:00,0.0
14125,DJI_0408_frame_014125,565.0,0:09:25,,1;0;0;0,0.7139;0.0000;0.0000,0;0;0,100.0,2026-07-12 17:45:37+00:00,48.928773,9.076916,190.2,2026-07-12 17:45:37+00:00,0.0
14250,DJI_0408_frame_014250,570.0,0:09:30,,1;0;0;0,0.7100;0.0000;0.0000,0;0;0,100.0,2026-07-12 17:45:42+00:00,48.928916,9.076547,190.1,2026-07-12 17:45:42+00:00,0.0
14375,DJI_0408_frame_014375,575.0,0:09:35,,0;0;1;0,0.4628;0.0000;0.0004,0;0;0,85.98,2026-07-12 17:45:47+00:00,48.92908,9.076088,190.0,2026-07-12 17:45:47+00:00,0.0
14500,DJI_0408_frame_014500,580.0,0:09:40,,1;0;0;0,0.6650;0.0000;0.0000,1;0;0,100.0,2026-07-12 17:45:52+00:00,48.929237,9.075655,190.0,2026-07-12 17:45:52+00:00,0.0
14625,DJI_0408_frame_014625,585.0,0:09:45,,1;0;0;0,0.6345;0.0000;0.0000,0;0;0,100.0,2026-07-12 17:45:57+00:00,48.929561,9.075335,189.9,2026-07-12 17:45:57+00:00,0.0
14750,DJI_0408_frame_014750,590.0,0:09:50,,1;0;0;0,0.6398;0.0000;0.0000,0;0;0,100.0,2026-07-12 17:46:02+00:00,48.929898,9.075052,189.9,2026-07-12 17:46:02+00:00,0.0
14875,DJI_0408_frame_014875,595.0,0:09:55,,1;0;0;0,0.6897;0.0000;0.0000,0;0;0,100.0,2026-07-12 17:46:07+00:00,48.930265,9.074863,190.0,2026-07-12 17:46:07+00:00,0.0
15000,DJI_0408_frame_015000,600.0,0:10:00,,1;0;0;0,0.6445;0.0000;0.0000,0;0;0,100.0,2026-07-12 17:46:12+00:00,48.930634,9.07469,190.2,2026-07-12 17:46:12+00:00,0.0
15125,DJI_0408_frame_015125,605.0,0:10:05,,1;0;0;0,0.7192;0.0000;0.0000,0;0;0,100.0,2026-07-12 17:46:17+00:00,48.931003,9.074523,190.4,2026-07-12 17:46:17+00:00,0.0
15250,DJI_0408_frame_015250,610.0,0:10:10,,1;0;0;0,0.7062;0.0000;0.0000,0;0;0,100.0,2026-07-12 17:46:22+00:00,48.931353,9.074341,190.5,2026-07-12 17:46:22+00:00,0.0
15375,DJI_0408_frame_015375,615.0,0:10:15,,0;0;0;1,0.6937;0.0000;0.0000,0;0;0,82.0,2026-07-12 17:46:27+00:00,48.931575,9.074232,190.6,2026-07-12 17:46:27+00:00,0.0
15500,DJI_0408_frame_015500,620.0,0:10:20,,1;0;0;0,0.5740;0.0000;0.0000,0;0;0,100.0,2026-07-12 17:46:32+00:00,48.93166,9.074168,190.6,2026-07-12 17:46:32+00:00,0.0
15625,DJI_0408_frame_015625,625.0,0:10:25,,1;0;0;0,0.6729;0.0000;0.0000,0;0;0,100.0,2026-07-12 17:46:37+00:00,48.931757,9.074092,190.6,2026-07-12 17:46:37+00:00,0.0
15750,DJI_0408_frame_015750,630.0,0:10:30,,1;0;0;0,0.6663;0.0000;0.0000,0;0;0,100.0,2026-07-12 17:46:42+00:00,48.931862,9.074008,190.6,2026-07-12 17:46:42+00:00,0.0
15875,DJI_0408_frame_015875,635.0,0:10:35,,1;0;0;0,0.6997;0.0000;0.0000,0;0;0,100.0,2026-07-12 17:46:47+00:00,48.931958,9.073936,190.6,2026-07-12 17:46:47+00:00,0.0
16000,DJI_0408_frame_016000,640.0,0:10:40,,1;0;0;0,0.6942;0.0000;0.0000,0;0;0,100.0,2026-07-12 17:46:52+00:00,48.932061,9.073852,190.6,2026-07-12 17:46:52+00:00,0.0
16125,DJI_0408_frame_016125,645.0,0:10:45,,1;0;0;0,0.7048;0.0000;0.0000,0;0;0,100.0,2026-07-12 17:46:57+00:00,48.932186,9.073761,190.6,2026-07-12 17:46:57+00:00,0.0
16250,DJI_0408_frame_016250,650.0,0:10:50,,0;0;0;1,0.7305;0.0000;0.0000,0;0;0,82.0,2026-07-12 17:47:02+00:00,48.93233,9.073659,190.7,2026-07-12 17:47:02+00:00,0.0
16375,DJI_0408_frame_016375,655.0,0:10:55,,1;0;0;0,0.7831;0.0000;0.0000,0;0;0,100.0,2026-07-12 17:47:07+00:00,48.932476,9.0736,190.7,2026-07-12 17:47:07+00:00,0.0
16500,DJI_0408_frame_016500,660.0,0:11:00,,1;0;0;0,0.7424;0.0000;0.0000,0;0;0,100.0,2026-07-12 17:47:12+00:00,48.932596,9.073549,190.7,2026-07-12 17:47:12+00:00,0.0
16625,DJI_0408_frame_016625,665.0,0:11:05,,1;0;0;0,0.7073;0.0000;0.0000,0;0;0,100.0,2026-07-12 17:47:17+00:00,48.932725,9.073484,190.7,2026-07-12 17:47:17+00:00,0.0
16750,DJI_0408_frame_016750,670.0,0:11:10,,1;0;0;0,0.6375;0.0000;0.0000,0;0;0,100.0,2026-07-12 17:47:22+00:00,48.932854,9.073417,190.8,2026-07-12 17:47:22+00:00,0.0
16875,DJI_0408_frame_016875,675.0,0:11:15,,1;0;0;0,0.6448;0.0000;0.0000,0;0;0,100.0,2026-07-12 17:47:27+00:00,48.932964,9.073362,190.9,2026-07-12 17:47:27+00:00,0.0
17000,DJI_0408_frame_017000,680.0,0:11:20,,1;0;0;0,0.7175;0.0000;0.0000,0;0;0,100.0,2026-07-12 17:47:32+00:00,48.933062,9.073319,191.0,2026-07-12 17:47:32+00:00,0.0
17125,DJI_0408_frame_017125,685.0,0:11:25,,1;0;0;0,0.7152;0.0000;0.0000,0;0;0,100.0,2026-07-12 17:47:37+00:00,48.933141,9.07327,191.1,2026-07-12 17:47:37+00:00,0.0
17250,DJI_0408_frame_017250,690.0,0:11:30,,1;0;0;0,0.7425;0.0000;0.0000,0;0;0,100.0,2026-07-12 17:47:42+00:00,48.933213,9.073241,191.1,2026-07-12 17:47:42+00:00,0.0
17375,DJI_0408_frame_017375,695.0,0:11:35,,1;0;0;0,0.7041;0.0000;0.0000,0;0;0,100.0,2026-07-12 17:47:47+00:00,48.933298,9.073215,191.2,2026-07-12 17:47:47+00:00,0.0
17500,DJI_0408_frame_017500,700.0,0:11:40,,0;0;0;1,0.7251;0.0000;0.0000,0;0;0,82.0,2026-07-12 17:47:52+00:00,48.933455,9.073156,191.2,2026-07-12 17:47:52+00:00,0.0
17625,DJI_0408_frame_017625,705.0,0:11:45,,1;0;0;0,0.7543;0.0000;0.0000,0;0;0,100.0,2026-07-12 17:47:57+00:00,48.93377,9.073068,191.2,2026-07-12 17:47:57+00:00,0.0
17750,DJI_0408_frame_017750,710.0,0:11:50,,0;0;0;1,0.7200;0.0000;0.0000,0;0;0,82.0,2026-07-12 17:48:02+00:00,48.934153,9.072913,191.2,2026-07-12 17:48:02+00:00,0.0
17875,DJI_0408_frame_017875,715.0,0:11:55,,0;0;0;1,0.7321;0.0000;0.0000,0;0;0,82.0,2026-07-12 17:48:07+00:00,48.934572,9.072826,191.3,2026-07-12 17:48:07+00:00,0.0
18000,DJI_0408_frame_018000,720.0,0:12:00,,0;0;0;1,0.7469;0.0028;0.0000,0;0;0,82.0,2026-07-12 17:48:12+00:00,48.934985,9.072795,191.4,2026-07-12 17:48:12+00:00,0.0
18125,DJI_0408_frame_018125,725.0,0:12:05,,1;0;0;0,0.8287;0.0000;0.0000,0;0;0,100.0,2026-07-12 17:48:17+00:00,48.93539,9.072756,191.4,2026-07-12 17:48:17+00:00,0.0
18250,DJI_0408_frame_018250,730.0,0:12:10,,1;0;0;0,0.8536;0.0000;0.0000,0;0;0,100.0,2026-07-12 17:48:22+00:00,48.935778,9.072618,191.5,2026-07-12 17:48:22+00:00,0.0
18375,DJI_0408_frame_018375,735.0,0:12:15,,1;0;0;0,0.7068;0.0000;0.0000,0;0;0,100.0,2026-07-12 17:48:27+00:00,48.936126,9.072376,191.8,2026-07-12 17:48:27+00:00,0.0
18500,DJI_0408_frame_018500,740.0,0:12:20,,1;0;0;0,0.8731;0.0000;0.0000,0;0;0,100.0,2026-07-12 17:48:32+00:00,48.936471,9.072112,192.1,2026-07-12 17:48:32+00:00,0.0
18625,DJI_0408_frame_018625,745.0,0:12:25,,1;0;0;0,0.8154;0.0000;0.0000,0;0;0,100.0,2026-07-12 17:48:37+00:00,48.936805,9.071857,192.2,2026-07-12 17:48:37+00:00,0.0
18750,DJI_0408_frame_018750,750.0,0:12:30,,1;0;0;0,0.8848;0.0000;0.0000,0;0;0,100.0,2026-07-12 17:48:42+00:00,48.937172,9.071592,192.2,2026-07-12 17:48:42+00:00,0.0
18875,DJI_0408_frame_018875,755.0,0:12:35,,1;0;0;0,0.8206;0.0000;0.0000,0;0;0,100.0,2026-07-12 17:48:47+00:00,48.937574,9.071429,192.3,2026-07-12 17:48:47+00:00,0.0
19000,DJI_0408_frame_019000,760.0,0:12:40,,1;0;0;0,0.6671;0.0000;0.0000,0;0;0,100.0,2026-07-12 17:48:52+00:00,48.937902,9.071202,192.3,2026-07-12 17:48:52+00:00,0.0
19125,DJI_0408_frame_019125,765.0,0:12:45,,1;0;0;0,0.5818;0.0000;0.0000,0;0;0,100.0,2026-07-12 17:48:57+00:00,48.938157,9.070716,192.0,2026-07-12 17:48:57+00:00,0.0
19250,DJI_0408_frame_019250,770.0,0:12:50,,1;0;0;0,0.5205;0.0000;0.0000,0;0;0,100.0,2026-07-12 17:49:02+00:00,48.93829,9.070136,191.9,2026-07-12 17:49:02+00:00,0.0
19375,DJI_0408_frame_019375,775.0,0:12:55,,1;0;0;0,0.4722;0.0000;0.0000,0;0;0,100.0,2026-07-12 17:49:07+00:00,48.938484,9.069597,192.2,2026-07-12 17:49:07+00:00,0.0
19500,DJI_0408_frame_019500,780.0,0:13:00,,1;0;0;0,0.4747;0.0000;0.0000,0;0;0,100.0,2026-07-12 17:49:12+00:00,48.938733,9.069126,192.2,2026-07-12 17:49:12+00:00,0.0
19625,DJI_0408_frame_019625,785.0,0:13:05,,1;0;0;0,0.4766;0.0000;0.0000,0;0;0,100.0,2026-07-12 17:49:17+00:00,48.938962,9.068631,192.3,2026-07-12 17:49:17+00:00,0.0
19750,DJI_0408_frame_019750,790.0,0:13:10,,0;0;0;1,0.5475;0.0000;0.0000,0;0;0,82.0,2026-07-12 17:49:22+00:00,48.939182,9.068126,192.4,2026-07-12 17:49:22+00:00,0.0
19875,DJI_0408_frame_019875,795.0,0:13:15,,1;0;0;0,0.5073;0.0000;0.0000,0;0;0,100.0,2026-07-12 17:49:27+00:00,48.939413,9.067638,192.2,2026-07-12 17:49:27+00:00,0.0
20000,DJI_0408_frame_020000,800.0,0:13:20,,0;0;0;1,0.5190;0.0000;0.0000,0;0;0,82.0,2026-07-12 17:49:32+00:00,48.939636,9.067163,192.1,2026-07-12 17:49:32+00:00,0.0
20125,DJI_0408_frame_020125,805.0,0:13:25,,1;0;0;0,0.5821;0.0000;0.0000,0;2;0,69.74,2026-07-12 17:49:37+00:00,48.939886,9.066729,192.1,2026-07-12 17:49:37+00:00,0.0
20250,DJI_0408_frame_020250,810.0,0:13:30,,1;0;0;0,0.6859;0.0000;0.0000,0;3;0,66.74,2026-07-12 17:49:42+00:00,48.940155,9.066352,192.2,2026-07-12 17:49:42+00:00,0.0
20375,DJI_0408_frame_020375,815.0,0:13:35,,1;0;0;0,0.7682;0.0000;0.0000,0;1;0,77.88,2026-07-12 17:49:47+00:00,48.940432,9.066,192.5,2026-07-12 17:49:47+00:00,0.0
20500,DJI_0408_frame_020500,820.0,0:13:40,,1;0;0;0,0.7026;0.0000;0.0000,0;0;0,100.0,2026-07-12 17:49:52+00:00,48.940607,9.065696,192.8,2026-07-12 17:49:52+00:00,0.0
20625,DJI_0408_frame_020625,825.0,0:13:45,,1;0;0;0,0.7354;0.0000;0.0000,0;0;0,100.0,2026-07-12 17:49:57+00:00,48.940449,9.065285,192.2,2026-07-12 17:49:57+00:00,0.0
20750,DJI_0408_frame_020750,830.0,0:13:50,,1;0;0;0,0.7445;0.0000;0.0000,0;0;0,100.0,2026-07-12 17:50:02+00:00,48.94026,9.064813,192.1,2026-07-12 17:50:02+00:00,0.0
20875,DJI_0408_frame_020875,835.0,0:13:55,,1;0;0;0,0.7673;0.0000;0.0000,0;0;0,100.0,2026-07-12 17:50:07+00:00,48.940018,9.064352,192.2,2026-07-12 17:50:07+00:00,0.0
21000,DJI_0408_frame_021000,840.0,0:14:00,,1;0;0;0,0.6220;0.0000;0.0000,0;0;0,100.0,2026-07-12 17:50:12+00:00,48.939733,9.0639,193.2,2026-07-12 17:50:12+00:00,0.0
21125,DJI_0408_frame_021125,845.0,0:14:05,,1;0;0;0,0.5419;0.0000;0.0000,0;0;0,100.0,2026-07-12 17:50:17+00:00,48.939489,9.06349,194.2,2026-07-12 17:50:17+00:00,0.0
21250,DJI_0408_frame_021250,850.0,0:14:10,,1;0;0;0,0.6672;0.0000;0.0000,0;0;0,100.0,2026-07-12 17:50:22+00:00,48.939386,9.063092,193.9,2026-07-12 17:50:22+00:00,0.0
21375,DJI_0408_frame_021375,855.0,0:14:15,,1;0;0;0,0.4503;0.0000;0.0057,0;2;0,69.4,2026-07-12 17:50:27+00:00,48.939469,9.062551,193.2,2026-07-12 17:50:27+00:00,0.0
21500,DJI_0408_frame_021500,860.0,0:14:20,,0;1;0;0,0.3699;0.0000;0.0000,0;5;0,59.24,2026-07-12 17:50:32+00:00,48.939535,9.061945,193.4,2026-07-12 17:50:32+00:00,0.0
21625,DJI_0408_frame_021625,865.0,0:14:25,,0;1;0;0,0.3986;0.0000;0.0000,0;8;0,59.01,2026-07-12 17:50:37+00:00,48.939582,9.061323,193.6,2026-07-12 17:50:37+00:00,0.0
21750,DJI_0408_frame_021750,870.0,0:14:30,,0;1;0;0,0.4497;0.0000;0.0000,0;9;0,59.0,2026-07-12 17:50:42+00:00,48.939593,9.06071,193.7,2026-07-12 17:50:42+00:00,0.0
21875,DJI_0408_frame_021875,875.0,0:14:35,,1;0;0;0,0.5084;0.0000;0.0016,0;3;0,66.66,2026-07-12 17:50:47+00:00,48.939613,9.060105,194.6,2026-07-12 17:50:47+00:00,0.0
22000,DJI_0408_frame_022000,880.0,0:14:40,,0;1;0;0,0.1633;0.0000;0.1237,0;5;0,47.6,2026-07-12 17:50:52+00:00,48.939576,9.059561,195.7,2026-07-12 17:50:52+00:00,0.0
22125,DJI_0408_frame_022125,885.0,0:14:45,,0;1;0;0,0.1857;0.0000;0.2521,0;7;0,43.48,2026-07-12 17:50:57+00:00,48.93951,9.05908,196.2,2026-07-12 17:50:57+00:00,0.0
22250,DJI_0408_frame_022250,890.0,0:14:50,,0;1;0;0,0.1334;0.0000;0.2043,0;8;0,42.68,2026-07-12 17:51:02+00:00,48.939562,9.058517,195.7,2026-07-12 17:51:02+00:00,0.0
22375,DJI_0408_frame_022375,895.0,0:14:55,,0;1;0;0,0.0577;0.0000;0.1229,0;9;0,40.64,2026-07-12 17:51:07+00:00,48.93959,9.05791,195.4,2026-07-12 17:51:07+00:00,0.0
22500,DJI_0408_frame_022500,900.0,0:15:00,,0;1;0;0,0.1418;0.0000;0.0224,0;11;0,55.32,2026-07-12 17:51:12+00:00,48.939574,9.057321,195.4,2026-07-12 17:51:12+00:00,0.0
22625,DJI_0408_frame_022625,905.0,0:15:05,,0;1;0;0,0.2415;0.0000;0.0912,0;3;0,53.34,2026-07-12 17:51:17+00:00,48.939486,9.056757,195.2,2026-07-12 17:51:17+00:00,0.0
22750,DJI_0408_frame_022750,910.0,0:15:10,,1;0;0;0,0.1316;0.0000;0.2766,0;0;0,81.71,2026-07-12 17:51:22+00:00,48.939391,9.056228,195.2,2026-07-12 17:51:22+00:00,0.0
22875,DJI_0408_frame_022875,915.0,0:15:15,,1;0;0;0,0.5375;0.0000;0.0000,1;0;0,100.0,2026-07-12 17:51:27+00:00,48.939392,9.055925,195.1,2026-07-12 17:51:27+00:00,0.0
23000,DJI_0408_frame_023000,920.0,0:15:20,,0;0;1;0,0.4917;0.0000;0.0117,0;0;0,85.37,2026-07-12 17:51:32+00:00,48.939735,9.055799,194.5,2026-07-12 17:51:32+00:00,0.0
23125,DJI_0408_frame_023125,925.0,0:15:25,,0;0;0;1,0.5277;0.0000;0.0000,0;0;0,82.0,2026-07-12 17:51:37+00:00,48.94002,9.055454,194.3,2026-07-12 17:51:37+00:00,0.0
23250,DJI_0408_frame_023250,930.0,0:15:30,,1;0;0;0,0.7420;0.0000;0.0000,0;0;0,100.0,2026-07-12 17:51:42+00:00,48.940033,9.05507,194.4,2026-07-12 17:51:42+00:00,0.0
0,DJI_0409_frame_000000,931.08,0:15:31,,1;0;0;0,0.7262;0.0000;0.0000,0;0;0,100.0,2026-07-12 17:51:43.080000+00:00,48.940056,9.055008,194.4,2026-07-12 17:51:43+00:00,0.08
125,DJI_0409_frame_000125,936.08,0:15:36,,1;0;0;0,0.7597;0.0000;0.0000,0;2;1,68.51,2026-07-12 17:51:48.080000+00:00,48.940298,9.054802,194.0,2026-07-12 17:51:48+00:00,0.08
250,DJI_0409_frame_000250,941.08,0:15:41,,0;1;0;0,0.6889;0.0000;0.0000,0;1;0,71.88,2026-07-12 17:51:53.080000+00:00,48.940588,9.054549,193.9,2026-07-12 17:51:53+00:00,0.08
375,DJI_0409_frame_000375,946.08,0:15:46,,1;0;0;0,0.5123;0.0000;0.0000,0;0;0,100.0,2026-07-12 17:51:58.080000+00:00,48.94089,9.054273,194.6,2026-07-12 17:51:58+00:00,0.08
500,DJI_0409_frame_000500,951.08,0:15:51,,1;0;0;0,0.3997;0.0000;0.0000,0;0;0,100.0,2026-07-12 17:52:03.080000+00:00,48.941068,9.053911,195.5,2026-07-12 17:52:03+00:00,0.08
625,DJI_0409_frame_000625,956.08,0:15:56,,1;0;0;0,0.5544;0.0650;0.0000,0;0;0,100.0,2026-07-12 17:52:08.080000+00:00,48.941091,9.053848,195.6,2026-07-12 17:52:08+00:00,0.08
750,DJI_0409_frame_000750,961.08,0:16:01,,1;0;0;0,0.4944;0.0000;0.0000,0;0;0,100.0,2026-07-12 17:52:13.080000+00:00,48.9411,9.053811,195.6,2026-07-12 17:52:13+00:00,0.08
875,DJI_0409_frame_000875,966.08,0:16:06,,1;0;0;0,0.4980;0.0000;0.0000,0;0;0,100.0,2026-07-12 17:52:18.080000+00:00,48.941196,9.053533,195.8,2026-07-12 17:52:18+00:00,0.08
1000,DJI_0409_frame_001000,971.08,0:16:11,,1;0;0;0,0.7324;0.0000;0.0000,0;0;0,100.0,2026-07-12 17:52:23.080000+00:00,48.940981,9.053143,195.3,2026-07-12 17:52:23+00:00,0.08
1125,DJI_0409_frame_001125,976.08,0:16:16,,1;0;0;0,0.6915;0.0005;0.0000,0;0;0,100.0,2026-07-12 17:52:28.080000+00:00,48.940696,9.052659,194.4,2026-07-12 17:52:28+00:00,0.08
1250,DJI_0409_frame_001250,981.08,0:16:21,,1;0;0;0,0.7464;0.0000;0.0000,0;0;0,100.0,2026-07-12 17:52:33.080000+00:00,48.940355,9.052237,193.9,2026-07-12 17:52:33+00:00,0.08
1375,DJI_0409_frame_001375,986.08,0:16:26,,0;1;0;0,0.7313;0.0000;0.0000,0;1;0,71.88,2026-07-12 17:52:38.080000+00:00,48.940035,9.051744,193.6,2026-07-12 17:52:38+00:00,0.08
1500,DJI_0409_frame_001500,991.08,0:16:31,,1;0;0;0,0.4614;0.0000;0.0770,0;0;0,96.14,2026-07-12 17:52:43.080000+00:00,48.939735,9.051251,193.7,2026-07-12 17:52:43+00:00,0.08
1625,DJI_0409_frame_001625,996.08,0:16:36,,1;0;0;0,0.7742;0.0000;0.0000,0;0;0,100.0,2026-07-12 17:52:48.080000+00:00,48.939461,9.050764,193.9,2026-07-12 17:52:48+00:00,0.08
1750,DJI_0409_frame_001750,1001.08,0:16:41,,0;1;0;0,0.7515;0.0000;0.0000,0;0;0,94.0,2026-07-12 17:52:53.080000+00:00,48.939203,9.050296,194.2,2026-07-12 17:52:53+00:00,0.08
1875,DJI_0409_frame_001875,1006.08,0:16:46,,1;0;0;0,0.7646;0.0000;0.0000,0;0;0,100.0,2026-07-12 17:52:58.080000+00:00,48.939012,9.049794,195.1,2026-07-12 17:52:58+00:00,0.08
2000,DJI_0409_frame_002000,1011.08,0:16:51,,0;0;1;0,0.7052;0.0000;0.0000,0;0;0,86.0,2026-07-12 17:53:03.080000+00:00,48.938901,9.049288,196.7,2026-07-12 17:53:03+00:00,0.08
2125,DJI_0409_frame_002125,1016.08,0:16:56,,1;0;0;0,0.8737;0.0000;0.0000,0;0;0,100.0,2026-07-12 17:53:08.080000+00:00,48.938807,9.048827,197.3,2026-07-12 17:53:08+00:00,0.08
2250,DJI_0409_frame_002250,1021.08,0:17:01,,0;0;0;1,0.8013;0.0000;0.0000,0;0;0,82.0,2026-07-12 17:53:13.080000+00:00,48.938583,9.048431,195.9,2026-07-12 17:53:13+00:00,0.08
2375,DJI_0409_frame_002375,1026.08,0:17:06,,1;0;0;0,0.7935;0.0000;0.0000,0;0;0,100.0,2026-07-12 17:53:18.080000+00:00,48.938257,9.048035,195.4,2026-07-12 17:53:18+00:00,0.08
2500,DJI_0409_frame_002500,1031.08,0:17:11,,1;0;0;0,0.7908;0.0000;0.0000,0;0;0,100.0,2026-07-12 17:53:23.080000+00:00,48.938079,9.047521,196.2,2026-07-12 17:53:23+00:00,0.08
2625,DJI_0409_frame_002625,1036.08,0:17:16,,0;0;0;1,0.5563;0.0000;0.0000,0;0;0,82.0,2026-07-12 17:53:28.080000+00:00,48.937934,9.047082,197.6,2026-07-12 17:53:28+00:00,0.08
2750,DJI_0409_frame_002750,1041.08,0:17:21,,0;0;0;1,0.5887;0.0000;0.0000,0;0;0,82.0,2026-07-12 17:53:33.080000+00:00,48.937643,9.046738,197.1,2026-07-12 17:53:33+00:00,0.08
2875,DJI_0409_frame_002875,1046.08,0:17:26,,0;0;0;1,0.3499;0.0000;0.0000,0;0;0,82.0,2026-07-12 17:53:38.080000+00:00,48.937293,9.04646,196.0,2026-07-12 17:53:38+00:00,0.08
3000,DJI_0409_frame_003000,1051.08,0:17:31,,0;0;1;0,0.5785;0.0000;0.0000,0;0;0,86.0,2026-07-12 17:53:43.080000+00:00,48.937023,9.045941,195.6,2026-07-12 17:53:43+00:00,0.08
3125,DJI_0409_frame_003125,1056.08,0:17:36,,1;0;0;0,0.6063;0.0000;0.0000,0;0;0,100.0,2026-07-12 17:53:48.080000+00:00,48.936804,9.045398,196.3,2026-07-12 17:53:48+00:00,0.08
3250,DJI_0409_frame_003250,1061.08,0:17:41,,0;0;1;0,0.4885;0.0000;0.0000,0;0;0,86.0,2026-07-12 17:53:53.080000+00:00,48.936638,9.044866,197.5,2026-07-12 17:53:53+00:00,0.08
3375,DJI_0409_frame_003375,1066.08,0:17:46,,0;0;1;0,0.6313;0.0000;0.0000,0;0;0,86.0,2026-07-12 17:53:58.080000+00:00,48.936459,9.044374,197.9,2026-07-12 17:53:58+00:00,0.08
3500,DJI_0409_frame_003500,1071.08,0:17:51,,1;0;0;0,0.5445;0.0000;0.0000,3;0;0,100.0,2026-07-12 17:54:03.080000+00:00,48.936291,9.043834,198.1,2026-07-12 17:54:03+00:00,0.08
3625,DJI_0409_frame_003625,1076.08,0:17:56,,0;0;1;0,0.5629;0.0000;0.0000,0;0;0,86.0,2026-07-12 17:54:08.080000+00:00,48.936155,9.043276,198.3,2026-07-12 17:54:08+00:00,0.08
3750,DJI_0409_frame_003750,1081.08,0:18:01,,0;0;0;1,0.6057;0.0000;0.0000,0;1;0,59.88,2026-07-12 17:54:13.080000+00:00,48.936002,9.042724,198.1,2026-07-12 17:54:13+00:00,0.08
3875,DJI_0409_frame_003875,1086.08,0:18:06,,0;1;0;0,0.6750;0.0000;0.0000,0;2;0,63.74,2026-07-12 17:54:18.080000+00:00,48.935805,9.042214,197.5,2026-07-12 17:54:18+00:00,0.08
4000,DJI_0409_frame_004000,1091.08,0:18:11,,0;0;1;0,0.6691;0.0000;0.0000,0;0;0,86.0,2026-07-12 17:54:23.080000+00:00,48.935518,9.041737,196.7,2026-07-12 17:54:23+00:00,0.08
4125,DJI_0409_frame_004125,1096.08,0:18:16,,0;0;0;1,0.5687;0.0000;0.0000,0;0;0,82.0,2026-07-12 17:54:28.080000+00:00,48.935158,9.041345,196.3,2026-07-12 17:54:28+00:00,0.08
4250,DJI_0409_frame_004250,1101.08,0:18:21,,0;0;1;0,0.6115;0.0000;0.0000,0;0;0,86.0,2026-07-12 17:54:33.080000+00:00,48.93479,9.040961,194.9,2026-07-12 17:54:33+00:00,0.08
4375,DJI_0409_frame_004375,1106.08,0:18:26,,0;0;1;0,0.4891;0.0000;0.0001,0;0;0,86.0,2026-07-12 17:54:38.080000+00:00,48.934361,9.04066,194.6,2026-07-12 17:54:38+00:00,0.08
4500,DJI_0409_frame_004500,1111.08,0:18:31,,0;0;1;0,0.5857;0.0000;0.0000,0;0;0,86.0,2026-07-12 17:54:43.080000+00:00,48.933997,9.040269,194.7,2026-07-12 17:54:43+00:00,0.08
4625,DJI_0409_frame_004625,1116.08,0:18:36,,0;0;0;1,0.6172;0.0000;0.0000,0;0;0,82.0,2026-07-12 17:54:48.080000+00:00,48.933632,9.039863,194.9,2026-07-12 17:54:48+00:00,0.08
4750,DJI_0409_frame_004750,1121.08,0:18:41,,0;0;1;0,0.6342;0.0000;0.0000,0;0;0,86.0,2026-07-12 17:54:53.080000+00:00,48.933301,9.039441,195.2,2026-07-12 17:54:53+00:00,0.08
4875,DJI_0409_frame_004875,1126.08,0:18:46,,0;0;1;0,0.5679;0.0000;0.0000,0;0;0,86.0,2026-07-12 17:54:58.080000+00:00,48.933036,9.038936,195.2,2026-07-12 17:54:58+00:00,0.08
5000,DJI_0409_frame_005000,1131.08,0:18:51,,0;0;1;0,0.5280;0.0000;0.0000,0;0;0,86.0,2026-07-12 17:55:03.080000+00:00,48.932844,9.038387,195.3,2026-07-12 17:55:03+00:00,0.08
5125,DJI_0409_frame_005125,1136.08,0:18:56,,0;1;0;0,0.6099;0.0000;0.0000,0;0;0,94.0,2026-07-12 17:55:08.080000+00:00,48.932679,9.03781,195.2,2026-07-12 17:55:08+00:00,0.08
5250,DJI_0409_frame_005250,1141.08,0:19:01,,0;0;1;0,0.5848;0.0000;0.0000,0;0;0,86.0,2026-07-12 17:55:13.080000+00:00,48.932603,9.037197,195.2,2026-07-12 17:55:13+00:00,0.08
5375,DJI_0409_frame_005375,1146.08,0:19:06,,0;0;1;0,0.5918;0.0000;0.0000,0;0;0,86.0,2026-07-12 17:55:18.080000+00:00,48.932576,9.036573,195.3,2026-07-12 17:55:18+00:00,0.08
5500,DJI_0409_frame_005500,1151.08,0:19:11,,0;0;1;0,0.5799;0.0000;0.0071,0;0;0,85.67,2026-07-12 17:55:23.080000+00:00,48.932453,9.036002,195.5,2026-07-12 17:55:23+00:00,0.08
5625,DJI_0409_frame_005625,1156.08,0:19:16,,1;0;0;0,0.6663;0.0000;0.0162,0;0;0,99.36,2026-07-12 17:55:28.080000+00:00,48.932231,9.035518,195.8,2026-07-12 17:55:28+00:00,0.08
5750,DJI_0409_frame_005750,1161.08,0:19:21,,0;1;0;0,0.5986;0.0000;0.0162,0;0;0,93.29,2026-07-12 17:55:33.080000+00:00,48.932,9.035069,196.9,2026-07-12 17:55:33+00:00,0.08
5875,DJI_0409_frame_005875,1166.08,0:19:26,,0;1;0;0,0.6448;0.0000;0.0014,0;0;0,93.94,2026-07-12 17:55:38.080000+00:00,48.93188,9.034624,197.8,2026-07-12 17:55:38+00:00,0.08
6000,DJI_0409_frame_006000,1171.08,0:19:31,,0;1;0;0,0.6324;0.0000;0.0156,0;0;0,93.35,2026-07-12 17:55:43.080000+00:00,48.931745,9.034205,198.8,2026-07-12 17:55:43+00:00,0.08
6125,DJI_0409_frame_006125,1176.08,0:19:36,,0;1;0;0,0.3919;0.0000;0.0585,0;0;0,90.49,2026-07-12 17:55:48.080000+00:00,48.931563,9.033802,199.6,2026-07-12 17:55:48+00:00,0.08
6250,DJI_0409_frame_006250,1181.08,0:19:41,,0;1;0;0,0.4000;0.0000;0.0878,0;0;0,89.14,2026-07-12 17:55:53.080000+00:00,48.931384,9.033413,200.5,2026-07-12 17:55:53+00:00,0.08
6375,DJI_0409_frame_006375,1186.08,0:19:46,,1;0;0;0,0.5415;0.0000;0.1300,0;0;0,94.77,2026-07-12 17:55:58.080000+00:00,48.931183,9.033077,200.7,2026-07-12 17:55:58+00:00,0.08
6500,DJI_0409_frame_006500,1191.08,0:19:51,,1;0;0;0,0.6147;0.0000;0.0114,0;4;0,65.15,2026-07-12 17:56:03.080000+00:00,48.930882,9.032798,200.3,2026-07-12 17:56:03+00:00,0.08
6625,DJI_0409_frame_006625,1196.08,0:19:56,,1;0;0;0,0.4548;0.0000;0.1956,0;3;0,58.62,2026-07-12 17:56:08.080000+00:00,48.930545,9.032497,199.5,2026-07-12 17:56:08+00:00,0.08
6750,DJI_0409_frame_006750,1201.08,0:20:01,,0;1;0;0,0.4370;0.0000;0.0621,0;1;0,68.52,2026-07-12 17:56:13.080000+00:00,48.93018,9.032163,198.7,2026-07-12 17:56:13+00:00,0.08
6875,DJI_0409_frame_006875,1206.08,0:20:06,,1;0;0;0,0.3709;0.0000;0.1266,0;2;0,62.87,2026-07-12 17:56:18.080000+00:00,48.929819,9.031818,198.2,2026-07-12 17:56:18+00:00,0.08
7000,DJI_0409_frame_007000,1211.08,0:20:11,,0;1;0;0,0.2107;0.0000;0.1506,0;2;0,52.48,2026-07-12 17:56:23.080000+00:00,48.929492,9.031492,197.9,2026-07-12 17:56:23+00:00,0.08
7125,DJI_0409_frame_007125,1216.08,0:20:16,,0;1;0;0,0.4712;0.0000;0.0076,0;2;0,63.31,2026-07-12 17:56:28.080000+00:00,48.929443,9.031055,199.3,2026-07-12 17:56:28+00:00,0.08
7250,DJI_0409_frame_007250,1221.08,0:20:21,,0;1;0;0,0.4534;0.0000;0.0771,0;5;0,55.31,2026-07-12 17:56:33.080000+00:00,48.929156,9.030808,199.5,2026-07-12 17:56:33+00:00,0.08
7375,DJI_0409_frame_007375,1226.08,0:20:26,,1;0;0;0,0.3482;0.0000;0.0621,0;4;0,61.55,2026-07-12 17:56:38.080000+00:00,48.928812,9.030571,200.1,2026-07-12 17:56:38+00:00,0.08
7500,DJI_0409_frame_007500,1231.08,0:20:31,,1;0;0;0,0.5037;0.0000;0.0908,0;5;0,61.11,2026-07-12 17:56:43.080000+00:00,48.928462,9.030313,200.2,2026-07-12 17:56:43+00:00,0.08
7625,DJI_0409_frame_007625,1236.08,0:20:36,,1;0;0;0,0.2476;0.0000;0.1688,0;10;0,54.06,2026-07-12 17:56:48.080000+00:00,48.928101,9.03005,200.9,2026-07-12 17:56:48+00:00,0.08
7750,DJI_0409_frame_007750,1241.08,0:20:41,,0;1;0;0,0.0833;0.0000;0.3660,0;2;0,41.74,2026-07-12 17:56:53.080000+00:00,48.927736,9.02976,201.8,2026-07-12 17:56:53+00:00,0.08
7875,DJI_0409_frame_007875,1246.08,0:20:46,,0;1;0;0,0.2772;0.0000;0.2757,0;2;0,50.27,2026-07-12 17:56:58.080000+00:00,48.927394,9.029499,203.2,2026-07-12 17:56:58+00:00,0.08
8000,DJI_0409_frame_008000,1251.08,0:20:51,,1;0;0;0,0.0547;0.0000;0.4545,0;4;0,41.54,2026-07-12 17:57:03.080000+00:00,48.927067,9.029257,204.2,2026-07-12 17:57:03+00:00,0.08
8125,DJI_0409_frame_008125,1256.08,0:20:56,,0;1;0;0,0.0273;0.0000;0.4268,0;4;0,34.26,2026-07-12 17:57:08.080000+00:00,48.926708,9.028997,202.9,2026-07-12 17:57:08+00:00,0.08
8250,DJI_0409_frame_008250,1261.08,0:21:01,,0;1;0;0,0.0811;0.0000;0.3683,0;2;0,41.61,2026-07-12 17:57:13.080000+00:00,48.926275,9.028722,202.0,2026-07-12 17:57:13+00:00,0.08
8375,DJI_0409_frame_008375,1266.08,0:21:06,,0;1;0;0,0.0212;0.0000;0.5141,0;2;0,37.81,2026-07-12 17:57:18.080000+00:00,48.925844,9.028467,201.6,2026-07-12 17:57:18+00:00,0.08
8500,DJI_0409_frame_008500,1271.08,0:21:11,,1;0;0;0,0.0647;0.0000;0.4454,0;0;0,76.42,2026-07-12 17:57:23.080000+00:00,48.925438,9.028123,200.7,2026-07-12 17:57:23+00:00,0.08
8625,DJI_0409_frame_008625,1276.08,0:21:16,,0;1;0;0,0.0449;0.0000;0.4875,0;0;0,69.28,2026-07-12 17:57:28.080000+00:00,48.925051,9.027682,199.1,2026-07-12 17:57:28+00:00,0.08
8750,DJI_0409_frame_008750,1281.08,0:21:21,,0;1;0;0,0.3549;0.0000;0.0651,0;2;0,59.55,2026-07-12 17:57:33.080000+00:00,48.924735,9.027176,198.9,2026-07-12 17:57:33+00:00,0.08
8875,DJI_0409_frame_008875,1286.08,0:21:26,,0;1;0;0,0.3365;0.0000;0.0338,0;3;0,58.28,2026-07-12 17:57:38.080000+00:00,48.924639,9.026533,199.3,2026-07-12 17:57:38+00:00,0.08
9000,DJI_0409_frame_009000,1291.08,0:21:31,,0;1;0;0,0.0856;0.0000;0.3490,0;2;0,42.06,2026-07-12 17:57:43.080000+00:00,48.924472,9.025972,199.6,2026-07-12 17:57:43+00:00,0.08
9125,DJI_0409_frame_009125,1296.08,0:21:36,,1;0;0;0,0.2548;0.0000;0.0012,0;0;0,99.88,2026-07-12 17:57:48.080000+00:00,48.924331,9.025466,199.8,2026-07-12 17:57:48+00:00,0.08
9250,DJI_0409_frame_009250,1301.08,0:21:41,,0;0;0;1,0.7485;0.0000;0.0000,0;0;0,82.0,2026-07-12 17:57:53.080000+00:00,48.924178,9.02493,198.9,2026-07-12 17:57:53+00:00,0.08
9375,DJI_0409_frame_009375,1306.08,0:21:46,,1;0;0;0,0.7413;0.0000;0.0000,0;0;0,100.0,2026-07-12 17:57:58.080000+00:00,48.924057,9.024299,198.7,2026-07-12 17:57:58+00:00,0.08
9500,DJI_0409_frame_009500,1311.08,0:21:51,,1;0;0;0,0.8199;0.0000;0.0000,0;0;0,100.0,2026-07-12 17:58:03.080000+00:00,48.923943,9.023705,199.0,2026-07-12 17:58:03+00:00,0.08
9625,DJI_0409_frame_009625,1316.08,0:21:56,,1;0;0;0,0.8338;0.0000;0.0000,0;0;0,100.0,2026-07-12 17:58:08.080000+00:00,48.923919,9.023093,198.7,2026-07-12 17:58:08+00:00,0.08
9750,DJI_0409_frame_009750,1321.08,0:22:01,,0;0;0;1,0.7583;0.0000;0.0000,0;0;0,82.0,2026-07-12 17:58:13.080000+00:00,48.923942,9.022646,198.5,2026-07-12 17:58:13+00:00,0.08
9875,DJI_0409_frame_009875,1326.08,0:22:06,,0;0;0;1,0.7696;0.0000;0.0000,0;0;0,82.0,2026-07-12 17:58:18.080000+00:00,48.923994,9.02209,198.4,2026-07-12 17:58:18+00:00,0.08
10000,DJI_0409_frame_010000,1331.08,0:22:11,,0;0;0;1,0.8389;0.0000;0.0000,0;0;0,82.0,2026-07-12 17:58:23.080000+00:00,48.924055,9.021483,198.5,2026-07-12 17:58:23+00:00,0.08
10125,DJI_0409_frame_010125,1336.08,0:22:16,,1;0;0;0,0.8315;0.0000;0.0000,0;2;0,69.74,2026-07-12 17:58:28.080000+00:00,48.924115,9.020905,198.4,2026-07-12 17:58:28+00:00,0.08
10250,DJI_0409_frame_010250,1341.08,0:22:21,,0;1;0;0,0.7852;0.0000;0.0018,0;1;0,71.81,2026-07-12 17:58:33.080000+00:00,48.924196,9.02033,198.4,2026-07-12 17:58:33+00:00,0.08
10375,DJI_0409_frame_010375,1346.08,0:22:26,,0;0;0;1,0.7699;0.0195;0.0000,0;0;0,82.0,2026-07-12 17:58:38.080000+00:00,48.924248,9.01984,198.6,2026-07-12 17:58:38+00:00,0.08
10500,DJI_0409_frame_010500,1351.08,0:22:31,,0;0;1;0,0.4156;0.0000;0.2585,0;0;0,75.64,2026-07-12 17:58:43.080000+00:00,48.924262,9.019692,198.6,2026-07-12 17:58:43+00:00,0.08
10625,DJI_0409_frame_010625,1356.08,0:22:36,,0;0;1;0,0.6959;0.0000;0.0000,0;0;0,86.0,2026-07-12 17:58:48.080000+00:00,48.924304,9.019426,198.6,2026-07-12 17:58:48+00:00,0.08
10750,DJI_0409_frame_010750,1361.08,0:22:41,,0;0;1;0,0.6759;0.0000;0.0000,0;0;0,86.0,2026-07-12 17:58:53.080000+00:00,48.924376,9.018982,198.5,2026-07-12 17:58:53+00:00,0.08
10875,DJI_0409_frame_010875,1366.08,0:22:46,,0;0;1;0,0.6692;0.0000;0.0000,0;0;0,86.0,2026-07-12 17:58:58.080000+00:00,48.924469,9.018492,198.5,2026-07-12 17:58:58+00:00,0.08
11000,DJI_0409_frame_011000,1371.08,0:22:51,,0;0;0;1,0.6409;0.0000;0.0000,0;0;0,82.0,2026-07-12 17:59:03.080000+00:00,48.924571,9.018,198.1,2026-07-12 17:59:03+00:00,0.08
11125,DJI_0409_frame_011125,1376.08,0:22:56,,0;0;0;1,0.7976;0.0000;0.0000,0;0;0,82.0,2026-07-12 17:59:08.080000+00:00,48.924642,9.017417,197.8,2026-07-12 17:59:08+00:00,0.08
11250,DJI_0409_frame_011250,1381.08,0:23:01,,0;0;1;0,0.7943;0.0000;0.0000,0;0;0,86.0,2026-07-12 17:59:13.080000+00:00,48.924733,9.016836,197.8,2026-07-12 17:59:13+00:00,0.08
11375,DJI_0409_frame_011375,1386.08,0:23:06,,0;0;0;1,0.7366;0.1323;0.0000,0;1;0,59.88,2026-07-12 17:59:18.080000+00:00,48.92483,9.016263,198.0,2026-07-12 17:59:18+00:00,0.08
11500,DJI_0409_frame_011500,1391.08,0:23:11,,0;0;1;0,0.7560;0.0000;0.0000,0;0;0,86.0,2026-07-12 17:59:23.080000+00:00,48.924953,9.015739,197.6,2026-07-12 17:59:23+00:00,0.08
11625,DJI_0409_frame_011625,1396.08,0:23:16,,0;0;0;1,0.7803;0.0000;0.0000,0;0;0,82.0,2026-07-12 17:59:28.080000+00:00,48.925056,9.015185,197.6,2026-07-12 17:59:28+00:00,0.08
11750,DJI_0409_frame_011750,1401.08,0:23:21,,0;0;0;1,0.7603;0.0000;0.0000,0;0;0,82.0,2026-07-12 17:59:33.080000+00:00,48.925176,9.014635,197.5,2026-07-12 17:59:33+00:00,0.08
11875,DJI_0409_frame_011875,1406.08,0:23:26,,0;0;1;0,0.6353;0.0000;0.0000,0;0;0,86.0,2026-07-12 17:59:38.080000+00:00,48.925349,9.014104,197.7,2026-07-12 17:59:38+00:00,0.08
12000,DJI_0409_frame_012000,1411.08,0:23:31,,0;0;1;0,0.4462;0.0008;0.0000,0;0;0,86.0,2026-07-12 17:59:43.080000+00:00,48.925526,9.013636,198.9,2026-07-12 17:59:43+00:00,0.08
12125,DJI_0409_frame_012125,1416.08,0:23:36,,0;0;1;0,0.5608;0.0000;0.0000,0;0;0,86.0,2026-07-12 17:59:48.080000+00:00,48.925676,9.013237,200.4,2026-07-12 17:59:48+00:00,0.08
12250,DJI_0409_frame_012250,1421.08,0:23:41,,0;0;1;0,0.5859;0.0020;0.0000,0;0;0,86.0,2026-07-12 17:59:53.080000+00:00,48.925807,9.012846,201.8,2026-07-12 17:59:53+00:00,0.08
12375,DJI_0409_frame_012375,1426.08,0:23:46,,0;0;0;1,0.6503;0.0000;0.0000,0;0;0,82.0,2026-07-12 17:59:58.080000+00:00,48.925941,9.012471,202.7,2026-07-12 17:59:58+00:00,0.08
12500,DJI_0409_frame_012500,1431.08,0:23:51,,0;0;0;1,0.4080;0.0294;0.0000,0;0;0,82.0,2026-07-12 18:00:03.080000+00:00,48.926062,9.012077,203.5,2026-07-12 18:00:03+00:00,0.08
12625,DJI_0409_frame_012625,1436.08,0:23:56,,0;0;0;1,0.7891;0.0012;0.0000,0;0;0,82.0,2026-07-12 18:00:08.080000+00:00,48.926173,9.011689,202.5,2026-07-12 18:00:08+00:00,0.08
12750,DJI_0409_frame_012750,1441.08,0:24:01,,0;0;0;1,0.6657;0.2210;0.0000,0;0;0,82.0,2026-07-12 18:00:13.080000+00:00,48.926261,9.011122,199.4,2026-07-12 18:00:13+00:00,0.08
12875,DJI_0409_frame_012875,1446.08,0:24:06,,0;0;0;1,0.6933;0.0000;0.0000,0;0;0,82.0,2026-07-12 18:00:18.080000+00:00,48.926382,9.010408,197.8,2026-07-12 18:00:18+00:00,0.08
13000,DJI_0409_frame_013000,1451.08,0:24:11,,0;0;0;1,0.6850;0.0000;0.0000,0;0;0,82.0,2026-07-12 18:00:23.080000+00:00,48.926479,9.009758,198.0,2026-07-12 18:00:23+00:00,0.08
13125,DJI_0409_frame_013125,1456.08,0:24:16,,0;0;0;1,0.7689;0.0000;0.0000,0;0;0,82.0,2026-07-12 18:00:28.080000+00:00,48.926586,9.009192,199.0,2026-07-12 18:00:28+00:00,0.08
13250,DJI_0409_frame_013250,1461.08,0:24:21,,0;0;0;1,0.7307;0.0000;0.0000,0;0;0,82.0,2026-07-12 18:00:33.080000+00:00,48.926684,9.008671,200.9,2026-07-12 18:00:33+00:00,0.08
13375,DJI_0409_frame_013375,1466.08,0:24:26,,0;0;0;1,0.7198;0.0000;0.0000,0;0;0,82.0,2026-07-12 18:00:38.080000+00:00,48.926771,9.008263,202.1,2026-07-12 18:00:38+00:00,0.08
13500,DJI_0409_frame_013500,1471.08,0:24:31,,0;1;0;0,0.5939;0.0000;0.0000,0;0;0,94.0,2026-07-12 18:00:43.080000+00:00,48.926741,9.007742,201.6,2026-07-12 18:00:43+00:00,0.08
13625,DJI_0409_frame_013625,1476.08,0:24:36,,1;0;0;0,0.6133;0.0000;0.0000,0;1;0,77.88,2026-07-12 18:00:48.080000+00:00,48.92656,9.007179,201.0,2026-07-12 18:00:48+00:00,0.08
13750,DJI_0409_frame_013750,1481.08,0:24:41,,1;0;0;0,0.5656;0.0000;0.0083,0;0;0,99.61,2026-07-12 18:00:53.080000+00:00,48.926349,9.006611,200.6,2026-07-12 18:00:53+00:00,0.08
13875,DJI_0409_frame_013875,1486.08,0:24:46,,1;0;0;0,0.6241;0.0000;0.0045,0;0;0,99.81,2026-07-12 18:00:58.080000+00:00,48.926131,9.006041,200.2,2026-07-12 18:00:58+00:00,0.08
14000,DJI_0409_frame_014000,1491.08,0:24:51,,1;0;0;0,0.5364;0.0000;0.0071,0;0;0,99.65,2026-07-12 18:01:03.080000+00:00,48.925914,9.005509,199.9,2026-07-12 18:01:03+00:00,0.08
14125,DJI_0409_frame_014125,1496.08,0:24:56,,1;0;0;0,0.4578;0.0000;0.0078,0;0;0,99.55,2026-07-12 18:01:08.080000+00:00,48.925776,9.004915,199.6,2026-07-12 18:01:08+00:00,0.08
14250,DJI_0409_frame_014250,1501.08,0:25:01,,1;0;0;0,0.4119;0.0000;0.0233,0;0;0,98.56,2026-07-12 18:01:13.080000+00:00,48.92565,9.0043,199.6,2026-07-12 18:01:13+00:00,0.08
14375,DJI_0409_frame_014375,1506.08,0:25:06,,1;0;0;0,0.3794;0.0000;0.0000,0;0;0,100.0,2026-07-12 18:01:18.080000+00:00,48.925532,9.003709,200.0,2026-07-12 18:01:18+00:00,0.08
14500,DJI_0409_frame_014500,1511.08,0:25:11,,1;0;0;0,0.2787;0.0000;0.1022,0;0;0,92.75,2026-07-12 18:01:23.080000+00:00,48.925411,9.003129,201.0,2026-07-12 18:01:23+00:00,0.08
14625,DJI_0409_frame_014625,1516.08,0:25:16,,1;0;0;0,0.3913;0.0000;0.0246,0;0;0,98.4,2026-07-12 18:01:28.080000+00:00,48.925303,9.002582,202.0,2026-07-12 18:01:28+00:00,0.08
14750,DJI_0409_frame_014750,1521.08,0:25:21,,1;0;0;0,0.3804;0.0000;0.0000,0;0;0,100.0,2026-07-12 18:01:33.080000+00:00,48.925318,9.002051,202.7,2026-07-12 18:01:33+00:00,0.08
14875,DJI_0409_frame_014875,1526.08,0:25:26,,1;0;0;0,0.4590;0.0000;0.0000,0;1;0,77.88,2026-07-12 18:01:38.080000+00:00,48.925265,9.001517,202.9,2026-07-12 18:01:38+00:00,0.08
15000,DJI_0409_frame_015000,1531.08,0:25:31,,0;1;0;0,0.2236;0.0000;0.0000,0;0;0,94.0,2026-07-12 18:01:43.080000+00:00,48.925205,9.000973,203.0,2026-07-12 18:01:43+00:00,0.08
15125,DJI_0409_frame_015125,1536.08,0:25:36,,1;0;0;0,0.2068;0.0000;0.0000,0;0;0,100.0,2026-07-12 18:01:48.080000+00:00,48.925088,9.000478,203.4,2026-07-12 18:01:48+00:00,0.08
15250,DJI_0409_frame_015250,1541.08,0:25:41,,0;1;0;0,0.2820;0.0000;0.0000,0;0;0,94.0,2026-07-12 18:01:53.080000+00:00,48.924904,9.00004,204.0,2026-07-12 18:01:53+00:00,0.08
15375,DJI_0409_frame_015375,1546.08,0:25:46,,0;1;0;0,0.2680;0.0000;0.0089,0;1;0,71.01,2026-07-12 18:01:58.080000+00:00,48.924726,8.999608,204.6,2026-07-12 18:01:58+00:00,0.08
15500,DJI_0409_frame_015500,1551.08,0:25:51,,1;0;0;0,0.3104;0.0000;0.0223,0;0;0,98.19,2026-07-12 18:02:03.080000+00:00,48.924485,8.999261,204.8,2026-07-12 18:02:03+00:00,0.08
15625,DJI_0409_frame_015625,1556.08,0:25:56,,0;1;0;0,0.3822;0.0000;0.0341,0;0;0,91.79,2026-07-12 18:02:08.080000+00:00,48.924202,8.998925,204.7,2026-07-12 18:02:08+00:00,0.08
15750,DJI_0409_frame_015750,1561.08,0:26:01,,0;1;0;0,0.4400;0.0000;0.0000,0;2;0,63.74,2026-07-12 18:02:13.080000+00:00,48.923905,8.998557,204.5,2026-07-12 18:02:13+00:00,0.08
15875,DJI_0409_frame_015875,1566.08,0:26:06,,0;1;0;0,0.4418;0.0000;0.0000,0;0;0,94.0,2026-07-12 18:02:18.080000+00:00,48.923607,8.998167,204.4,2026-07-12 18:02:18+00:00,0.08
16000,DJI_0409_frame_016000,1571.08,0:26:11,,0;1;0;0,0.4573;0.0000;0.0000,0;0;0,94.0,2026-07-12 18:02:23.080000+00:00,48.923333,8.997737,204.3,2026-07-12 18:02:23+00:00,0.08
16125,DJI_0409_frame_016125,1576.08,0:26:16,,0;1;0;0,0.4490;0.0000;0.0060,0;0;0,93.64,2026-07-12 18:02:28.080000+00:00,48.923094,8.997254,204.3,2026-07-12 18:02:28+00:00,0.08
16250,DJI_0409_frame_016250,1581.08,0:26:21,,0;1;0;0,0.3592;0.0000;0.0220,0;1;0,70.32,2026-07-12 18:02:33.080000+00:00,48.922892,8.996771,204.4,2026-07-12 18:02:33+00:00,0.08
16375,DJI_0409_frame_016375,1586.08,0:26:26,,0;1;0;0,0.4146;0.0000;0.0285,0;5;0,57.5,2026-07-12 18:02:38.080000+00:00,48.922678,8.996288,204.3,2026-07-12 18:02:38+00:00,0.08
16500,DJI_0409_frame_016500,1591.08,0:26:31,,0;1;0;0,0.3469;0.0000;0.0049,0;1;0,71.5,2026-07-12 18:02:43.080000+00:00,48.922431,8.995829,203.8,2026-07-12 18:02:43+00:00,0.08
16625,DJI_0409_frame_016625,1596.08,0:26:36,,0;1;0;0,0.2015;0.0000;0.0494,0;1;0,66.56,2026-07-12 18:02:48.080000+00:00,48.922131,8.995388,202.7,2026-07-12 18:02:48+00:00,0.08
16750,DJI_0409_frame_016750,1601.08,0:26:41,,0;1;0;0,0.4458;0.0000;0.0000,0;0;0,94.0,2026-07-12 18:02:53.080000+00:00,48.92185,8.994905,201.7,2026-07-12 18:02:53+00:00,0.08
16875,DJI_0409_frame_016875,1606.08,0:26:46,,0;1;0;0,0.3240;0.0000;0.0060,0;0;0,93.51,2026-07-12 18:02:58.080000+00:00,48.921601,8.994369,201.2,2026-07-12 18:02:58+00:00,0.08
17000,DJI_0409_frame_017000,1611.08,0:26:51,,0;1;0;0,0.5497;0.0000;0.0000,0;0;0,94.0,2026-07-12 18:03:03.080000+00:00,48.921428,8.993778,201.1,2026-07-12 18:03:03+00:00,0.08
17125,DJI_0409_frame_017125,1616.08,0:26:56,,0;0;1;0,0.4849;0.0000;0.0000,0;0;0,86.0,2026-07-12 18:03:08.080000+00:00,48.921445,8.993133,200.8,2026-07-12 18:03:08+00:00,0.08
17250,DJI_0409_frame_017250,1621.08,0:27:01,,0;1;0;0,0.4708;0.0000;0.0000,0;0;0,94.0,2026-07-12 18:03:13.080000+00:00,48.921543,8.992515,201.1,2026-07-12 18:03:13+00:00,0.08
17375,DJI_0409_frame_017375,1626.08,0:27:06,,1;0;0;0,0.4648;0.0000;0.0000,0;0;0,100.0,2026-07-12 18:03:18.080000+00:00,48.921547,8.99195,201.7,2026-07-12 18:03:18+00:00,0.08
17500,DJI_0409_frame_017500,1631.08,0:27:11,,0;1;0;0,0.5543;0.0000;0.0000,0;0;0,94.0,2026-07-12 18:03:23.080000+00:00,48.921514,8.99142,201.8,2026-07-12 18:03:23+00:00,0.08
17625,DJI_0409_frame_017625,1636.08,0:27:16,,0;1;0;0,0.3758;0.0000;0.0000,0;0;0,94.0,2026-07-12 18:03:28.080000+00:00,48.92143,8.990896,201.4,2026-07-12 18:03:28+00:00,0.08
17750,DJI_0409_frame_017750,1641.08,0:27:21,,0;0;1;0,0.4876;0.0000;0.0000,0;0;0,86.0,2026-07-12 18:03:33.080000+00:00,48.921393,8.990311,201.1,2026-07-12 18:03:33+00:00,0.08
17875,DJI_0409_frame_017875,1646.08,0:27:26,,1;0;0;0,0.7228;0.0000;0.0000,0;0;0,100.0,2026-07-12 18:03:38.080000+00:00,48.921403,8.98967,200.5,2026-07-12 18:03:38+00:00,0.08
18000,DJI_0409_frame_018000,1651.08,0:27:31,,1;0;0;0,0.6307;0.0000;0.0000,0;0;0,100.0,2026-07-12 18:03:43.080000+00:00,48.921406,8.989007,199.9,2026-07-12 18:03:43+00:00,0.08
18125,DJI_0409_frame_018125,1656.08,0:27:36,,1;0;0;0,0.6513;0.0000;0.0000,0;0;0,100.0,2026-07-12 18:03:48.080000+00:00,48.921463,8.988353,199.7,2026-07-12 18:03:48+00:00,0.08
18250,DJI_0409_frame_018250,1661.08,0:27:41,,1;0;0;0,0.7300;0.0000;0.0000,0;0;0,100.0,2026-07-12 18:03:53.080000+00:00,48.921545,8.98774,199.8,2026-07-12 18:03:53+00:00,0.08
18375,DJI_0409_frame_018375,1666.08,0:27:46,,1;0;0;0,0.7550;0.0000;0.0000,0;0;0,100.0,2026-07-12 18:03:58.080000+00:00,48.921635,8.987129,199.3,2026-07-12 18:03:58+00:00,0.08
18500,DJI_0409_frame_018500,1671.08,0:27:51,,0;0;1;0,0.6169;0.0000;0.0000,0;0;0,86.0,2026-07-12 18:04:03.080000+00:00,48.921771,8.986539,199.1,2026-07-12 18:04:03+00:00,0.08
18625,DJI_0409_frame_018625,1676.08,0:27:56,,0;0;1;0,0.6028;0.0000;0.0000,1;0;0,86.0,2026-07-12 18:04:08.080000+00:00,48.921941,8.985964,199.0,2026-07-12 18:04:08+00:00,0.08
18750,DJI_0409_frame_018750,1681.08,0:28:01,,1;0;0;0,0.4954;0.0000;0.0000,0;1;0,77.88,2026-07-12 18:04:13.080000+00:00,48.922102,8.985314,199.1,2026-07-12 18:04:13+00:00,0.08
18875,DJI_0409_frame_018875,1686.08,0:28:06,,1;0;0;0,0.5969;0.0000;0.0000,0;0;0,100.0,2026-07-12 18:04:18.080000+00:00,48.922235,8.984789,199.2,2026-07-12 18:04:18+00:00,0.08
19000,DJI_0409_frame_019000,1691.08,0:28:11,,1;0;0;0,0.4990;0.0000;0.0000,0;1;0,77.88,2026-07-12 18:04:23.080000+00:00,48.922305,8.984174,199.6,2026-07-12 18:04:23+00:00,0.08
19125,DJI_0409_frame_019125,1696.08,0:28:16,,1;0;0;0,0.5558;0.0000;0.0000,2;2;0,72.07,2026-07-12 18:04:28.080000+00:00,48.92236,8.983567,199.9,2026-07-12 18:04:28+00:00,0.08
19250,DJI_0409_frame_019250,1701.08,0:28:21,,0;0;1;0,0.4443;0.0000;0.0000,0;0;0,86.0,2026-07-12 18:04:33.080000+00:00,48.922429,8.982993,199.9,2026-07-12 18:04:33+00:00,0.08
19375,DJI_0409_frame_019375,1706.08,0:28:26,,1;0;0;0,0.5349;0.0000;0.0000,0;0;0,100.0,2026-07-12 18:04:38.080000+00:00,48.922393,8.982403,199.5,2026-07-12 18:04:38+00:00,0.08
19500,DJI_0409_frame_019500,1711.08,0:28:31,,1;0;0;0,0.5108;0.0000;0.0000,0;0;0,100.0,2026-07-12 18:04:43.080000+00:00,48.922437,8.981793,199.5,2026-07-12 18:04:43+00:00,0.08
19625,DJI_0409_frame_019625,1716.08,0:28:36,,1;0;0;0,0.4603;0.0000;0.0000,0;0;0,100.0,2026-07-12 18:04:48.080000+00:00,48.922497,8.981208,199.6,2026-07-12 18:04:48+00:00,0.08
19750,DJI_0409_frame_019750,1721.08,0:28:41,,1;0;0;0,0.3640;0.0000;0.0000,0;0;0,100.0,2026-07-12 18:04:53.080000+00:00,48.922538,8.980628,199.8,2026-07-12 18:04:53+00:00,0.08
19875,DJI_0409_frame_019875,1726.08,0:28:46,,1;0;0;0,0.5983;0.0000;0.0000,0;0;0,100.0,2026-07-12 18:04:58.080000+00:00,48.922581,8.980058,200.2,2026-07-12 18:04:58+00:00,0.08
20000,DJI_0409_frame_020000,1731.08,0:28:51,,1;0;0;0,0.6492;0.0000;0.0000,0;0;0,100.0,2026-07-12 18:05:03.080000+00:00,48.92259,8.979532,200.7,2026-07-12 18:05:03+00:00,0.08
20125,DJI_0409_frame_020125,1736.08,0:28:56,,1;0;0;0,0.3429;0.0000;0.0000,0;0;0,100.0,2026-07-12 18:05:08.080000+00:00,48.922562,8.979014,201.4,2026-07-12 18:05:08+00:00,0.08
20250,DJI_0409_frame_020250,1741.08,0:29:01,,1;0;0;0,0.5743;0.0000;0.0019,0;0;0,99.91,2026-07-12 18:05:13.080000+00:00,48.922544,8.978513,202.5,2026-07-12 18:05:13+00:00,0.08
20375,DJI_0409_frame_020375,1746.08,0:29:06,,1;0;0;0,0.5231;0.0000;0.0000,0;0;0,100.0,2026-07-12 18:05:18.080000+00:00,48.922556,8.978084,203.8,2026-07-12 18:05:18+00:00,0.08
20500,DJI_0409_frame_020500,1751.08,0:29:11,,1;0;0;0,0.5178;0.0000;0.0000,0;0;0,100.0,2026-07-12 18:05:23.080000+00:00,48.922618,8.97775,205.4,2026-07-12 18:05:23+00:00,0.08
20625,DJI_0409_frame_020625,1756.08,0:29:16,,0;1;0;0,0.3273;0.0000;0.0000,0;0;0,94.0,2026-07-12 18:05:28.080000+00:00,48.922679,8.977463,206.9,2026-07-12 18:05:28+00:00,0.08
20750,DJI_0409_frame_020750,1761.08,0:29:21,,0;1;0;0,0.5142;0.0000;0.0000,0;0;0,94.0,2026-07-12 18:05:33.080000+00:00,48.922702,8.977155,208.2,2026-07-12 18:05:33+00:00,0.08
20875,DJI_0409_frame_020875,1766.08,0:29:26,,0;1;0;0,0.5275;0.0000;0.0009,0;0;0,93.96,2026-07-12 18:05:38.080000+00:00,48.922705,8.9768,208.4,2026-07-12 18:05:38+00:00,0.08
21000,DJI_0409_frame_021000,1771.08,0:29:31,,1;0;0;0,0.4294;0.0000;0.0000,0;1;0,77.88,2026-07-12 18:05:43.080000+00:00,48.922678,8.976437,209.6,2026-07-12 18:05:43+00:00,0.08
21125,DJI_0409_frame_021125,1776.08,0:29:36,,0;1;0;0,0.5151;0.0000;0.0000,0;1;0,71.88,2026-07-12 18:05:48.080000+00:00,48.922848,8.976241,209.9,2026-07-12 18:05:48+00:00,0.08
21250,DJI_0409_frame_021250,1781.08,0:29:41,,1;0;0;0,0.7227;0.0000;0.0000,0;0;0,100.0,2026-07-12 18:05:53.080000+00:00,48.923046,8.976086,210.3,2026-07-12 18:05:53+00:00,0.08
21375,DJI_0409_frame_021375,1786.08,0:29:46,,0;1;0;0,0.7613;0.0000;0.0000,0;0;0,94.0,2026-07-12 18:05:58.080000+00:00,48.92324,8.97595,210.8,2026-07-12 18:05:58+00:00,0.08
21500,DJI_0409_frame_021500,1791.08,0:29:51,,0;1;0;0,0.7754;0.0000;0.0000,0;0;0,94.0,2026-07-12 18:06:03.080000+00:00,48.923434,8.975828,211.3,2026-07-12 18:06:03+00:00,0.08
21625,DJI_0409_frame_021625,1796.08,0:29:56,,0;1;0;0,0.7773;0.0000;0.0000,0;0;0,94.0,2026-07-12 18:06:08.080000+00:00,48.923618,8.975701,211.9,2026-07-12 18:06:08+00:00,0.08
21750,DJI_0409_frame_021750,1801.08,0:30:01,,0;1;0;0,0.7776;0.0000;0.0000,0;0;0,94.0,2026-07-12 18:06:13.080000+00:00,48.923795,8.975587,212.4,2026-07-12 18:06:13+00:00,0.08
21875,DJI_0409_frame_021875,1806.08,0:30:06,,0;1;0;0,0.6833;0.0000;0.0000,0;0;0,94.0,2026-07-12 18:06:18.080000+00:00,48.923988,8.975465,212.9,2026-07-12 18:06:18+00:00,0.08
22000,DJI_0409_frame_022000,1811.08,0:30:11,,0;1;0;0,0.6658;0.0000;0.0016,0;0;0,93.93,2026-07-12 18:06:23.080000+00:00,48.924195,8.975337,213.4,2026-07-12 18:06:23+00:00,0.08
22125,DJI_0409_frame_022125,1816.08,0:30:16,,1;0;0;0,0.2127;0.0000;0.0098,0;0;0,98.81,2026-07-12 18:06:28.080000+00:00,48.924366,8.975198,214.0,2026-07-12 18:06:28+00:00,0.08
22250,DJI_0409_frame_022250,1821.08,0:30:21,,1;0;0;0,0.3273;0.0000;0.0134,0;0;0,98.94,2026-07-12 18:06:33.080000+00:00,48.924541,8.975047,214.4,2026-07-12 18:06:33+00:00,0.08
22375,DJI_0409_frame_022375,1826.08,0:30:26,,1;0;0;0,0.3218;0.0000;0.0000,0;0;0,100.0,2026-07-12 18:06:38.080000+00:00,48.924739,8.974845,214.7,2026-07-12 18:06:38+00:00,0.08
22500,DJI_0409_frame_022500,1831.08,0:30:31,,1;0;0;0,0.4144;0.0000;0.0201,0;0;0,98.75,2026-07-12 18:06:43.080000+00:00,48.924949,8.974595,215.1,2026-07-12 18:06:43+00:00,0.08
22625,DJI_0409_frame_022625,1836.08,0:30:36,,1;0;0;0,0.4753;0.0000;0.0081,0;0;0,99.55,2026-07-12 18:06:48.080000+00:00,48.92516,8.974279,215.6,2026-07-12 18:06:48+00:00,0.08
22750,DJI_0409_frame_022750,1841.08,0:30:41,,0;1;0;0,0.5992;0.0000;0.0000,0;0;0,94.0,2026-07-12 18:06:53.080000+00:00,48.92536,8.973953,216.2,2026-07-12 18:06:53+00:00,0.08
22875,DJI_0409_frame_022875,1846.08,0:30:46,,0;1;0;0,0.5589;0.0000;0.0000,0;0;0,94.0,2026-07-12 18:06:58.080000+00:00,48.92556,8.973627,216.8,2026-07-12 18:06:58+00:00,0.08
23000,DJI_0409_frame_023000,1851.08,0:30:51,,0;1;0;0,0.4644;0.0000;0.0000,0;0;0,94.0,2026-07-12 18:07:03.080000+00:00,48.925758,8.973304,217.4,2026-07-12 18:07:03+00:00,0.08
23125,DJI_0409_frame_023125,1856.08,0:30:56,,1;0;0;0,0.3999;0.0000;0.0002,0;0;0,99.98,2026-07-12 18:07:08.080000+00:00,48.925967,8.972975,218.2,2026-07-12 18:07:08+00:00,0.08
23250,DJI_0409_frame_023250,1861.08,0:31:01,,1;0;0;0,0.2934;0.0000;0.0061,0;0;0,99.45,2026-07-12 18:07:13.080000+00:00,48.926188,8.972631,219.0,2026-07-12 18:07:13+00:00,0.08
0,DJI_0410_frame_000000,1864.16,0:31:04,,1;0;0;0,0.2064;0.0000;0.0065,0;2;0,68.91,2026-07-12 18:07:16.160000+00:00,48.926308,8.972439,219.3,2026-07-12 18:07:16+00:00,0.16
125,DJI_0410_frame_000125,1869.16,0:31:09,,1;0;0;0,0.2365;0.0000;0.0059,1;0;0,99.35,2026-07-12 18:07:21.160000+00:00,48.926538,8.972148,219.9,2026-07-12 18:07:21+00:00,0.16
250,DJI_0410_frame_000250,1874.16,0:31:14,,1;0;0;0,0.4133;0.0000;0.0053,0;0;0,99.66,2026-07-12 18:07:26.160000+00:00,48.926806,8.971892,220.5,2026-07-12 18:07:26+00:00,0.16
375,DJI_0410_frame_000375,1879.16,0:31:19,,0;1;0;0,0.5332;0.0000;0.0146,0;0;0,93.28,2026-07-12 18:07:31.160000+00:00,48.927085,8.971683,221.2,2026-07-12 18:07:31+00:00,0.16
500,DJI_0410_frame_000500,1884.16,0:31:24,,1;0;0;0,0.4858;0.0000;0.0105,0;0;0,99.43,2026-07-12 18:07:36.160000+00:00,48.92738,8.971521,221.8,2026-07-12 18:07:36+00:00,0.16
625,DJI_0410_frame_000625,1889.16,0:31:29,,1;0;0;0,0.4133;0.0000;0.0262,0;0;0,98.39,2026-07-12 18:07:41.160000+00:00,48.927674,8.971367,222.6,2026-07-12 18:07:41+00:00,0.16
750,DJI_0410_frame_000750,1894.16,0:31:34,,1;0;0;0,0.5256;0.0000;0.0044,0;0;1,90.7,2026-07-12 18:07:46.160000+00:00,48.927968,8.971229,223.3,2026-07-12 18:07:46+00:00,0.16
875,DJI_0410_frame_000875,1899.16,0:31:39,,1;0;0;0,0.4416;0.0000;0.0151,0;0;0,99.11,2026-07-12 18:07:51.160000+00:00,48.928274,8.971091,223.7,2026-07-12 18:07:51+00:00,0.16
1000,DJI_0410_frame_001000,1904.16,0:31:44,,1;0;0;0,0.2734;0.0000;0.0496,0;0;0,95.86,2026-07-12 18:07:56.160000+00:00,48.928586,8.970932,224.5,2026-07-12 18:07:56+00:00,0.16
1125,DJI_0410_frame_001125,1909.16,0:31:49,,1;0;0;0,0.4214;0.0000;0.0010,0;0;0,99.93,2026-07-12 18:08:01.160000+00:00,48.928889,8.970788,225.6,2026-07-12 18:08:01+00:00,0.16
1250,DJI_0410_frame_001250,1914.16,0:31:54,,1;0;0;0,0.7299;0.0000;0.0000,0;0;0,100.0,2026-07-12 18:08:06.160000+00:00,48.929188,8.970641,226.4,2026-07-12 18:08:06+00:00,0.16
1375,DJI_0410_frame_001375,1919.16,0:31:59,,1;0;0;0,0.7356;0.0000;0.0000,0;0;0,100.0,2026-07-12 18:08:11.160000+00:00,48.929456,8.970457,227.3,2026-07-12 18:08:11+00:00,0.16
1500,DJI_0410_frame_001500,1924.16,0:32:04,,1;0;0;0,0.6872;0.0000;0.0000,0;0;0,100.0,2026-07-12 18:08:16.160000+00:00,48.929726,8.970226,228.4,2026-07-12 18:08:16+00:00,0.16
1625,DJI_0410_frame_001625,1929.16,0:32:09,,0;1;0;0,0.6467;0.0000;0.0000,0;0;0,94.0,2026-07-12 18:08:21.160000+00:00,48.929983,8.969931,229.3,2026-07-12 18:08:21+00:00,0.16
1750,DJI_0410_frame_001750,1934.16,0:32:14,,1;0;0;0,0.3583;0.0000;0.0065,0;3;0,66.26,2026-07-12 18:08:26.160000+00:00,48.930217,8.969608,230.2,2026-07-12 18:08:26+00:00,0.16
1875,DJI_0410_frame_001875,1939.16,0:32:19,,1;0;0;0,0.6295;0.0000;0.0361,0;0;0,98.53,2026-07-12 18:08:31.160000+00:00,48.930406,8.969225,230.7,2026-07-12 18:08:31+00:00,0.16
2000,DJI_0410_frame_002000,1944.16,0:32:24,,1;0;0;0,0.6275;0.0000;0.0056,0;1;0,77.64,2026-07-12 18:08:36.160000+00:00,48.930586,8.968849,231.0,2026-07-12 18:08:36+00:00,0.16
2125,DJI_0410_frame_002125,1949.16,0:32:29,,1;0;0;0,0.5395;0.0000;0.0000,0;3;0,66.74,2026-07-12 18:08:41.160000+00:00,48.930716,8.968415,231.6,2026-07-12 18:08:41+00:00,0.16
2250,DJI_0410_frame_002250,1954.16,0:32:34,,1;0;0;0,0.6461;0.0000;0.0000,0;2;0,69.74,2026-07-12 18:08:46.160000+00:00,48.930844,8.967971,232.3,2026-07-12 18:08:46+00:00,0.16
2375,DJI_0410_frame_002375,1959.16,0:32:39,,1;0;0;0,0.5742;0.0000;0.0002,0;0;0,99.99,2026-07-12 18:08:51.160000+00:00,48.930971,8.967517,232.7,2026-07-12 18:08:51+00:00,0.16
2500,DJI_0410_frame_002500,1964.16,0:32:44,,1;0;0;0,0.5157;0.0000;0.0064,0;0;0,99.67,2026-07-12 18:08:56.160000+00:00,48.931102,8.967061,233.1,2026-07-12 18:08:56+00:00,0.16
2625,DJI_0410_frame_002625,1969.16,0:32:49,,0;1;0;0,0.5690;0.0000;0.0000,0;0;0,94.0,2026-07-12 18:09:01.160000+00:00,48.931225,8.966613,233.6,2026-07-12 18:09:01+00:00,0.16
2750,DJI_0410_frame_002750,1974.16,0:32:54,,0;1;0;0,0.6639;0.0000;0.0000,0;0;0,94.0,2026-07-12 18:09:06.160000+00:00,48.931356,8.966164,234.4,2026-07-12 18:09:06+00:00,0.16
2875,DJI_0410_frame_002875,1979.16,0:32:59,,1;0;0;0,0.5004;0.0000;0.0775,0;0;0,96.38,2026-07-12 18:09:11.160000+00:00,48.931493,8.96573,235.2,2026-07-12 18:09:11+00:00,0.16
3000,DJI_0410_frame_003000,1984.16,0:33:04,,1;0;0;0,0.5380;0.0000;0.0349,0;1;0,76.23,2026-07-12 18:09:16.160000+00:00,48.931672,8.965329,236.0,2026-07-12 18:09:16+00:00,0.16
3125,DJI_0410_frame_003125,1989.16,0:33:09,,1;0;0;0,0.0832;0.0000;0.2733,0;1;0,57.18,2026-07-12 18:09:21.160000+00:00,48.931878,8.964979,236.5,2026-07-12 18:09:21+00:00,0.16
3250,DJI_0410_frame_003250,1994.16,0:33:14,,1;0;0;0,0.3287;0.0000;0.2600,0;0;0,88.08,2026-07-12 18:09:26.160000+00:00,48.932105,8.964612,236.8,2026-07-12 18:09:26+00:00,0.16
3375,DJI_0410_frame_003375,1999.16,0:33:19,,1;0;0;0,0.4759;0.0000;0.1878,0;0;0,92.36,2026-07-12 18:09:31.160000+00:00,48.932369,8.964255,236.9,2026-07-12 18:09:31+00:00,0.16
3500,DJI_0410_frame_003500,2004.16,0:33:24,,1;0;0;0,0.5779;0.0000;0.1176,1;0;0,95.43,2026-07-12 18:09:36.160000+00:00,48.932639,8.963866,236.9,2026-07-12 18:09:36+00:00,0.16
3625,DJI_0410_frame_003625,2009.16,0:33:29,,1;0;0;0,0.5796;0.0000;0.0026,0;0;0,99.88,2026-07-12 18:09:41.160000+00:00,48.932903,8.963477,236.9,2026-07-12 18:09:41+00:00,0.16
3750,DJI_0410_frame_003750,2014.16,0:33:34,,1;0;0;0,0.4642;0.0000;0.1135,1;0;0,94.69,2026-07-12 18:09:46.160000+00:00,48.933003,8.963302,236.9,2026-07-12 18:09:46+00:00,0.16
3875,DJI_0410_frame_003875,2019.16,0:33:39,,1;0;0;0,0.5503;0.0000;0.2653,0;0;0,91.22,2026-07-12 18:09:51.160000+00:00,48.932926,8.963437,236.9,2026-07-12 18:09:51+00:00,0.16
4000,DJI_0410_frame_004000,2024.16,0:33:44,,1;0;0;0,0.5533;0.0000;0.3052,0;1;0,68.28,2026-07-12 18:09:56.160000+00:00,48.932888,8.963458,236.9,2026-07-12 18:09:56+00:00,0.16
4125,DJI_0410_frame_004125,2029.16,0:33:49,,1;0;0;0,0.6272;0.0000;0.0522,0;1;0,75.8,2026-07-12 18:10:01.160000+00:00,48.932879,8.963457,236.9,2026-07-12 18:10:01+00:00,0.16
4250,DJI_0410_frame_004250,2034.16,0:33:54,,1;0;0;0,0.6380;0.0000;0.0403,0;2;0,68.13,2026-07-12 18:10:06.160000+00:00,,,,,
4375,DJI_0410_frame_004375,2039.16,0:33:59,,1;0;0;0,0.5655;0.0000;0.0341,0;0;0,98.46,2026-07-12 18:10:11.160000+00:00,,,,,
4500,DJI_0410_frame_004500,2044.16,0:34:04,,1;0;0;0,0.5850;0.0000;0.0397,0;1;0,76.16,2026-07-12 18:10:16.160000+00:00,,,,,
4625,DJI_0410_frame_004625,2049.16,0:34:09,,1;0;0;0,0.5477;0.0000;0.0601,0;2;0,67.07,2026-07-12 18:10:21.160000+00:00,,,,,
4750,DJI_0410_frame_004750,2054.16,0:34:14,,1;0;0;0,0.5363;0.0000;0.0738,0;0;0,96.73,2026-07-12 18:10:26.160000+00:00,,,,,
4875,DJI_0410_frame_004875,2059.16,0:34:19,,1;0;0;0,0.5604;0.0000;0.1382,0;0;0,94.66,2026-07-12 18:10:31.160000+00:00,,,,,
5000,DJI_0410_frame_005000,2064.16,0:34:24,,0;0;0;1,0.5991;0.0508;0.0000,0;0;0,82.0,2026-07-12 18:10:36.160000+00:00,48.932897,8.963478,236.9,2026-07-12 18:10:39+00:00,2.84
5125,DJI_0410_frame_005125,2069.16,0:34:29,,1;0;0;0,0.4122;0.0000;0.0754,0;0;0,95.82,2026-07-12 18:10:41.160000+00:00,48.932922,8.963445,236.9,2026-07-12 18:10:41+00:00,0.16
5250,DJI_0410_frame_005250,2074.16,0:34:34,,1;0;0;0,0.3887;0.0000;0.1268,0;0;0,93.36,2026-07-12 18:10:46.160000+00:00,48.933111,8.963203,236.9,2026-07-12 18:10:46+00:00,0.16
5375,DJI_0410_frame_005375,2079.16,0:34:39,,1;0;0;0,0.3270;0.0000;0.0025,0;3;0,66.54,2026-07-12 18:10:51.160000+00:00,48.933353,8.962858,236.8,2026-07-12 18:10:51+00:00,0.16
5500,DJI_0410_frame_005500,2084.16,0:34:44,,1;0;0;0,0.5945;0.0000;0.0131,0;0;0,99.42,2026-07-12 18:10:56.160000+00:00,48.933684,8.96239,236.6,2026-07-12 18:10:56+00:00,0.16
5625,DJI_0410_frame_005625,2089.16,0:34:49,,1;0;0;0,0.5520;0.0000;0.0117,0;0;0,99.44,2026-07-12 18:11:01.160000+00:00,48.933924,8.962061,236.3,2026-07-12 18:11:01+00:00,0.16
5750,DJI_0410_frame_005750,2094.16,0:34:54,,1;0;0;0,0.4008;0.0000;0.0000,0;0;0,100.0,2026-07-12 18:11:06.160000+00:00,48.934225,8.961622,236.0,2026-07-12 18:11:06+00:00,0.16
5875,DJI_0410_frame_005875,2099.16,0:34:59,,1;0;0;0,0.3995;0.0000;0.0000,0;0;0,100.0,2026-07-12 18:11:11.160000+00:00,48.93449,8.961137,236.1,2026-07-12 18:11:11+00:00,0.16
6000,DJI_0410_frame_006000,2104.16,0:35:04,,1;0;0;0,0.5505;0.0000;0.0000,0;0;0,100.0,2026-07-12 18:11:16.160000+00:00,48.934705,8.960651,236.5,2026-07-12 18:11:16+00:00,0.16
6125,DJI_0410_frame_006125,2109.16,0:35:09,,1;0;0;0,0.5994;0.0000;0.0000,0;0;0,100.0,2026-07-12 18:11:21.160000+00:00,48.934914,8.960176,237.0,2026-07-12 18:11:21+00:00,0.16
6250,DJI_0410_frame_006250,2114.16,0:35:14,,1;0;0;0,0.4836;0.0000;0.0000,0;0;0,100.0,2026-07-12 18:11:26.160000+00:00,48.93512,8.959703,237.6,2026-07-12 18:11:26+00:00,0.16
6375,DJI_0410_frame_006375,2119.16,0:35:19,,1;0;0;0,0.4990;0.0000;0.0000,0;0;0,100.0,2026-07-12 18:11:31.160000+00:00,48.935317,8.959246,238.3,2026-07-12 18:11:31+00:00,0.16
6500,DJI_0410_frame_006500,2124.16,0:35:24,,1;0;0;0,0.5135;0.0000;0.0000,0;0;0,100.0,2026-07-12 18:11:36.160000+00:00,48.935511,8.958794,239.1,2026-07-12 18:11:36+00:00,0.16
6625,DJI_0410_frame_006625,2129.16,0:35:29,,1;0;0;0,0.6265;0.0000;0.0070,0;0;0,99.7,2026-07-12 18:11:41.160000+00:00,48.935686,8.958385,239.8,2026-07-12 18:11:41+00:00,0.16
6750,DJI_0410_frame_006750,2134.16,0:35:34,,1;0;0;0,0.6429;0.0000;0.0010,0;0;0,99.96,2026-07-12 18:11:46.160000+00:00,48.935869,8.957991,240.6,2026-07-12 18:11:46+00:00,0.16
6875,DJI_0410_frame_006875,2139.16,0:35:39,,1;0;0;0,0.5994;0.0000;0.0000,0;0;0,100.0,2026-07-12 18:11:51.160000+00:00,48.936039,8.957595,241.1,2026-07-12 18:11:51+00:00,0.16
7000,DJI_0410_frame_007000,2144.16,0:35:44,,1;0;0;0,0.7529;0.0000;0.0000,0;0;0,100.0,2026-07-12 18:11:56.160000+00:00,48.936214,8.957195,241.8,2026-07-12 18:11:56+00:00,0.16
7125,DJI_0410_frame_007125,2149.16,0:35:49,,1;0;0;0,0.7415;0.0000;0.0000,0;0;0,100.0,2026-07-12 18:12:01.160000+00:00,48.936366,8.95673,242.4,2026-07-12 18:12:01+00:00,0.16
7250,DJI_0410_frame_007250,2154.16,0:35:54,,1;0;0;0,0.7269;0.0000;0.0000,0;0;0,100.0,2026-07-12 18:12:06.160000+00:00,48.936515,8.956286,243.0,2026-07-12 18:12:06+00:00,0.16
7375,DJI_0410_frame_007375,2159.16,0:35:59,,1;0;0;0,0.6966;0.0000;0.0000,0;0;0,100.0,2026-07-12 18:12:11.160000+00:00,48.936673,8.955857,243.6,2026-07-12 18:12:11+00:00,0.16
7500,DJI_0410_frame_007500,2164.16,0:36:04,,0;1;0;0,0.4283;0.0000;0.0000,0;0;0,94.0,2026-07-12 18:12:16.160000+00:00,48.936857,8.955448,244.2,2026-07-12 18:12:16+00:00,0.16
7625,DJI_0410_frame_007625,2169.16,0:36:09,,1;0;0;0,0.7150;0.0000;0.0000,1;0;0,100.0,2026-07-12 18:12:21.160000+00:00,48.937054,8.955041,244.9,2026-07-12 18:12:21+00:00,0.16
7750,DJI_0410_frame_007750,2174.16,0:36:14,,1;0;0;0,0.6166;0.0000;0.0000,0;0;0,100.0,2026-07-12 18:12:26.160000+00:00,48.937254,8.954654,245.4,2026-07-12 18:12:26+00:00,0.16
7875,DJI_0410_frame_007875,2179.16,0:36:19,,1;0;0;0,0.4756;0.0000;0.0000,0;0;0,100.0,2026-07-12 18:12:31.160000+00:00,48.937452,8.954236,246.0,2026-07-12 18:12:31+00:00,0.16
8000,DJI_0410_frame_008000,2184.16,0:36:24,,1;0;0;0,0.6733;0.0000;0.0000,0;0;0,100.0,2026-07-12 18:12:36.160000+00:00,48.937641,8.953833,246.7,2026-07-12 18:12:36+00:00,0.16
8125,DJI_0410_frame_008125,2189.16,0:36:29,,1;0;0;0,0.7228;0.0000;0.0000,0;0;0,100.0,2026-07-12 18:12:41.160000+00:00,48.937817,8.953396,247.3,2026-07-12 18:12:41+00:00,0.16
8250,DJI_0410_frame_008250,2194.16,0:36:34,,1;0;0;0,0.5335;0.0000;0.0001,0;0;0,100.0,2026-07-12 18:12:46.160000+00:00,48.93801,8.952966,247.8,2026-07-12 18:12:46+00:00,0.16
8375,DJI_0410_frame_008375,2199.16,0:36:39,,1;0;0;0,0.3871;0.0000;0.0000,0;0;0,100.0,2026-07-12 18:12:51.160000+00:00,48.938211,8.952524,248.5,2026-07-12 18:12:51+00:00,0.16
8500,DJI_0410_frame_008500,2204.16,0:36:44,,1;0;0;0,0.5209;0.0000;0.0000,0;0;0,100.0,2026-07-12 18:12:56.160000+00:00,48.938399,8.952104,249.3,2026-07-12 18:12:56+00:00,0.16
8625,DJI_0410_frame_008625,2209.16,0:36:49,,0;1;0;0,0.5525;0.0000;0.0000,0;0;0,94.0,2026-07-12 18:13:01.160000+00:00,48.938574,8.951673,249.9,2026-07-12 18:13:01+00:00,0.16
8750,DJI_0410_frame_008750,2214.16,0:36:54,,1;0;0;0,0.4190;0.0000;0.0000,0;0;0,100.0,2026-07-12 18:13:06.160000+00:00,48.938771,8.951249,250.5,2026-07-12 18:13:06+00:00,0.16
8875,DJI_0410_frame_008875,2219.16,0:36:59,,1;0;0;0,0.4424;0.0000;0.0000,0;0;0,100.0,2026-07-12 18:13:11.160000+00:00,48.938973,8.950813,250.9,2026-07-12 18:13:11+00:00,0.16
9000,DJI_0410_frame_009000,2224.16,0:37:04,,1;0;0;0,0.5615;0.0000;0.0000,0;0;0,100.0,2026-07-12 18:13:16.160000+00:00,48.939211,8.950418,251.1,2026-07-12 18:13:16+00:00,0.16
9125,DJI_0410_frame_009125,2229.16,0:37:09,,1;0;0;0,0.6171;0.0000;0.0000,0;0;0,100.0,2026-07-12 18:13:21.160000+00:00,48.939491,8.950048,251.3,2026-07-12 18:13:21+00:00,0.16
9250,DJI_0410_frame_009250,2234.16,0:37:14,,1;0;0;0,0.5582;0.0000;0.0000,0;0;0,100.0,2026-07-12 18:13:26.160000+00:00,48.939794,8.949731,251.5,2026-07-12 18:13:26+00:00,0.16
9375,DJI_0410_frame_009375,2239.16,0:37:19,,1;0;0;0,0.5246;0.0000;0.0000,0;0;0,100.0,2026-07-12 18:13:31.160000+00:00,48.940123,8.949522,251.6,2026-07-12 18:13:31+00:00,0.16
9500,DJI_0410_frame_009500,2244.16,0:37:24,,1;0;0;0,0.5154;0.0000;0.0000,0;0;0,100.0,2026-07-12 18:13:36.160000+00:00,48.940474,8.949383,251.6,2026-07-12 18:13:36+00:00,0.16
9625,DJI_0410_frame_009625,2249.16,0:37:29,,1;0;0;0,0.5163;0.0000;0.0020,0;3;0,66.64,2026-07-12 18:13:41.160000+00:00,48.940854,8.949334,251.5,2026-07-12 18:13:41+00:00,0.16
9750,DJI_0410_frame_009750,2254.16,0:37:34,,1;0;0;0,0.5627;0.0000;0.0000,0;0;0,100.0,2026-07-12 18:13:46.160000+00:00,48.941238,8.94939,251.4,2026-07-12 18:13:46+00:00,0.16
9875,DJI_0410_frame_009875,2259.16,0:37:39,,0;1;0;0,0.6193;0.0000;0.0000,0;0;0,94.0,2026-07-12 18:13:51.160000+00:00,48.941601,8.949537,250.8,2026-07-12 18:13:51+00:00,0.16
10000,DJI_0410_frame_010000,2264.16,0:37:44,,0;1;0;0,0.6310;0.0000;0.0000,0;0;0,94.0,2026-07-12 18:13:56.160000+00:00,48.941976,8.94978,250.4,2026-07-12 18:13:56+00:00,0.16
10125,DJI_0410_frame_010125,2269.16,0:37:49,,1;0;0;0,0.6589;0.0000;0.0000,0;0;0,100.0,2026-07-12 18:14:01.160000+00:00,48.942318,8.950138,249.6,2026-07-12 18:14:01+00:00,0.16
10250,DJI_0410_frame_010250,2274.16,0:37:54,,1;0;0;0,0.5758;0.0000;0.0000,0;0;0,100.0,2026-07-12 18:14:06.160000+00:00,48.942612,8.950603,249.0,2026-07-12 18:14:06+00:00,0.16
10375,DJI_0410_frame_010375,2279.16,0:37:59,,1;0;0;0,0.6727;0.0000;0.0000,0;0;0,100.0,2026-07-12 18:14:11.160000+00:00,48.94283,8.951135,248.3,2026-07-12 18:14:11+00:00,0.16
10500,DJI_0410_frame_010500,2284.16,0:38:04,,1;0;0;0,0.4968;0.0000;0.0000,0;0;0,100.0,2026-07-12 18:14:16.160000+00:00,48.94301,8.951713,247.4,2026-07-12 18:14:16+00:00,0.16
10625,DJI_0410_frame_010625,2289.16,0:38:09,,1;0;0;0,0.6112;0.0000;0.0000,0;0;0,100.0,2026-07-12 18:14:21.160000+00:00,48.943192,8.952289,246.7,2026-07-12 18:14:21+00:00,0.16
10750,DJI_0410_frame_010750,2294.16,0:38:14,,1;0;0;0,0.6625;0.0000;0.0000,0;0;0,100.0,2026-07-12 18:14:26.160000+00:00,48.943384,8.952848,245.9,2026-07-12 18:14:26+00:00,0.16
10875,DJI_0410_frame_010875,2299.16,0:38:19,,1;0;0;0,0.7146;0.0000;0.0000,0;0;0,100.0,2026-07-12 18:14:31.160000+00:00,48.943571,8.953432,245.3,2026-07-12 18:14:31+00:00,0.16
11000,DJI_0410_frame_011000,2304.16,0:38:24,,1;0;0;0,0.4408;0.0000;0.0000,0;0;0,100.0,2026-07-12 18:14:36.160000+00:00,48.943757,8.954014,244.8,2026-07-12 18:14:36+00:00,0.16
11125,DJI_0410_frame_011125,2309.16,0:38:29,,1;0;0;0,0.4182;0.0000;0.0000,0;0;0,100.0,2026-07-12 18:14:41.160000+00:00,48.943954,8.954565,244.3,2026-07-12 18:14:41+00:00,0.16
11250,DJI_0410_frame_011250,2314.16,0:38:34,,1;0;0;0,0.2271;0.0000;0.0000,0;0;0,100.0,2026-07-12 18:14:46.160000+00:00,48.944206,8.955116,243.5,2026-07-12 18:14:46+00:00,0.16
11375,DJI_0410_frame_011375,2319.16,0:38:39,,1;0;0;0,0.5791;0.0000;0.0000,0;0;0,100.0,2026-07-12 18:14:51.160000+00:00,48.944499,8.955593,242.7,2026-07-12 18:14:51+00:00,0.16
11500,DJI_0410_frame_011500,2324.16,0:38:44,,1;0;0;0,0.5678;0.0000;0.0000,0;0;0,100.0,2026-07-12 18:14:56.160000+00:00,48.944852,8.955996,241.5,2026-07-12 18:14:56+00:00,0.16
11625,DJI_0410_frame_011625,2329.16,0:38:49,,1;0;0;0,0.6414;0.0000;0.0000,0;0;0,100.0,2026-07-12 18:15:01.160000+00:00,48.945263,8.956301,240.5,2026-07-12 18:15:01+00:00,0.16
11750,DJI_0410_frame_011750,2334.16,0:38:54,,0;1;0;0,0.6193;0.0000;0.0000,0;0;0,94.0,2026-07-12 18:15:06.160000+00:00,48.945714,8.956475,239.7,2026-07-12 18:15:06+00:00,0.16
11875,DJI_0410_frame_011875,2339.16,0:38:59,,0;1;0;0,0.5760;0.0000;0.0000,0;0;0,94.0,2026-07-12 18:15:11.160000+00:00,48.946142,8.956591,239.1,2026-07-12 18:15:11+00:00,0.16
12000,DJI_0410_frame_012000,2344.16,0:39:04,,1;0;0;0,0.6190;0.0000;0.0000,0;0;0,100.0,2026-07-12 18:15:16.160000+00:00,48.946573,8.956787,239.0,2026-07-12 18:15:16+00:00,0.16
12125,DJI_0410_frame_012125,2349.16,0:39:09,,1;0;0;0,0.3311;0.0000;0.0000,0;0;0,100.0,2026-07-12 18:15:21.160000+00:00,48.946968,8.957079,238.8,2026-07-12 18:15:21+00:00,0.16
12250,DJI_0410_frame_012250,2354.16,0:39:14,,1;0;0;0,0.0007;0.0000;0.0000,0;0;1,90.93,2026-07-12 18:15:26.160000+00:00,48.947311,8.957469,238.5,2026-07-12 18:15:26+00:00,0.16
12375,DJI_0410_frame_012375,2359.16,0:39:19,,1;0;0;0,0.0092;0.0000;0.0000,0;0;1,90.93,2026-07-12 18:15:31.160000+00:00,48.947446,8.957635,237.8,2026-07-12 18:15:31+00:00,0.16
12500,DJI_0410_frame_012500,2364.16,0:39:24,,1;0;0;0,0.0305;0.0000;0.0000,0;2;1,68.51,2026-07-12 18:15:36.160000+00:00,48.947446,8.957635,236.9,2026-07-12 18:15:36+00:00,0.16
12625,DJI_0410_frame_012625,2369.16,0:39:29,,1;0;0;0,0.4212;0.0000;0.0000,0;0;0,100.0,2026-07-12 18:15:41.160000+00:00,,,,,
12750,DJI_0410_frame_012750,2374.16,0:39:34,,0;1;0;0,0.3487;0.0000;0.0000,0;0;0,94.0,2026-07-12 18:15:46.160000+00:00,48.948502,8.959095,236.6,2026-07-12 18:15:46+00:00,0.16
12875,DJI_0410_frame_012875,2379.16,0:39:39,,0;1;0;0,0.4359;0.0000;0.0000,0;1;0,71.88,2026-07-12 18:15:51.160000+00:00,48.948789,8.959479,236.5,2026-07-12 18:15:51+00:00,0.16
13000,DJI_0410_frame_013000,2384.16,0:39:44,,0;1;0;0,0.5353;0.0000;0.0000,0;2;0,63.74,2026-07-12 18:15:56.160000+00:00,48.949082,8.959877,236.5,2026-07-12 18:15:56+00:00,0.16
13125,DJI_0410_frame_013125,2389.16,0:39:49,,1;0;0;0,0.5770;0.0000;0.0000,0;2;0,69.74,2026-07-12 18:16:01.160000+00:00,48.949372,8.960276,236.5,2026-07-12 18:16:01+00:00,0.16
13250,DJI_0410_frame_013250,2394.16,0:39:54,,0;1;0;0,0.5121;0.0000;0.0000,0;1;0,71.88,2026-07-12 18:16:06.160000+00:00,48.949653,8.960669,236.5,2026-07-12 18:16:06+00:00,0.16
13375,DJI_0410_frame_013375,2399.16,0:39:59,,1;0;0;0,0.5531;0.0000;0.0000,0;0;0,100.0,2026-07-12 18:16:11.160000+00:00,48.949936,8.961051,236.8,2026-07-12 18:16:11+00:00,0.16
13500,DJI_0410_frame_013500,2404.16,0:40:04,,1;0;0;0,0.5336;0.0000;0.0000,0;0;0,100.0,2026-07-12 18:16:16.160000+00:00,48.950209,8.961425,237.0,2026-07-12 18:16:16+00:00,0.16
13625,DJI_0410_frame_013625,2409.16,0:40:09,,0;1;0;0,0.4940;0.0000;0.0000,0;0;0,94.0,2026-07-12 18:16:21.160000+00:00,48.950463,8.961844,236.7,2026-07-12 18:16:21+00:00,0.16
13750,DJI_0410_frame_013750,2414.16,0:40:14,,1;0;0;0,0.4775;0.0000;0.0000,0;0;0,100.0,2026-07-12 18:16:26.160000+00:00,48.950697,8.962295,235.8,2026-07-12 18:16:26+00:00,0.16
13875,DJI_0410_frame_013875,2419.16,0:40:19,,1;0;0;0,0.5691;0.0000;0.0000,0;0;0,100.0,2026-07-12 18:16:31.160000+00:00,48.950897,8.962781,234.7,2026-07-12 18:16:31+00:00,0.16
14000,DJI_0410_frame_014000,2424.16,0:40:24,,0;1;0;0,0.6358;0.0000;0.0003,0;0;0,93.99,2026-07-12 18:16:36.160000+00:00,48.951054,8.963296,233.6,2026-07-12 18:16:36+00:00,0.16
14125,DJI_0410_frame_014125,2429.16,0:40:29,,1;0;0;0,0.5906;0.0000;0.0000,0;0;0,100.0,2026-07-12 18:16:41.160000+00:00,48.951223,8.963823,233.0,2026-07-12 18:16:41+00:00,0.16
14250,DJI_0410_frame_014250,2434.16,0:40:34,,1;0;0;0,0.5115;0.0000;0.0071,0;0;0,99.63,2026-07-12 18:16:46.160000+00:00,48.951387,8.964331,233.0,2026-07-12 18:16:46+00:00,0.16
14375,DJI_0410_frame_014375,2439.16,0:40:39,,1;0;0;0,0.4862;0.0000;0.0029,0;0;0,99.84,2026-07-12 18:16:51.160000+00:00,48.95155,8.964828,233.4,2026-07-12 18:16:51+00:00,0.16
14500,DJI_0410_frame_014500,2444.16,0:40:44,,1;0;0;0,0.3748;0.0000;0.0261,0;0;0,98.24,2026-07-12 18:16:56.160000+00:00,48.951711,8.965327,233.8,2026-07-12 18:16:56+00:00,0.16
14625,DJI_0410_frame_014625,2449.16,0:40:49,,0;1;0;0,0.2319;0.0000;0.0768,0;1;0,65.16,2026-07-12 18:17:01.160000+00:00,48.951879,8.965809,234.2,2026-07-12 18:17:01+00:00,0.16
14750,DJI_0410_frame_014750,2454.16,0:40:54,,1;0;0;0,0.3004;0.0000;0.0173,0;2;1,67.04,2026-07-12 18:17:06.160000+00:00,48.952023,8.966225,234.6,2026-07-12 18:17:06+00:00,0.16
14875,DJI_0410_frame_014875,2459.16,0:40:59,,1;0;0;0,0.6562;0.0000;0.0000,1;2;0,70.79,2026-07-12 18:17:11.160000+00:00,48.952185,8.96671,236.6,2026-07-12 18:17:11+00:00,0.16
15000,DJI_0410_frame_015000,2464.16,0:41:04,,1;0;0;0,0.7420;0.0000;0.0006,0;1;0,77.85,2026-07-12 18:17:16.160000+00:00,48.952323,8.967258,236.0,2026-07-12 18:17:16+00:00,0.16
15125,DJI_0410_frame_015125,2469.16,0:41:09,,1;0;0;0,0.5928;0.0000;0.0000,0;0;0,100.0,2026-07-12 18:17:21.160000+00:00,48.95244,8.967831,235.8,2026-07-12 18:17:21+00:00,0.16
15250,DJI_0410_frame_015250,2474.16,0:41:14,,1;0;0;0,0.6834;0.0000;0.0000,0;0;0,100.0,2026-07-12 18:17:26.160000+00:00,48.952522,8.968382,235.8,2026-07-12 18:17:26+00:00,0.16
15375,DJI_0410_frame_015375,2479.16,0:41:19,,1;0;0;0,0.6326;0.0000;0.0010,0;0;0,99.96,2026-07-12 18:17:31.160000+00:00,48.952599,8.968968,235.8,2026-07-12 18:17:31+00:00,0.16
15500,DJI_0410_frame_015500,2484.16,0:41:24,,1;0;0;0,0.4329;0.0000;0.0237,0;0;0,98.6,2026-07-12 18:17:36.160000+00:00,48.952659,8.969545,235.7,2026-07-12 18:17:36+00:00,0.16
15625,DJI_0410_frame_015625,2489.16,0:41:29,,1;0;0;0,0.6029;0.0000;0.0022,0;0;0,99.9,2026-07-12 18:17:41.160000+00:00,48.952722,8.970119,235.8,2026-07-12 18:17:41+00:00,0.16
15750,DJI_0410_frame_015750,2494.16,0:41:34,,1;0;0;0,0.5026;0.0000;0.0004,0;0;0,99.98,2026-07-12 18:17:46.160000+00:00,48.952787,8.970722,236.0,2026-07-12 18:17:46+00:00,0.16
15875,DJI_0410_frame_015875,2499.16,0:41:39,,1;0;0;0,0.6747;0.0000;0.0000,0;0;0,100.0,2026-07-12 18:17:51.160000+00:00,48.952852,8.971332,236.7,2026-07-12 18:17:51+00:00,0.16
16000,DJI_0410_frame_016000,2504.16,0:41:44,,1;0;0;0,0.5147;0.0000;0.0743,0;0;0,96.59,2026-07-12 18:17:56.160000+00:00,48.952917,8.971913,237.3,2026-07-12 18:17:56+00:00,0.16
16125,DJI_0410_frame_016125,2509.16,0:41:49,,1;0;0;0,0.5475;0.0000;0.0623,0;0;0,97.24,2026-07-12 18:18:01.160000+00:00,48.952979,8.972468,237.9,2026-07-12 18:18:01+00:00,0.16
16250,DJI_0410_frame_016250,2514.16,0:41:54,,1;0;0;0,0.6459;0.0000;0.0005,0;0;0,99.98,2026-07-12 18:18:06.160000+00:00,48.953043,8.972996,238.5,2026-07-12 18:18:06+00:00,0.16
16375,DJI_0410_frame_016375,2519.16,0:41:59,,1;0;0;0,0.6757;0.0000;0.0045,0;0;0,99.82,2026-07-12 18:18:11.160000+00:00,48.95313,8.973524,239.3,2026-07-12 18:18:11+00:00,0.16
16500,DJI_0410_frame_016500,2524.16,0:42:04,,1;0;0;0,0.6719;0.0000;0.0268,0;0;0,98.96,2026-07-12 18:18:16.160000+00:00,48.953227,8.974056,239.6,2026-07-12 18:18:16+00:00,0.16
16625,DJI_0410_frame_016625,2529.16,0:42:09,,1;0;0;0,0.6993;0.0000;0.0000,0;0;0,100.0,2026-07-12 18:18:21.160000+00:00,48.953349,8.974573,240.0,2026-07-12 18:18:21+00:00,0.16
16750,DJI_0410_frame_016750,2534.16,0:42:14,,1;0;0;0,0.5620;0.0000;0.1818,0;0;0,93.4,2026-07-12 18:18:26.160000+00:00,48.95348,8.975093,240.4,2026-07-12 18:18:26+00:00,0.16
16875,DJI_0410_frame_016875,2539.16,0:42:19,,1;0;0;0,0.6100;0.0000;0.0872,0;0;0,96.62,2026-07-12 18:18:31.160000+00:00,48.953589,8.975612,240.9,2026-07-12 18:18:31+00:00,0.16
17000,DJI_0410_frame_017000,2544.16,0:42:24,,1;0;0;0,0.6832;0.0000;0.0052,0;0;0,99.79,2026-07-12 18:18:36.160000+00:00,48.953709,8.976121,241.3,2026-07-12 18:18:36+00:00,0.16
17125,DJI_0410_frame_017125,2549.16,0:42:29,,1;0;0;0,0.4993;0.0000;0.1130,0;0;0,95.02,2026-07-12 18:18:41.160000+00:00,48.953833,8.976592,241.8,2026-07-12 18:18:41+00:00,0.16
17250,DJI_0410_frame_017250,2554.16,0:42:34,,1;0;0;0,0.4448;0.0000;0.1122,0;0;0,94.56,2026-07-12 18:18:46.160000+00:00,48.953945,8.97708,242.2,2026-07-12 18:18:46+00:00,0.16
17375,DJI_0410_frame_017375,2559.16,0:42:39,,1;0;0;0,0.3256;0.0000;0.1179,0;0;0,92.82,2026-07-12 18:18:51.160000+00:00,48.95404,8.977512,242.7,2026-07-12 18:18:51+00:00,0.16
17500,DJI_0410_frame_017500,2564.16,0:42:44,,0;1;0;0,0.7175;0.0000;0.0000,0;0;0,94.0,2026-07-12 18:18:56.160000+00:00,48.954147,8.97796,243.1,2026-07-12 18:18:56+00:00,0.16
17625,DJI_0410_frame_017625,2569.16,0:42:49,,0;1;0;0,0.5882;0.0000;0.0181,0;0;0,93.2,2026-07-12 18:19:01.160000+00:00,48.95425,8.9784,243.5,2026-07-12 18:19:01+00:00,0.16
17750,DJI_0410_frame_017750,2574.16,0:42:54,,1;0;0;0,0.3148;0.0000;0.2557,0;0;0,87.9,2026-07-12 18:19:06.160000+00:00,48.954362,8.978829,244.0,2026-07-12 18:19:06+00:00,0.16
17875,DJI_0410_frame_017875,2579.16,0:42:59,,0;1;0;0,0.3219;0.0000;0.1358,0;0;0,85.99,2026-07-12 18:19:11.160000+00:00,48.954474,8.97929,244.5,2026-07-12 18:19:11+00:00,0.16
18000,DJI_0410_frame_018000,2584.16,0:43:04,,1;0;0;0,0.6125;0.0000;0.0532,0;0;0,97.84,2026-07-12 18:19:16.160000+00:00,48.954579,8.979737,245.0,2026-07-12 18:19:16+00:00,0.16
18125,DJI_0410_frame_018125,2589.16,0:43:09,,0;1;0;0,0.6486;0.0000;0.0278,0;0;0,92.89,2026-07-12 18:19:21.160000+00:00,48.954678,8.980205,245.5,2026-07-12 18:19:21+00:00,0.16
18250,DJI_0410_frame_018250,2594.16,0:43:14,,1;0;0;0,0.6336;0.0000;0.0000,0;0;0,100.0,2026-07-12 18:19:26.160000+00:00,48.954792,8.980678,245.9,2026-07-12 18:19:26+00:00,0.16
18375,DJI_0410_frame_018375,2599.16,0:43:19,,0;1;0;0,0.6478;0.0000;0.0096,0;0;0,93.61,2026-07-12 18:19:31.160000+00:00,48.954922,8.981172,246.2,2026-07-12 18:19:31+00:00,0.16
18500,DJI_0410_frame_018500,2604.16,0:43:24,,1;0;0;0,0.5690;0.0000;0.0000,1;0;0,100.0,2026-07-12 18:19:36.160000+00:00,48.955032,8.981672,246.5,2026-07-12 18:19:36+00:00,0.16
18625,DJI_0410_frame_018625,2609.16,0:43:29,,0;1;0;0,0.7012;0.0000;0.0000,0;0;0,94.0,2026-07-12 18:19:41.160000+00:00,48.955128,8.982203,246.8,2026-07-12 18:19:41+00:00,0.16
18750,DJI_0410_frame_018750,2614.16,0:43:34,,1;0;0;0,0.5507;0.0000;0.0000,0;0;0,100.0,2026-07-12 18:19:46.160000+00:00,48.955189,8.982748,247.1,2026-07-12 18:19:46+00:00,0.16
18875,DJI_0410_frame_018875,2619.16,0:43:39,,1;0;0;0,0.5346;0.0000;0.0023,0;0;0,99.88,2026-07-12 18:19:51.160000+00:00,48.955228,8.983288,247.3,2026-07-12 18:19:51+00:00,0.16
19000,DJI_0410_frame_019000,2624.16,0:43:44,,1;0;0;0,0.4753;0.0000;0.0021,0;0;0,99.88,2026-07-12 18:19:56.160000+00:00,48.955235,8.983828,247.5,2026-07-12 18:19:56+00:00,0.16
19125,DJI_0410_frame_019125,2629.16,0:43:49,,1;0;0;0,0.3286;0.0000;0.0256,0;0;0,98.05,2026-07-12 18:20:01.160000+00:00,48.955213,8.984351,247.8,2026-07-12 18:20:01+00:00,0.16
19250,DJI_0410_frame_019250,2634.16,0:43:54,,1;0;0;0,0.2172;0.0000;0.1154,0;0;0,90.63,2026-07-12 18:20:06.160000+00:00,48.95519,8.984885,247.8,2026-07-12 18:20:06+00:00,0.16
19375,DJI_0410_frame_019375,2639.16,0:43:59,,0;1;0;0,0.2335;0.0000;0.1457,0;0;0,83.63,2026-07-12 18:20:11.160000+00:00,48.955176,8.985425,247.6,2026-07-12 18:20:11+00:00,0.16
19500,DJI_0410_frame_019500,2644.16,0:44:04,,0;1;0;0,0.1417;0.0000;0.1089,0;3;0,49.01,2026-07-12 18:20:16.160000+00:00,48.955169,8.985975,247.6,2026-07-12 18:20:16+00:00,0.16
19625,DJI_0410_frame_019625,2649.16,0:44:09,,0;1;0;0,0.1276;0.0000;0.1150,0;0;0,81.2,2026-07-12 18:20:21.160000+00:00,48.955156,8.986509,247.4,2026-07-12 18:20:21+00:00,0.16
19750,DJI_0410_frame_019750,2654.16,0:44:14,,1;0;0;0,0.2550;0.0000;0.1291,0;0;2,75.13,2026-07-12 18:20:26.160000+00:00,48.955135,8.987128,247.5,2026-07-12 18:20:26+00:00,0.16
19875,DJI_0410_frame_019875,2659.16,0:44:19,,1;0;0;0,0.3240;0.0000;0.0440,0;0;0,96.77,2026-07-12 18:20:31.160000+00:00,48.955116,8.987639,248.2,2026-07-12 18:20:31+00:00,0.16
20000,DJI_0410_frame_020000,2664.16,0:44:24,,0;1;0;0,0.3941;0.0000;0.0521,0;0;0,90.85,2026-07-12 18:20:36.160000+00:00,48.95509,8.988229,248.3,2026-07-12 18:20:36+00:00,0.16
20125,DJI_0410_frame_020125,2669.16,0:44:29,,0;1;0;0,0.4333;0.0000;0.0059,0;0;0,93.64,2026-07-12 18:20:41.160000+00:00,48.955031,8.988827,247.9,2026-07-12 18:20:41+00:00,0.16
20250,DJI_0410_frame_020250,2674.16,0:44:34,,0;1;0;0,0.4609;0.0000;0.0031,0;0;0,93.82,2026-07-12 18:20:46.160000+00:00,48.95498,8.989413,247.8,2026-07-12 18:20:46+00:00,0.16
20375,DJI_0410_frame_020375,2679.16,0:44:39,,0;1;0;0,0.5764;0.0000;0.0007,0;0;0,93.97,2026-07-12 18:20:51.160000+00:00,48.954929,8.990002,247.7,2026-07-12 18:20:51+00:00,0.16
20500,DJI_0410_frame_020500,2684.16,0:44:44,,0;1;0;0,0.6149;0.0000;0.0156,0;0;0,93.33,2026-07-12 18:20:56.160000+00:00,48.954852,8.990592,247.7,2026-07-12 18:20:56+00:00,0.16
20625,DJI_0410_frame_020625,2689.16,0:44:49,,0;1;0;0,0.4697;0.0000;0.1162,0;0;0,88.64,2026-07-12 18:21:01.160000+00:00,48.954768,8.991136,247.9,2026-07-12 18:21:01+00:00,0.16
20750,DJI_0410_frame_020750,2694.16,0:44:54,,1;0;0;0,0.0838;0.0000;0.2770,0;0;0,79.27,2026-07-12 18:21:06.160000+00:00,48.954582,8.991503,248.1,2026-07-12 18:21:06+00:00,0.16
20875,DJI_0410_frame_020875,2699.16,0:44:59,,0;1;0;0,0.0934;0.0000;0.0028,0;3;0,59.95,2026-07-12 18:21:11.160000+00:00,48.954352,8.991603,248.1,2026-07-12 18:21:11+00:00,0.16
21000,DJI_0410_frame_021000,2704.16,0:45:04,,1;0;0;0,0.0156;0.0000;0.3080,0;0;0,74.3,2026-07-12 18:21:16.160000+00:00,48.954118,8.99154,248.4,2026-07-12 18:21:16+00:00,0.16
21125,DJI_0410_frame_021125,2709.16,0:45:09,,1;0;0;0,0.1509;0.0000;0.0322,0;0;0,95.25,2026-07-12 18:21:21.160000+00:00,48.954173,8.991654,248.4,2026-07-12 18:21:21+00:00,0.16
21250,DJI_0410_frame_021250,2714.16,0:45:14,,1;0;0;0,0.2040;0.0000;0.0000,0;0;0,100.0,2026-07-12 18:21:26.160000+00:00,48.954376,8.991684,248.1,2026-07-12 18:21:26+00:00,0.16
21375,DJI_0410_frame_021375,2719.16,0:45:19,,0;1;0;0,0.2960;0.0000;0.0278,0;0;0,91.68,2026-07-12 18:21:31.160000+00:00,48.954588,8.99158,248.1,2026-07-12 18:21:31+00:00,0.16
21500,DJI_0410_frame_021500,2724.16,0:45:24,,0;1;0;0,0.4069;0.0000;0.0012,0;0;0,93.92,2026-07-12 18:21:36.160000+00:00,48.954681,8.991253,248.0,2026-07-12 18:21:36+00:00,0.16
21625,DJI_0410_frame_021625,2729.16,0:45:29,,0;1;0;0,0.2337;0.0000;0.0554,0;0;0,88.82,2026-07-12 18:21:41.160000+00:00,48.954691,8.991256,248.0,2026-07-12 18:21:41+00:00,0.16
21750,DJI_0410_frame_021750,2734.16,0:45:34,,0;1;0;0,0.3774;0.0000;0.0004,0;0;0,93.97,2026-07-12 18:21:46.160000+00:00,48.954699,8.991241,248.0,2026-07-12 18:21:46+00:00,0.16
21875,DJI_0410_frame_021875,2739.16,0:45:39,,0;1;0;0,0.1652;0.0000;0.1115,0;0;0,83.12,2026-07-12 18:21:51.160000+00:00,48.954686,8.991185,248.0,2026-07-12 18:21:52+00:00,0.84
22000,DJI_0410_frame_022000,2744.16,0:45:44,,0;1;0;0,0.2179;0.0000;0.2716,0;0;0,79.02,2026-07-12 18:21:56.160000+00:00,48.954704,8.991006,247.8,2026-07-12 18:21:56+00:00,0.16
22125,DJI_0410_frame_022125,2749.16,0:45:49,,0;1;0;0,0.2731;0.0000;0.0239,0;0;0,91.83,2026-07-12 18:22:01.160000+00:00,48.954758,8.990548,247.7,2026-07-12 18:22:01+00:00,0.16
22250,DJI_0410_frame_022250,2754.16,0:45:54,,0;1;0;0,0.2458;0.0000;0.0220,0;0;0,91.78,2026-07-12 18:22:06.160000+00:00,48.954833,8.990034,247.7,2026-07-12 18:22:06+00:00,0.16
22375,DJI_0410_frame_022375,2759.16,0:45:59,,0;1;0;0,0.1636;0.0000;0.1129,0;0;0,82.98,2026-07-12 18:22:11.160000+00:00,48.954873,8.989468,247.8,2026-07-12 18:22:11+00:00,0.16
22500,DJI_0410_frame_022500,2764.16,0:46:04,,0;1;0;0,0.1105;0.0000;0.0670,0;0;0,83.81,2026-07-12 18:22:16.160000+00:00,48.954873,8.988876,247.9,2026-07-12 18:22:16+00:00,0.16
22625,DJI_0410_frame_022625,2769.16,0:46:09,,0;1;0;0,0.3650;0.0000;0.1210,0;0;0,87.28,2026-07-12 18:22:21.160000+00:00,48.954857,8.988273,248.0,2026-07-12 18:22:21+00:00,0.16
22750,DJI_0410_frame_022750,2774.16,0:46:14,,0;1;0;0,0.4440;0.0000;0.0336,0;0;0,92.1,2026-07-12 18:22:26.160000+00:00,48.954808,8.987671,248.0,2026-07-12 18:22:26+00:00,0.16
22875,DJI_0410_frame_022875,2779.16,0:46:19,,0;1;0;0,0.3867;0.0000;0.0386,0;2;0,61.29,2026-07-12 18:22:31.160000+00:00,48.954794,8.987055,247.8,2026-07-12 18:22:31+00:00,0.16
23000,DJI_0410_frame_023000,2784.16,0:46:24,,0;1;0;0,0.3670;0.0000;0.0240,0;4;0,57.98,2026-07-12 18:22:36.160000+00:00,48.954823,8.986418,247.6,2026-07-12 18:22:36+00:00,0.16
23125,DJI_0410_frame_023125,2789.16,0:46:29,,0;1;0;0,0.1674;0.0000;0.0781,0;5;0,50.65,2026-07-12 18:22:41.160000+00:00,48.954844,8.985873,247.9,2026-07-12 18:22:41+00:00,0.16
23250,DJI_0410_frame_023250,2794.16,0:46:34,,0;1;0;0,0.0740;0.0000;0.2512,0;6;0,38.23,2026-07-12 18:22:46.160000+00:00,48.954753,8.985415,248.2,2026-07-12 18:22:46+00:00,0.16
23375,DJI_0410_frame_023375,2799.16,0:46:39,,0;1;0;0,0.1229;0.0000;0.1361,0;3;0,46.56,2026-07-12 18:22:51.160000+00:00,48.954453,8.985123,249.8,2026-07-12 18:22:51+00:00,0.16
0,DJI_0411_frame_000000,2801.6,0:46:41,,0;1;0;0,0.2309;0.0000;0.0126,0;0;0,92.61,2026-07-12 18:22:53.600000+00:00,48.954344,8.984933,250.8,2026-07-12 18:22:54+00:00,0.4
125,DJI_0411_frame_000125,2806.6,0:46:46,,0;1;0;0,0.3772;0.0000;0.0000,0;0;0,94.0,2026-07-12 18:22:58.600000+00:00,48.954417,8.984704,252.4,2026-07-12 18:22:59+00:00,0.4
250,DJI_0411_frame_000250,2811.6,0:46:51,,1;0;0;0,0.1381;0.0000;0.0000,0;0;0,100.0,2026-07-12 18:23:03.600000+00:00,48.954699,8.984822,252.9,2026-07-12 18:23:04+00:00,0.4
375,DJI_0411_frame_000375,2816.6,0:46:56,,0;1;0;0,0.1566;0.0000;0.0000,0;1;0,71.88,2026-07-12 18:23:08.600000+00:00,48.955001,8.98498,253.7,2026-07-12 18:23:09+00:00,0.4
500,DJI_0411_frame_000500,2821.6,0:47:01,,1;0;0;0,0.2350;0.0000;0.0000,0;0;0,100.0,2026-07-12 18:23:13.600000+00:00,48.955315,8.985144,254.6,2026-07-12 18:23:14+00:00,0.4
625,DJI_0411_frame_000625,2826.6,0:47:06,,0;1;0;0,0.5646;0.0000;0.0000,0;1;0,71.88,2026-07-12 18:23:18.600000+00:00,48.955658,8.985306,255.0,2026-07-12 18:23:19+00:00,0.4
750,DJI_0411_frame_000750,2831.6,0:47:11,,0;1;0;0,0.5826;0.0000;0.0000,0;0;0,94.0,2026-07-12 18:23:23.600000+00:00,48.955991,8.98556,254.9,2026-07-12 18:23:24+00:00,0.4
875,DJI_0411_frame_000875,2836.6,0:47:16,,0;1;0;0,0.5558;0.0000;0.0000,0;0;0,94.0,2026-07-12 18:23:28.600000+00:00,48.956303,8.98592,254.0,2026-07-12 18:23:29+00:00,0.4
1000,DJI_0411_frame_001000,2841.6,0:47:21,,0;1;0;0,0.7383;0.0000;0.0000,0;0;0,94.0,2026-07-12 18:23:33.600000+00:00,48.956597,8.986397,252.8,2026-07-12 18:23:34+00:00,0.4
1125,DJI_0411_frame_001125,2846.6,0:47:26,,0;1;0;0,0.6750;0.0000;0.0000,0;2;0,63.74,2026-07-12 18:23:38.600000+00:00,48.956833,8.986957,251.2,2026-07-12 18:23:39+00:00,0.4
1250,DJI_0411_frame_001250,2851.6,0:47:31,,0;1;0;0,0.6967;0.0000;0.0000,0;0;0,94.0,2026-07-12 18:23:43.600000+00:00,48.956979,8.987594,249.8,2026-07-12 18:23:44+00:00,0.4
1375,DJI_0411_frame_001375,2856.6,0:47:36,,0;1;0;0,0.5951;0.0000;0.0000,0;0;1,84.93,2026-07-12 18:23:48.600000+00:00,48.957035,8.988309,248.3,2026-07-12 18:23:49+00:00,0.4
1500,DJI_0411_frame_001500,2861.6,0:47:41,,0;1;0;0,0.4227;0.0000;0.0000,0;0;0,94.0,2026-07-12 18:23:53.600000+00:00,48.956995,8.989015,247.1,2026-07-12 18:23:54+00:00,0.4
1625,DJI_0411_frame_001625,2866.6,0:47:46,,0;1;0;0,0.3752;0.0000;0.0000,0;0;0,94.0,2026-07-12 18:23:58.600000+00:00,48.95687,8.989707,245.8,2026-07-12 18:23:59+00:00,0.4
1750,DJI_0411_frame_001750,2871.6,0:47:51,,0;1;0;0,0.2014;0.0000;0.0000,0;1;1,68.54,2026-07-12 18:24:03.600000+00:00,48.956753,8.990413,244.9,2026-07-12 18:24:04+00:00,0.4
1875,DJI_0411_frame_001875,2876.6,0:47:56,,0;1;0;0,0.2801;0.0000;0.0000,0;3;0,60.74,2026-07-12 18:24:08.600000+00:00,48.956712,8.99116,243.9,2026-07-12 18:24:09+00:00,0.4
2000,DJI_0411_frame_002000,2881.6,0:48:01,,0;1;0;0,0.3110;0.0000;0.0000,0;3;0,60.74,2026-07-12 18:24:13.600000+00:00,48.956752,8.9919,242.7,2026-07-12 18:24:14+00:00,0.4
2125,DJI_0411_frame_002125,2886.6,0:48:06,,0;1;0;0,0.3495;0.0000;0.0000,0;1;0,71.88,2026-07-12 18:24:18.600000+00:00,48.956857,8.992651,241.4,2026-07-12 18:24:19+00:00,0.4
2250,DJI_0411_frame_002250,2891.6,0:48:11,,0;1;0;0,0.3221;0.0000;0.0000,0;0;0,94.0,2026-07-12 18:24:23.600000+00:00,48.956928,8.9934,240.4,2026-07-12 18:24:24+00:00,0.4
2375,DJI_0411_frame_002375,2896.6,0:48:16,,0;1;0;0,0.2785;0.0000;0.0000,0;0;0,94.0,2026-07-12 18:24:28.600000+00:00,48.956874,8.994116,240.2,2026-07-12 18:24:29+00:00,0.4
2500,DJI_0411_frame_002500,2901.6,0:48:21,,0;1;0;0,0.3994;0.0000;0.0000,0;0;0,94.0,2026-07-12 18:24:33.600000+00:00,48.956816,8.994602,239.7,2026-07-12 18:24:34+00:00,0.4
2625,DJI_0411_frame_002625,2906.6,0:48:26,,0;1;0;0,0.4220;0.0000;0.0025,0;0;0,93.84,2026-07-12 18:24:38.600000+00:00,48.95717,8.994799,239.7,2026-07-12 18:24:39+00:00,0.4
2750,DJI_0411_frame_002750,2911.6,0:48:31,,0;1;0;0,0.2850;0.0000;0.0039,0;0;0,93.63,2026-07-12 18:24:43.600000+00:00,48.957348,8.995372,239.6,2026-07-12 18:24:44+00:00,0.4
2875,DJI_0411_frame_002875,2916.6,0:48:36,,0;1;0;0,0.4899;0.0000;0.0000,0;0;0,94.0,2026-07-12 18:24:48.600000+00:00,48.957458,8.995974,239.3,2026-07-12 18:24:49+00:00,0.4
3000,DJI_0411_frame_003000,2921.6,0:48:41,,0;1;0;0,0.5162;0.0000;0.0000,0;1;0,71.88,2026-07-12 18:24:53.600000+00:00,48.957561,8.996583,239.1,2026-07-12 18:24:54+00:00,0.4
3125,DJI_0411_frame_003125,2926.6,0:48:46,,0;1;0;0,0.5029;0.0000;0.0000,0;0;0,94.0,2026-07-12 18:24:58.600000+00:00,48.957669,8.997178,238.9,2026-07-12 18:24:59+00:00,0.4
3250,DJI_0411_frame_003250,2931.6,0:48:51,,0;1;0;0,0.5613;0.0000;0.0000,0;2;0,63.74,2026-07-12 18:25:03.600000+00:00,48.957767,8.997771,238.6,2026-07-12 18:25:04+00:00,0.4
3375,DJI_0411_frame_003375,2936.6,0:48:56,,0;1;0;0,0.2159;0.0000;0.0001,0;0;0,93.98,2026-07-12 18:25:08.600000+00:00,48.957857,8.998364,238.2,2026-07-12 18:25:09+00:00,0.4
3500,DJI_0411_frame_003500,2941.6,0:49:01,,0;1;0;0,0.3068;0.0000;0.0128,0;0;0,92.92,2026-07-12 18:25:13.600000+00:00,48.957854,8.998974,237.5,2026-07-12 18:25:14+00:00,0.4
3625,DJI_0411_frame_003625,2946.6,0:49:06,,0;1;0;0,0.4832;0.0000;0.0000,0;0;0,94.0,2026-07-12 18:25:18.600000+00:00,48.958043,8.999522,237.1,2026-07-12 18:25:19+00:00,0.4
3750,DJI_0411_frame_003750,2951.6,0:49:11,,0;1;0;0,0.5452;0.0000;0.0000,0;1;0,71.88,2026-07-12 18:25:23.600000+00:00,48.958148,9.000111,236.7,2026-07-12 18:25:24+00:00,0.4
3875,DJI_0411_frame_003875,2956.6,0:49:16,,0;1;0;0,0.4470;0.0000;0.0000,0;2;0,63.74,2026-07-12 18:25:28.600000+00:00,48.958246,9.000681,236.6,2026-07-12 18:25:29+00:00,0.4
4000,DJI_0411_frame_004000,2961.6,0:49:21,,0;1;0;0,0.4312;0.0000;0.0065,0;0;0,93.6,2026-07-12 18:25:33.600000+00:00,48.958345,9.001248,236.4,2026-07-12 18:25:34+00:00,0.4
4125,DJI_0411_frame_004125,2966.6,0:49:26,,0;1;0;0,0.3004;0.0000;0.0570,0;0;0,89.69,2026-07-12 18:25:38.600000+00:00,48.958448,9.001822,236.3,2026-07-12 18:25:39+00:00,0.4
4250,DJI_0411_frame_004250,2971.6,0:49:31,,0;1;0;0,0.4305;0.0000;0.0969,0;0;0,89.04,2026-07-12 18:25:43.600000+00:00,48.958534,9.002395,236.3,2026-07-12 18:25:44+00:00,0.4
4375,DJI_0411_frame_004375,2976.6,0:49:36,,0;1;0;0,0.3516;0.0000;0.0220,0;0;0,92.41,2026-07-12 18:25:48.600000+00:00,48.958627,9.002952,236.0,2026-07-12 18:25:49+00:00,0.4
4500,DJI_0411_frame_004500,2981.6,0:49:41,,1;0;0;0,0.2386;0.0000;0.0248,0;4;0,63.1,2026-07-12 18:25:53.600000+00:00,48.958735,9.003499,236.0,2026-07-12 18:25:54+00:00,0.4
4625,DJI_0411_frame_004625,2986.6,0:49:46,,0;1;0;0,0.1930;0.0000;0.0371,0;6;0,54.73,2026-07-12 18:25:58.600000+00:00,48.958792,9.004053,235.5,2026-07-12 18:25:59+00:00,0.4
4750,DJI_0411_frame_004750,2991.6,0:49:51,,0;1;0;0,0.1756;0.0000;0.0400,0;5;0,54.22,2026-07-12 18:26:03.600000+00:00,48.958909,9.004592,235.9,2026-07-12 18:26:04+00:00,0.4
4875,DJI_0411_frame_004875,2996.6,0:49:56,,0;1;0;0,0.2514;0.0000;0.0018,0;1;0,71.68,2026-07-12 18:26:08.600000+00:00,48.958982,9.005141,236.2,2026-07-12 18:26:09+00:00,0.4
5000,DJI_0411_frame_005000,3001.6,0:50:01,,0;1;0;0,0.1797;0.0000;0.0020,0;2;0,63.45,2026-07-12 18:26:13.600000+00:00,48.959063,9.005678,236.2,2026-07-12 18:26:14+00:00,0.4
5125,DJI_0411_frame_005125,3006.6,0:50:06,,0;1;0;0,0.1870;0.0000;0.0475,0;6;0,53.61,2026-07-12 18:26:18.600000+00:00,48.95913,9.00622,236.0,2026-07-12 18:26:19+00:00,0.4
5250,DJI_0411_frame_005250,3011.6,0:50:11,,0;1;0;0,0.2750;0.0000;0.0507,0;3;0,56.54,2026-07-12 18:26:23.600000+00:00,48.959198,9.006763,235.8,2026-07-12 18:26:24+00:00,0.4
5375,DJI_0411_frame_005375,3016.6,0:50:16,,0;1;0;0,0.2417;0.0000;0.0214,0;10;0,56.8,2026-07-12 18:26:28.600000+00:00,48.959273,9.007305,235.9,2026-07-12 18:26:29+00:00,0.4
5500,DJI_0411_frame_005500,3021.6,0:50:21,,0;1;0;0,0.1174;0.0000;0.0726,0;4;0,49.32,2026-07-12 18:26:33.600000+00:00,48.959351,9.007867,236.2,2026-07-12 18:26:34+00:00,0.4
5625,DJI_0411_frame_005625,3026.6,0:50:26,,0;1;0;0,0.1991;0.0000;0.0884,0;4;0,51.34,2026-07-12 18:26:38.600000+00:00,48.959449,9.008363,236.4,2026-07-12 18:26:39+00:00,0.4
5750,DJI_0411_frame_005750,3031.6,0:50:31,,0;1;0;0,0.1119;0.0000;0.2361,0;2;0,45.42,2026-07-12 18:26:43.600000+00:00,48.959592,9.00882,236.5,2026-07-12 18:26:44+00:00,0.4
5875,DJI_0411_frame_005875,3036.6,0:50:36,,0;1;0;0,0.1238;0.0000;0.1535,0;6;1,44.12,2026-07-12 18:26:48.600000+00:00,48.959776,9.009265,236.5,2026-07-12 18:26:49+00:00,0.4
6000,DJI_0411_frame_006000,3041.6,0:50:41,,0;1;0;0,0.3542;0.0000;0.0582,0;0;0,90.19,2026-07-12 18:26:53.600000+00:00,48.959946,9.00973,235.8,2026-07-12 18:26:54+00:00,0.4
6125,DJI_0411_frame_006125,3046.6,0:50:46,,0;1;0;0,0.0967;0.0000;0.2791,0;9;0,38.95,2026-07-12 18:26:58.600000+00:00,48.960155,9.010278,232.8,2026-07-12 18:26:59+00:00,0.4
6250,DJI_0411_frame_006250,3051.6,0:50:51,,0;1;0;0,0.0012;0.0000;0.3644,1;7;0,32.12,2026-07-12 18:27:03.600000+00:00,48.960406,9.010917,229.2,2026-07-12 18:27:04+00:00,0.4
6375,DJI_0411_frame_006375,3056.6,0:50:56,,0;1;0;0,0.0219;0.0000;0.2925,0;2;1,37.39,2026-07-12 18:27:08.600000+00:00,48.960741,9.011518,226.7,2026-07-12 18:27:09+00:00,0.4
6500,DJI_0411_frame_006500,3061.6,0:51:01,,0;1;0;0,0.2233;0.0000;0.0910,0;4;2,51.53,2026-07-12 18:27:13.600000+00:00,48.961101,9.012077,225.1,2026-07-12 18:27:14+00:00,0.4
6625,DJI_0411_frame_006625,3066.6,0:51:06,,0;1;0;0,0.4291;0.0000;0.0465,0;0;0,91.36,2026-07-12 18:27:18.600000+00:00,48.961365,9.012767,222.0,2026-07-12 18:27:19+00:00,0.4
6750,DJI_0411_frame_006750,3071.6,0:51:11,,0;1;0;0,0.4056;0.0000;0.1333,0;3;0,54.06,2026-07-12 18:27:23.600000+00:00,48.961645,9.013464,218.4,2026-07-12 18:27:24+00:00,0.4
6875,DJI_0411_frame_006875,3076.6,0:51:16,,0;1;0;0,0.2306;0.0000;0.1015,0;1;1,60.29,2026-07-12 18:27:28.600000+00:00,48.962087,9.013963,216.4,2026-07-12 18:27:29+00:00,0.4
7000,DJI_0411_frame_007000,3081.6,0:51:21,,0;1;0;0,0.2496;0.0000;0.1530,0;0;0,83.74,2026-07-12 18:27:33.600000+00:00,48.962565,9.014268,216.3,2026-07-12 18:27:34+00:00,0.4
7125,DJI_0411_frame_007125,3086.6,0:51:26,,0;1;0;0,0.0414;0.0000;0.3882,0;4;0,35.25,2026-07-12 18:27:38.600000+00:00,48.962924,9.014733,216.1,2026-07-12 18:27:39+00:00,0.4
7250,DJI_0411_frame_007250,3091.6,0:51:31,,0;1;0;0,0.0686;0.0000;0.1864,0;5;0,39.5,2026-07-12 18:27:43.600000+00:00,48.963203,9.015218,217.1,2026-07-12 18:27:44+00:00,0.4
7375,DJI_0411_frame_007375,3096.6,0:51:36,,0;1;0;0,0.0514;0.0000;0.2566,0;3;0,38.25,2026-07-12 18:27:48.600000+00:00,48.963336,9.015615,218.9,2026-07-12 18:27:49+00:00,0.4
7500,DJI_0411_frame_007500,3101.6,0:51:41,,0;1;0;0,0.0822;0.0000;0.2199,0;3;0,41.09,2026-07-12 18:27:53.600000+00:00,48.963341,9.015991,220.9,2026-07-12 18:27:54+00:00,0.4
7625,DJI_0411_frame_007625,3106.6,0:51:46,,0;1;0;0,0.2404;0.0000;0.1951,0;1;0,59.78,2026-07-12 18:27:58.600000+00:00,48.963415,9.016307,222.2,2026-07-12 18:27:59+00:00,0.4
7750,DJI_0411_frame_007750,3111.6,0:51:51,,1;0;0;0,0.0361;0.0000;0.2092,0;1;0,54.85,2026-07-12 18:28:03.600000+00:00,48.963448,9.016633,222.7,2026-07-12 18:28:04+00:00,0.4
7875,DJI_0411_frame_007875,3116.6,0:51:56,,1;0;0;0,0.0230;0.0000;0.0453,0;0;0,82.1,2026-07-12 18:28:08.600000+00:00,48.963469,9.01706,222.7,2026-07-12 18:28:09+00:00,0.4
8000,DJI_0411_frame_008000,3121.6,0:52:01,,1;0;0;0,0.0698;0.0000;0.2166,0;0;0,79.58,2026-07-12 18:28:13.600000+00:00,48.963498,9.017519,222.5,2026-07-12 18:28:14+00:00,0.4
8125,DJI_0411_frame_008125,3126.6,0:52:06,,1;0;0;0,0.1951;0.0000;0.2838,0;1;0,61.88,2026-07-12 18:28:18.600000+00:00,48.963534,9.017998,222.2,2026-07-12 18:28:19+00:00,0.4
8250,DJI_0411_frame_008250,3131.6,0:52:11,,1;0;0;0,0.3504;0.0000;0.0000,0;0;0,100.0,2026-07-12 18:28:23.600000+00:00,48.96363,9.018424,224.1,2026-07-12 18:28:24+00:00,0.4
8375,DJI_0411_frame_008375,3136.6,0:52:16,,1;0;0;0,0.5956;0.0000;0.0000,0;0;0,100.0,2026-07-12 18:28:28.600000+00:00,48.963682,9.018708,225.2,2026-07-12 18:28:29+00:00,0.4
8500,DJI_0411_frame_008500,3141.6,0:52:21,,1;0;0;0,0.6303;0.0000;0.0000,0;0;0,100.0,2026-07-12 18:28:33.600000+00:00,48.963721,9.019151,225.1,2026-07-12 18:28:34+00:00,0.4
8625,DJI_0411_frame_008625,3146.6,0:52:26,,0;1;0;0,0.6471;0.0000;0.0000,0;0;0,94.0,2026-07-12 18:28:38.600000+00:00,48.96379,9.019603,224.9,2026-07-12 18:28:39+00:00,0.4
8750,DJI_0411_frame_008750,3151.6,0:52:31,,0;1;0;0,0.6888;0.0000;0.0000,0;0;0,94.0,2026-07-12 18:28:43.600000+00:00,48.963879,9.020103,224.2,2026-07-12 18:28:44+00:00,0.4
8875,DJI_0411_frame_008875,3156.6,0:52:36,,1;0;0;0,0.5567;0.0000;0.0000,0;0;0,100.0,2026-07-12 18:28:48.600000+00:00,48.963995,9.020594,222.3,2026-07-12 18:28:49+00:00,0.4
9000,DJI_0411_frame_009000,3161.6,0:52:41,,0;1;0;0,0.6091;0.0000;0.0000,0;0;0,94.0,2026-07-12 18:28:53.600000+00:00,48.964152,9.021159,221.8,2026-07-12 18:28:54+00:00,0.4
9125,DJI_0411_frame_009125,3166.6,0:52:46,,0;1;0;0,0.5420;0.0000;0.0000,0;0;0,94.0,2026-07-12 18:28:58.600000+00:00,48.964272,9.02164,222.5,2026-07-12 18:28:59+00:00,0.4
9250,DJI_0411_frame_009250,3171.6,0:52:51,,0;0;0;1,0.4092;0.0000;0.0000,0;0;0,82.0,2026-07-12 18:29:03.600000+00:00,48.964358,9.022153,222.2,2026-07-12 18:29:04+00:00,0.4
9375,DJI_0411_frame_009375,3176.6,0:52:56,,1;0;0;0,0.5338;0.0000;0.0000,0;0;0,100.0,2026-07-12 18:29:08.600000+00:00,48.964402,9.022713,220.7,2026-07-12 18:29:09+00:00,0.4
9500,DJI_0411_frame_009500,3181.6,0:53:01,,0;0;1;0,0.6988;0.0000;0.0000,0;0;0,86.0,2026-07-12 18:29:13.600000+00:00,48.964452,9.023327,218.6,2026-07-12 18:29:14+00:00,0.4
9625,DJI_0411_frame_009625,3186.6,0:53:06,,1;0;0;0,0.6234;0.0000;0.0000,0;0;0,100.0,2026-07-12 18:29:18.600000+00:00,48.964499,9.023989,219.2,2026-07-12 18:29:19+00:00,0.4
9750,DJI_0411_frame_009750,3191.6,0:53:11,,1;0;0;0,0.8030;0.0000;0.0000,0;0;0,100.0,2026-07-12 18:29:23.600000+00:00,48.964456,9.024537,219.9,2026-07-12 18:29:24+00:00,0.4
9875,DJI_0411_frame_009875,3196.6,0:53:16,,0;1;0;0,0.3412;0.0000;0.0000,0;1;0,71.88,2026-07-12 18:29:28.600000+00:00,48.964344,9.025025,221.2,2026-07-12 18:29:29+00:00,0.4
10000,DJI_0411_frame_010000,3201.6,0:53:21,,1;0;0;0,0.3553;0.0000;0.0000,0;0;0,100.0,2026-07-12 18:29:33.600000+00:00,48.964343,9.025457,222.5,2026-07-12 18:29:34+00:00,0.4
10125,DJI_0411_frame_010125,3206.6,0:53:26,,1;0;0;0,0.6413;0.0000;0.0000,0;0;0,100.0,2026-07-12 18:29:38.600000+00:00,48.964363,9.025939,222.2,2026-07-12 18:29:39+00:00,0.4
10250,DJI_0411_frame_010250,3211.6,0:53:31,,1;0;0;0,0.6503;0.0000;0.0000,0;0;0,100.0,2026-07-12 18:29:43.600000+00:00,48.96442,9.02646,222.1,2026-07-12 18:29:44+00:00,0.4
10375,DJI_0411_frame_010375,3216.6,0:53:36,,1;0;0;0,0.3578;0.0000;0.0000,0;0;0,100.0,2026-07-12 18:29:48.600000+00:00,48.964486,9.027013,221.7,2026-07-12 18:29:49+00:00,0.4
10500,DJI_0411_frame_010500,3221.6,0:53:41,,1;0;0;0,0.5461;0.0000;0.0000,0;0;0,100.0,2026-07-12 18:29:53.600000+00:00,48.964564,9.027558,221.9,2026-07-12 18:29:54+00:00,0.4
10625,DJI_0411_frame_010625,3226.6,0:53:46,,0;0;1;0,0.5973;0.0000;0.0000,0;0;0,86.0,2026-07-12 18:29:58.600000+00:00,48.964642,9.028091,222.2,2026-07-12 18:29:59+00:00,0.4
10750,DJI_0411_frame_010750,3231.6,0:53:51,,0;1;0;0,0.3973;0.0000;0.0000,0;0;0,94.0,2026-07-12 18:30:03.600000+00:00,48.964718,9.028632,222.2,2026-07-12 18:30:04+00:00,0.4
10875,DJI_0411_frame_010875,3236.6,0:53:56,,1;0;0;0,0.7123;0.0000;0.0000,0;0;0,100.0,2026-07-12 18:30:08.600000+00:00,48.964753,9.029172,220.8,2026-07-12 18:30:09+00:00,0.4
11000,DJI_0411_frame_011000,3241.6,0:54:01,,1;0;0;0,0.5956;0.0000;0.0000,0;0;0,100.0,2026-07-12 18:30:13.600000+00:00,48.96477,9.029809,218.6,2026-07-12 18:30:14+00:00,0.4
11125,DJI_0411_frame_011125,3246.6,0:54:06,,0;0;0;1,0.7714;0.0000;0.0000,0;0;0,82.0,2026-07-12 18:30:18.600000+00:00,48.96481,9.030456,218.2,2026-07-12 18:30:19+00:00,0.4
11250,DJI_0411_frame_011250,3251.6,0:54:11,,1;0;0;0,0.6374;0.0000;0.0000,0;0;0,100.0,2026-07-12 18:30:23.600000+00:00,48.964792,9.031109,216.8,2026-07-12 18:30:24+00:00,0.4
11375,DJI_0411_frame_011375,3256.6,0:54:16,,0;1;0;0,0.4555;0.0000;0.0000,0;2;0,63.74,2026-07-12 18:30:28.600000+00:00,48.964744,9.031826,214.8,2026-07-12 18:30:29+00:00,0.4
11500,DJI_0411_frame_011500,3261.6,0:54:21,,1;0;0;0,0.6237;0.0000;0.0000,0;1;0,77.88,2026-07-12 18:30:33.600000+00:00,48.96468,9.032438,214.7,2026-07-12 18:30:34+00:00,0.4
11625,DJI_0411_frame_011625,3266.6,0:54:26,,1;0;0;0,0.7716;0.0000;0.0000,0;2;0,69.74,2026-07-12 18:30:38.600000+00:00,48.964623,9.033092,214.3,2026-07-12 18:30:39+00:00,0.4
11750,DJI_0411_frame_011750,3271.6,0:54:31,,1;0;0;0,0.7137;0.0000;0.0000,0;2;0,69.74,2026-07-12 18:30:43.600000+00:00,48.964578,9.033727,214.3,2026-07-12 18:30:44+00:00,0.4
11875,DJI_0411_frame_011875,3276.6,0:54:36,,1;0;0;0,0.7449;0.0000;0.0000,0;1;0,77.88,2026-07-12 18:30:48.600000+00:00,48.964544,9.034349,214.7,2026-07-12 18:30:49+00:00,0.4
12000,DJI_0411_frame_012000,3281.6,0:54:41,,1;0;0;0,0.7216;0.0000;0.0000,0;0;0,100.0,2026-07-12 18:30:53.600000+00:00,48.964522,9.034934,215.1,2026-07-12 18:30:54+00:00,0.4
12125,DJI_0411_frame_012125,3286.6,0:54:46,,1;0;0;0,0.7057;0.0000;0.0000,0;0;0,100.0,2026-07-12 18:30:58.600000+00:00,48.9645,9.035491,215.5,2026-07-12 18:30:59+00:00,0.4
12250,DJI_0411_frame_012250,3291.6,0:54:51,,1;0;0;0,0.6995;0.0000;0.0000,0;0;0,100.0,2026-07-12 18:31:03.600000+00:00,48.964487,9.036027,215.8,2026-07-12 18:31:04+00:00,0.4
12375,DJI_0411_frame_012375,3296.6,0:54:56,,1;0;0;0,0.7004;0.0000;0.0000,0;0;0,100.0,2026-07-12 18:31:08.600000+00:00,48.964482,9.036574,216.0,2026-07-12 18:31:09+00:00,0.4
12500,DJI_0411_frame_012500,3301.6,0:55:01,,1;0;0;0,0.7195;0.0000;0.0000,0;0;0,100.0,2026-07-12 18:31:13.600000+00:00,48.964484,9.037138,215.8,2026-07-12 18:31:14+00:00,0.4
12625,DJI_0411_frame_012625,3306.6,0:55:06,,1;0;0;0,0.7368;0.0000;0.0000,0;0;0,100.0,2026-07-12 18:31:18.600000+00:00,48.964505,9.0377,215.5,2026-07-12 18:31:19+00:00,0.4
12750,DJI_0411_frame_012750,3311.6,0:55:11,,1;0;0;0,0.7227;0.0000;0.0000,0;0;0,100.0,2026-07-12 18:31:23.600000+00:00,48.964518,9.038296,214.8,2026-07-12 18:31:24+00:00,0.4
12875,DJI_0411_frame_012875,3316.6,0:55:16,,1;0;0;0,0.7473;0.0000;0.0000,0;0;0,100.0,2026-07-12 18:31:28.600000+00:00,48.964531,9.038915,213.8,2026-07-12 18:31:29+00:00,0.4
13000,DJI_0411_frame_013000,3321.6,0:55:21,,1;0;0;0,0.7801;0.0000;0.0000,0;0;0,100.0,2026-07-12 18:31:33.600000+00:00,48.964552,9.039567,212.7,2026-07-12 18:31:34+00:00,0.4
13125,DJI_0411_frame_013125,3326.6,0:55:26,,1;0;0;0,0.8068;0.0000;0.0000,0;0;0,100.0,2026-07-12 18:31:38.600000+00:00,48.964523,9.040356,211.5,2026-07-12 18:31:39+00:00,0.4
13250,DJI_0411_frame_013250,3331.6,0:55:31,,1;0;0;0,0.8031;0.0000;0.0000,0;0;0,100.0,2026-07-12 18:31:43.600000+00:00,48.964462,9.040888,210.9,2026-07-12 18:31:44+00:00,0.4
13375,DJI_0411_frame_013375,3336.6,0:55:36,,1;0;0;0,0.8033;0.0000;0.0000,0;0;0,100.0,2026-07-12 18:31:48.600000+00:00,48.96435,9.041528,210.4,2026-07-12 18:31:49+00:00,0.4
13500,DJI_0411_frame_013500,3341.6,0:55:41,,1;0;0;0,0.8127;0.0000;0.0000,0;0;0,100.0,2026-07-12 18:31:53.600000+00:00,48.964205,9.042167,209.9,2026-07-12 18:31:54+00:00,0.4
13625,DJI_0411_frame_013625,3346.6,0:55:46,,1;0;0;0,0.7978;0.0000;0.0000,0;1;0,77.88,2026-07-12 18:31:58.600000+00:00,48.964082,9.042802,209.6,2026-07-12 18:31:59+00:00,0.4
13750,DJI_0411_frame_013750,3351.6,0:55:51,,1;0;0;0,0.7392;0.0000;0.0000,0;0;0,100.0,2026-07-12 18:32:03.600000+00:00,48.964001,9.043451,209.6,2026-07-12 18:32:04+00:00,0.4
13875,DJI_0411_frame_013875,3356.6,0:55:56,,1;0;0;0,0.8069;0.0000;0.0000,0;0;0,100.0,2026-07-12 18:32:08.600000+00:00,48.964012,9.044068,209.7,2026-07-12 18:32:09+00:00,0.4
14000,DJI_0411_frame_014000,3361.6,0:56:01,,1;0;0;0,0.6111;0.0000;0.0000,0;1;0,77.88,2026-07-12 18:32:13.600000+00:00,48.96409,9.044651,209.8,2026-07-12 18:32:14+00:00,0.4
14125,DJI_0411_frame_014125,3366.6,0:56:06,,1;0;0;0,0.3741;0.0000;0.0184,0;0;0,98.73,2026-07-12 18:32:18.600000+00:00,48.964183,9.045193,209.6,2026-07-12 18:32:19+00:00,0.4
14250,DJI_0411_frame_014250,3371.6,0:56:11,,0;1;0;0,0.5637;0.0000;0.0000,0;4;0,59.64,2026-07-12 18:32:23.600000+00:00,48.964308,9.045734,209.5,2026-07-12 18:32:24+00:00,0.4
14375,DJI_0411_frame_014375,3376.6,0:56:16,,0;0;0;1,0.7645;0.0000;0.0000,0;0;0,82.0,2026-07-12 18:32:28.600000+00:00,48.964389,9.046292,209.5,2026-07-12 18:32:29+00:00,0.4
14500,DJI_0411_frame_014500,3381.6,0:56:21,,0;0;1;0,0.5812;0.0000;0.0000,0;0;0,86.0,2026-07-12 18:32:33.600000+00:00,48.964442,9.046824,209.3,2026-07-12 18:32:34+00:00,0.4
14625,DJI_0411_frame_014625,3386.6,0:56:26,,0;0;1;0,0.4799;0.0000;0.0000,0;0;0,86.0,2026-07-12 18:32:38.600000+00:00,48.964424,9.047382,209.1,2026-07-12 18:32:39+00:00,0.4
14750,DJI_0411_frame_014750,3391.6,0:56:31,,1;0;0;0,0.7979;0.0000;0.0000,0;0;0,100.0,2026-07-12 18:32:43.600000+00:00,48.964329,9.047956,208.8,2026-07-12 18:32:44+00:00,0.4
14875,DJI_0411_frame_014875,3396.6,0:56:36,,1;0;0;0,0.7996;0.0000;0.0000,0;2;0,69.74,2026-07-12 18:32:48.600000+00:00,48.96419,9.048589,208.2,2026-07-12 18:32:49+00:00,0.4
15000,DJI_0411_frame_015000,3401.6,0:56:41,,1;0;0;0,0.8394;0.0000;0.0000,0;0;0,100.0,2026-07-12 18:32:53.600000+00:00,48.964076,9.049175,207.7,2026-07-12 18:32:54+00:00,0.4
15125,DJI_0411_frame_015125,3406.6,0:56:46,,1;0;0;0,0.8029;0.0000;0.0000,0;0;0,100.0,2026-07-12 18:32:58.600000+00:00,48.963987,9.049698,207.6,2026-07-12 18:32:59+00:00,0.4
15250,DJI_0411_frame_015250,3411.6,0:56:51,,1;0;0;0,0.7388;0.0000;0.0000,0;0;0,100.0,2026-07-12 18:33:03.600000+00:00,48.963932,9.050302,207.8,2026-07-12 18:33:04+00:00,0.4
15375,DJI_0411_frame_015375,3416.6,0:56:56,,1;0;0;0,0.7368;0.0000;0.0000,0;0;0,100.0,2026-07-12 18:33:08.600000+00:00,48.963931,9.050862,208.2,2026-07-12 18:33:09+00:00,0.4
15500,DJI_0411_frame_015500,3421.6,0:57:01,,1;0;0;0,0.7161;0.0000;0.0002,0;0;0,99.99,2026-07-12 18:33:13.600000+00:00,48.963965,9.051498,209.5,2026-07-12 18:33:14+00:00,0.4
15625,DJI_0411_frame_015625,3426.6,0:57:06,,1;0;0;0,0.6721;0.0000;0.0082,0;0;0,99.68,2026-07-12 18:33:18.600000+00:00,48.964001,9.051894,210.3,2026-07-12 18:33:19+00:00,0.4
15750,DJI_0411_frame_015750,3431.6,0:57:11,,1;0;0;0,0.5015;0.0000;0.0682,0;2;0,66.5,2026-07-12 18:33:23.600000+00:00,48.964006,9.05237,211.0,2026-07-12 18:33:24+00:00,0.4
15875,DJI_0411_frame_015875,3436.6,0:57:16,,0;1;0;0,0.0942;0.0000;0.1495,0;9;0,42.44,2026-07-12 18:33:28.600000+00:00,48.963988,9.052777,211.1,2026-07-12 18:33:29+00:00,0.4
16000,DJI_0411_frame_016000,3441.6,0:57:21,,0;1;0;0,0.0958;0.0000;0.3085,0;2;0,43.13,2026-07-12 18:33:33.600000+00:00,48.96393,9.053299,210.2,2026-07-12 18:33:34+00:00,0.4
16125,DJI_0411_frame_016125,3446.6,0:57:26,,0;1;0;0,0.1047;0.0000;0.3234,0;4;0,39.25,2026-07-12 18:33:38.600000+00:00,48.963799,9.053697,208.6,2026-07-12 18:33:39+00:00,0.4
16250,DJI_0411_frame_016250,3451.6,0:57:31,,0;1;0;0,0.1160;0.0000;0.1557,0;1;0,56.4,2026-07-12 18:33:43.600000+00:00,48.963629,9.054304,206.9,2026-07-12 18:33:44+00:00,0.4
16375,DJI_0411_frame_016375,3456.6,0:57:36,,0;1;0;0,0.2648;0.0000;0.0252,0;2;0,61.39,2026-07-12 18:33:48.600000+00:00,48.963605,9.054957,206.5,2026-07-12 18:33:49+00:00,0.4
16500,DJI_0411_frame_016500,3461.6,0:57:41,,0;1;0;0,0.3413;0.0000;0.0435,0;2;0,60.69,2026-07-12 18:33:53.600000+00:00,48.96352,9.05557,206.5,2026-07-12 18:33:54+00:00,0.4
16625,DJI_0411_frame_016625,3466.6,0:57:46,,0;1;0;0,0.4809;0.0000;0.0000,0;4;0,59.64,2026-07-12 18:33:58.600000+00:00,48.963316,9.056116,207.2,2026-07-12 18:33:59+00:00,0.4
16750,DJI_0411_frame_016750,3471.6,0:57:51,,0;1;0;0,0.3840;0.0000;0.0590,0;2;0,60.14,2026-07-12 18:34:03.600000+00:00,48.963112,9.056579,207.7,2026-07-12 18:34:04+00:00,0.4
16875,DJI_0411_frame_016875,3476.6,0:57:56,,0;1;0;0,0.3600;0.0000;0.1146,0;2;0,57.22,2026-07-12 18:34:08.600000+00:00,48.962913,9.057066,208.6,2026-07-12 18:34:09+00:00,0.4
17000,DJI_0411_frame_017000,3481.6,0:58:01,,1;0;0;0,0.0229;0.0000;0.5081,0;3;0,40.91,2026-07-12 18:34:13.600000+00:00,48.962792,9.057327,209.5,2026-07-12 18:34:14+00:00,0.4
17125,DJI_0411_frame_017125,3486.6,0:58:06,,1;0;0;0,0.0361;0.0000;0.3272,0;6;0,40.77,2026-07-12 18:34:18.600000+00:00,48.96269,9.057572,210.4,2026-07-12 18:34:19+00:00,0.4
17250,DJI_0411_frame_017250,3491.6,0:58:11,,0;1;0;0,0.0616;0.0000;0.2743,0;2;0,41.69,2026-07-12 18:34:23.600000+00:00,48.962589,9.057839,211.6,2026-07-12 18:34:24+00:00,0.4
17375,DJI_0411_frame_017375,3496.6,0:58:16,,1;0;0;0,0.1213;0.0000;0.0269,0;1;0,72.98,2026-07-12 18:34:28.600000+00:00,48.962491,9.058074,212.9,2026-07-12 18:34:29+00:00,0.4
17500,DJI_0411_frame_017500,3501.6,0:58:21,,1;0;0;0,0.4150;0.0000;0.0447,0;0;0,97.38,2026-07-12 18:34:33.600000+00:00,48.962404,9.058294,214.0,2026-07-12 18:34:34+00:00,0.4
17625,DJI_0411_frame_017625,3506.6,0:58:26,,0;1;0;0,0.4536;0.0000;0.0003,0;1;0,71.86,2026-07-12 18:34:38.600000+00:00,48.962319,9.058514,215.1,2026-07-12 18:34:39+00:00,0.4
17750,DJI_0411_frame_017750,3511.6,0:58:31,,0;1;0;0,0.4434;0.0000;0.0000,0;3;0,60.74,2026-07-12 18:34:43.600000+00:00,48.962216,9.058746,216.3,2026-07-12 18:34:44+00:00,0.4
17875,DJI_0411_frame_017875,3516.6,0:58:36,,1;0;0;0,0.5298;0.0000;0.0000,0;2;0,69.74,2026-07-12 18:34:48.600000+00:00,48.962123,9.058962,217.3,2026-07-12 18:34:49+00:00,0.4
18000,DJI_0411_frame_018000,3521.6,0:58:41,,1;0;0;0,0.5107;0.0000;0.0018,0;0;0,99.91,2026-07-12 18:34:53.600000+00:00,48.962059,9.059173,218.2,2026-07-12 18:34:54+00:00,0.4
18125,DJI_0411_frame_018125,3526.6,0:58:46,,1;0;0;0,0.5663;0.0000;0.0040,0;0;0,99.81,2026-07-12 18:34:58.600000+00:00,48.961972,9.059396,219.2,2026-07-12 18:34:59+00:00,0.4
18250,DJI_0411_frame_018250,3531.6,0:58:51,,1;0;0;0,0.5172;0.0000;0.0000,0;2;0,69.74,2026-07-12 18:35:03.600000+00:00,48.961884,9.059625,220.3,2026-07-12 18:35:04+00:00,0.4
18375,DJI_0411_frame_018375,3536.6,0:58:56,,1;0;0;0,0.5491;0.0000;0.0000,0;2;0,69.74,2026-07-12 18:35:08.600000+00:00,48.961783,9.059855,221.5,2026-07-12 18:35:09+00:00,0.4
18500,DJI_0411_frame_018500,3541.6,0:59:01,,0;1;0;0,0.5319;0.0000;0.0000,0;0;0,94.0,2026-07-12 18:35:13.600000+00:00,48.961661,9.060067,222.6,2026-07-12 18:35:14+00:00,0.4
18625,DJI_0411_frame_018625,3546.6,0:59:06,,1;0;0;0,0.5933;0.0000;0.0000,0;2;0,69.74,2026-07-12 18:35:18.600000+00:00,48.961545,9.060233,223.6,2026-07-12 18:35:19+00:00,0.4
18750,DJI_0411_frame_018750,3551.6,0:59:11,,1;0;0;0,0.2608;0.0000;0.0587,0;1;0,72.91,2026-07-12 18:35:23.600000+00:00,48.961409,9.060388,224.4,2026-07-12 18:35:24+00:00,0.4
18875,DJI_0411_frame_018875,3556.6,0:59:16,,1;0;0;0,0.3950;0.0000;0.0286,0;1;0,76.06,2026-07-12 18:35:28.600000+00:00,48.961269,9.060545,225.3,2026-07-12 18:35:29+00:00,0.4
19000,DJI_0411_frame_019000,3561.6,0:59:21,,1;0;0;0,0.2705;0.0000;0.3021,0;1;0,63.63,2026-07-12 18:35:33.600000+00:00,48.961122,9.060705,226.0,2026-07-12 18:35:34+00:00,0.4
19125,DJI_0411_frame_019125,3566.6,0:59:26,,1;0;0;0,0.3012;0.0000;0.3208,0;1;0,63.95,2026-07-12 18:35:38.600000+00:00,48.960983,9.060833,226.6,2026-07-12 18:35:39+00:00,0.4
19250,DJI_0411_frame_019250,3571.6,0:59:31,,1;0;0;0,0.1730;0.0000;0.4053,0;2;0,50.81,2026-07-12 18:35:43.600000+00:00,48.960866,9.060952,227.2,2026-07-12 18:35:44+00:00,0.4
19375,DJI_0411_frame_019375,3576.6,0:59:36,,1;0;0;0,0.6071;0.0000;0.0510,0;3;0,64.65,2026-07-12 18:35:48.600000+00:00,48.960705,9.061078,227.9,2026-07-12 18:35:49+00:00,0.4
19500,DJI_0411_frame_019500,3581.6,0:59:41,,1;0;0;0,0.0113;0.0000;0.5652,0;9;0,38.53,2026-07-12 18:35:53.600000+00:00,48.960577,9.061238,228.8,2026-07-12 18:35:54+00:00,0.4
19625,DJI_0411_frame_019625,3586.6,0:59:46,,1;0;0;0,0.0071;0.0000;0.5519,0;3;0,40.08,2026-07-12 18:35:58.600000+00:00,48.96046,9.06144,229.9,2026-07-12 18:35:59+00:00,0.4
19750,DJI_0411_frame_019750,3591.6,0:59:51,,1;0;0;0,0.0116;0.0000;0.4971,0;8;0,38.63,2026-07-12 18:36:03.600000+00:00,48.960358,9.06164,231.1,2026-07-12 18:36:04+00:00,0.4
19875,DJI_0411_frame_019875,3596.6,0:59:56,,1;0;0;0,0.0237;0.0000;0.5753,0;3;1,40.36,2026-07-12 18:36:08.600000+00:00,48.960263,9.061832,232.2,2026-07-12 18:36:09+00:00,0.4
20000,DJI_0411_frame_020000,3601.6,1:00:01,,1;0;0;0,0.0474;0.0000;0.6105,0;4;0,40.59,2026-07-12 18:36:13.600000+00:00,48.960145,9.06208,233.6,2026-07-12 18:36:14+00:00,0.4
20125,DJI_0411_frame_020125,3606.6,1:00:06,,1;0;0;0,0.1628;0.0000;0.1705,0;6;0,51.27,2026-07-12 18:36:18.600000+00:00,48.960079,9.06222,234.4,2026-07-12 18:36:19+00:00,0.4
20250,DJI_0411_frame_020250,3611.6,1:00:11,,0;1;0;0,0.1176;0.0000;0.2039,0;3;0,43.62,2026-07-12 18:36:23.600000+00:00,48.959996,9.06237,235.3,2026-07-12 18:36:24+00:00,0.4
20375,DJI_0411_frame_020375,3616.6,1:00:16,,0;1;0;0,0.3184;0.0000;0.2620,0;3;1,48.1,2026-07-12 18:36:28.600000+00:00,48.959898,9.062566,236.3,2026-07-12 18:36:29+00:00,0.4
20500,DJI_0411_frame_020500,3621.6,1:00:21,,0;1;0;0,0.1616;0.0000;0.4700,0;2;2,41.51,2026-07-12 18:36:33.600000+00:00,48.959836,9.062705,237.0,2026-07-12 18:36:34+00:00,0.4
20625,DJI_0411_frame_020625,3626.6,1:00:26,,0;1;0;0,0.2138;0.0000;0.3943,0;1;2,48.56,2026-07-12 18:36:38.600000+00:00,48.959756,9.062866,237.9,2026-07-12 18:36:39+00:00,0.4
20750,DJI_0411_frame_020750,3631.6,1:00:31,,0;1;0;0,0.0261;0.0000;0.3382,0;4;2,34.29,2026-07-12 18:36:43.600000+00:00,48.959684,9.063021,238.7,2026-07-12 18:36:44+00:00,0.4
20875,DJI_0411_frame_020875,3636.6,1:00:36,,0;1;0;0,0.0560;0.0000;0.4835,0;5;0,35.04,2026-07-12 18:36:48.600000+00:00,48.959597,9.063119,239.4,2026-07-12 18:36:49+00:00,0.4
21000,DJI_0411_frame_021000,3641.6,1:00:41,,1;0;0;0,0.0098;0.0000;0.7042,0;1;1,47.91,2026-07-12 18:36:53.600000+00:00,48.95951,9.063186,240.1,2026-07-12 18:36:54+00:00,0.4
21125,DJI_0411_frame_021125,3646.6,1:00:46,,0;1;0;0,0.0000;0.0000;0.8644,0;2;0,36.74,2026-07-12 18:36:58.600000+00:00,48.959523,9.063252,240.2,2026-07-12 18:36:59+00:00,0.4
21250,DJI_0411_frame_021250,3651.6,1:00:51,,1;0;0;0,0.0007;0.0000;0.7460,0;1;0,50.9,2026-07-12 18:37:03.600000+00:00,48.959541,9.063289,240.3,2026-07-12 18:37:04+00:00,0.4
21375,DJI_0411_frame_021375,3656.6,1:00:56,,1;0;0;0,0.0051;0.0000;0.7694,0;0;0,73.18,2026-07-12 18:37:08.600000+00:00,48.959542,9.063291,240.3,2026-07-12 18:37:09+00:00,0.4
21500,DJI_0411_frame_021500,3661.6,1:01:01,,1;0;0;0,0.0000;0.0000;0.7079,0;0;5,45.81,2026-07-12 18:37:13.600000+00:00,,,,,
21625,DJI_0411_frame_021625,3666.6,1:01:06,,0;1;0;0,0.0050;0.0000;0.5301,0;0;2,51.46,2026-07-12 18:37:18.600000+00:00,,,,,
21750,DJI_0411_frame_021750,3671.6,1:01:11,,0;1;0;0,0.0066;0.0000;0.5153,0;0;3,46.57,2026-07-12 18:37:23.600000+00:00,,,,,
21875,DJI_0411_frame_021875,3676.6,1:01:16,,0;1;0;0,0.0078;0.0000;0.5190,0;0;1,58.33,2026-07-12 18:37:28.600000+00:00,,,,,
22000,DJI_0411_frame_022000,3681.6,1:01:21,,0;1;0;0,0.0099;0.0000;0.5217,0;0;2,51.71,2026-07-12 18:37:33.600000+00:00,,,,,
22125,DJI_0411_frame_022125,3686.6,1:01:26,,0;1;0;0,0.0089;0.0000;0.5201,0;0;2,51.66,2026-07-12 18:37:38.600000+00:00,,,,,
22250,DJI_0411_frame_022250,3691.6,1:01:31,,0;1;0;0,0.0102;0.0000;0.4771,0;1;2,39.63,2026-07-12 18:37:43.600000+00:00,,,,,
22375,DJI_0411_frame_022375,3696.6,1:01:36,,0;1;0;0,0.0097;0.0000;0.5195,0;0;2,51.7,2026-07-12 18:37:48.600000+00:00,,,,,
22500,DJI_0411_frame_022500,3701.6,1:01:41,,0;1;0;0,0.0094;0.0000;0.5211,0;0;2,51.69,2026-07-12 18:37:53.600000+00:00,,,,,
22625,DJI_0411_frame_022625,3706.6,1:01:46,,0;1;0;0,0.0075;0.0000;0.5142,0;1;3,37.62,2026-07-12 18:37:58.600000+00:00,,,,,
22750,DJI_0411_frame_022750,3711.6,1:01:51,,0;1;0;0,0.0090;0.0000;0.5222,0;0;2,51.66,2026-07-12 18:38:03.600000+00:00,,,,,
22875,DJI_0411_frame_022875,3716.6,1:01:56,,0;1;0;0,0.0087;0.0000;0.5195,0;0;1,58.37,2026-07-12 18:38:08.600000+00:00,,,,,
23000,DJI_0411_frame_023000,3721.6,1:02:01,,0;1;0;0,0.0084;0.0000;0.5198,0;1;3,37.67,2026-07-12 18:38:13.600000+00:00,,,,,
23125,DJI_0411_frame_023125,3726.6,1:02:06,,0;1;0;0,0.0075;0.0000;0.5193,0;1;3,37.62,2026-07-12 18:38:18.600000+00:00,,,,,
23250,DJI_0411_frame_023250,3731.6,1:02:11,,0;1;0;0,0.0082;0.0000;0.5224,0;0;2,51.62,2026-07-12 18:38:23.600000+00:00,,,,,
23375,DJI_0411_frame_023375,3736.6,1:02:16,,0;1;0;0,0.0093;0.0000;0.5198,0;1;3,37.71,2026-07-12 18:38:28.600000+00:00,,,,,
0,DJI_0412_frame_000000,3740.96,1:02:20,,0;1;0;0,0.0055;0.0000;0.5124,0;1;3,37.52,2026-07-12 18:38:32.960000+00:00,,,,,
125,DJI_0412_frame_000125,3745.96,1:02:25,,0;1;0;0,0.0048;0.0000;0.5129,0;0;3,46.48,2026-07-12 18:38:37.960000+00:00,,,,,
250,DJI_0412_frame_000250,3750.96,1:02:30,,0;1;0;0,0.0052;0.0000;0.5131,0;0;3,46.5,2026-07-12 18:38:42.960000+00:00,,,,,
375,DJI_0412_frame_000375,3755.96,1:02:35,,0;1;0;0,0.0047;0.0000;0.5053,0;1;2,39.32,2026-07-12 18:38:47.960000+00:00,,,,,
500,DJI_0412_frame_000500,3760.96,1:02:40,,0;1;0;0,0.0068;0.0000;0.5159,0;0;2,51.56,2026-07-12 18:38:52.960000+00:00,,,,,
625,DJI_0412_frame_000625,3765.96,1:02:45,,0;1;0;0,0.0063;0.0000;0.4994,0;1;2,39.41,2026-07-12 18:38:57.960000+00:00,,,,,
750,DJI_0412_frame_000750,3770.96,1:02:50,,0;1;0;0,0.0070;0.0000;0.5160,0;0;2,51.57,2026-07-12 18:39:02.960000+00:00,,,,,
875,DJI_0412_frame_000875,3775.96,1:02:55,,0;1;0;0,0.0060;0.0000;0.5158,0;0;2,51.52,2026-07-12 18:39:07.960000+00:00,,,,,
1000,DJI_0412_frame_001000,3780.96,1:03:00,,0;1;0;0,0.0062;0.0000;0.5154,0;1;2,39.39,2026-07-12 18:39:12.960000+00:00,,,,,
1125,DJI_0412_frame_001125,3785.96,1:03:05,,0;1;0;0,0.0071;0.0000;0.5052,0;1;1,41.91,2026-07-12 18:39:17.960000+00:00,,,,,
1250,DJI_0412_frame_001250,3790.96,1:03:10,,0;1;0;0,0.0067;0.0000;0.5139,0;0;2,51.56,2026-07-12 18:39:22.960000+00:00,,,,,
1375,DJI_0412_frame_001375,3795.96,1:03:15,,0;1;0;0,0.0067;0.0000;0.5132,0;0;1,58.28,2026-07-12 18:39:27.960000+00:00,,,,,
1500,DJI_0412_frame_001500,3800.96,1:03:20,,0;1;0;0,0.0071;0.0000;0.5059,0;1;3,37.61,2026-07-12 18:39:32.960000+00:00,,,,,
1625,DJI_0412_frame_001625,3805.96,1:03:25,,0;1;0;0,0.0078;0.0000;0.5103,0;0;2,51.61,2026-07-12 18:39:37.960000+00:00,,,,,
1750,DJI_0412_frame_001750,3810.96,1:03:30,,0;1;0;0,0.0073;0.0000;0.5016,0;1;1,41.92,2026-07-12 18:39:42.960000+00:00,,,,,
1875,DJI_0412_frame_001875,3815.96,1:03:35,,0;1;0;0,0.0085;0.0000;0.5070,0;1;1,41.98,2026-07-12 18:39:47.960000+00:00,,,,,
2000,DJI_0412_frame_002000,3820.96,1:03:40,,0;1;0;0,0.0052;0.0000;0.4872,2;1;3,40.09,2026-07-12 18:39:52.960000+00:00,,,,,
2125,DJI_0412_frame_002125,3825.96,1:03:45,,0;1;0;0,0.0076;0.0000;0.5107,2;0;2,61.05,2026-07-12 18:39:57.960000+00:00,,,,,
2250,DJI_0412_frame_002250,3830.96,1:03:50,,0;1;0;0,0.0000;0.0000;0.5987,0;0;5,39.81,2026-07-12 18:40:02.960000+00:00,,,,,
2375,DJI_0412_frame_002375,3835.96,1:03:55,,1;0;0;0,0.0009;0.0000;0.6486,0;0;2,57.25,2026-07-12 18:40:07.960000+00:00,,,,,
2500,DJI_0412_frame_002500,3840.96,1:04:00,,0;1;0;0,0.0116;0.0000;0.5134,0;0;0,67.6,2026-07-12 18:40:12.960000+00:00,48.959583,9.063377,240.5,2026-07-12 18:40:15+00:00,2.04
2625,DJI_0412_frame_002625,3845.96,1:04:05,,0;1;0;0,0.0413;0.0000;0.4606,0;5;0,34.46,2026-07-12 18:40:17.960000+00:00,48.959607,9.063509,240.7,2026-07-12 18:40:18+00:00,0.04
2750,DJI_0412_frame_002750,3850.96,1:04:10,,0;1;0;0,0.2499;0.0000;0.2147,0;4;0,47.16,2026-07-12 18:40:22.960000+00:00,48.959582,9.064063,241.0,2026-07-12 18:40:23+00:00,0.04
2875,DJI_0412_frame_002875,3855.96,1:04:15,,0;1;0;0,0.3309;0.0000;0.1160,0;4;1,52.47,2026-07-12 18:40:27.960000+00:00,48.959512,9.064528,241.3,2026-07-12 18:40:28+00:00,0.04
3000,DJI_0412_frame_003000,3860.96,1:04:20,,0;1;0;0,0.0918;0.0000;0.2347,0;3;3,40.3,2026-07-12 18:40:32.960000+00:00,48.959425,9.065146,241.3,2026-07-12 18:40:33+00:00,0.04
3125,DJI_0412_frame_003125,3865.96,1:04:25,,0;1;0;0,0.1857;0.0000;0.2703,0;4;1,43.47,2026-07-12 18:40:37.960000+00:00,48.959349,9.065793,241.0,2026-07-12 18:40:38+00:00,0.04
3250,DJI_0412_frame_003250,3870.96,1:04:30,,0;1;0;0,0.1832;0.0000;0.1659,0;0;3,60.4,2026-07-12 18:40:42.960000+00:00,48.959236,9.06637,241.8,2026-07-12 18:40:43+00:00,0.04
3375,DJI_0412_frame_003375,3875.96,1:04:35,,1;0;0;0,0.2083;0.0000;0.3073,2;4;3,49.3,2026-07-12 18:40:47.960000+00:00,48.959197,9.066852,243.7,2026-07-12 18:40:48+00:00,0.04
3500,DJI_0412_frame_003500,3880.96,1:04:40,,0;1;0;0,0.0423;0.0000;0.4677,0;9;1,34.24,2026-07-12 18:40:52.960000+00:00,48.959028,9.067059,244.6,2026-07-12 18:40:53+00:00,0.04
3625,DJI_0412_frame_003625,3885.96,1:04:45,,0;1;0;0,0.0636;0.0000;0.4249,0;8;1,35.52,2026-07-12 18:40:57.960000+00:00,48.958826,9.067141,245.9,2026-07-12 18:40:58+00:00,0.04
3750,DJI_0412_frame_003750,3890.96,1:04:50,,0;1;0;0,0.1562;0.0000;0.3871,0;4;0,40.4,2026-07-12 18:41:02.960000+00:00,48.958649,9.067195,247.1,2026-07-12 18:41:03+00:00,0.04
3875,DJI_0412_frame_003875,3895.96,1:04:55,,0;1;0;0,0.5592;0.0000;0.0735,0;5;1,56.04,2026-07-12 18:41:07.960000+00:00,48.958469,9.06725,248.5,2026-07-12 18:41:08+00:00,0.04
4000,DJI_0412_frame_004000,3900.96,1:05:00,,0;1;0;0,0.3126;0.0000;0.1621,0;3;1,51.07,2026-07-12 18:41:12.960000+00:00,48.958322,9.067297,249.6,2026-07-12 18:41:13+00:00,0.04
4125,DJI_0412_frame_004125,3905.96,1:05:05,,0;1;0;0,0.3038;0.0000;0.0703,1;12;0,53.93,2026-07-12 18:41:17.960000+00:00,48.958171,9.067406,250.8,2026-07-12 18:41:18+00:00,0.04
4250,DJI_0412_frame_004250,3910.96,1:05:10,,0;1;0;0,0.2560;0.0000;0.1653,0;7;0,48.44,2026-07-12 18:41:22.960000+00:00,48.957973,9.0675,252.2,2026-07-12 18:41:23+00:00,0.04
4375,DJI_0412_frame_004375,3915.96,1:05:15,,0;1;0;0,0.1741;0.0000;0.0655,0;2;0,56.36,2026-07-12 18:41:27.960000+00:00,48.957783,9.067592,253.3,2026-07-12 18:41:28+00:00,0.04
4500,DJI_0412_frame_004500,3920.96,1:05:20,,1;0;0;0,0.1653;0.0000;0.0053,0;0;2,83.37,2026-07-12 18:41:32.960000+00:00,48.957588,9.067715,254.1,2026-07-12 18:41:33+00:00,0.04
4625,DJI_0412_frame_004625,3925.96,1:05:25,,0;1;0;0,0.1855;0.0000;0.0637,0;1;0,64.98,2026-07-12 18:41:37.960000+00:00,48.95739,9.067879,254.7,2026-07-12 18:41:38+00:00,0.04
4750,DJI_0412_frame_004750,3930.96,1:05:30,,0;1;0;0,0.0441;0.0000;0.3365,0;7;0,35.16,2026-07-12 18:41:42.960000+00:00,48.957277,9.068213,254.5,2026-07-12 18:41:43+00:00,0.04
4875,DJI_0412_frame_004875,3935.96,1:05:35,,0;1;0;0,0.0787;0.0000;0.3138,0;6;0,37.5,2026-07-12 18:41:47.960000+00:00,48.957187,9.068628,253.8,2026-07-12 18:41:48+00:00,0.04
5000,DJI_0412_frame_005000,3940.96,1:05:40,,1;0;0;0,0.2080;0.0000;0.1599,0;2;0,58.0,2026-07-12 18:41:52.960000+00:00,48.957098,9.06906,253.2,2026-07-12 18:41:53+00:00,0.04
5125,DJI_0412_frame_005125,3945.96,1:05:45,,1;0;0;0,0.2949;0.0000;0.1011,0;1;0,70.98,2026-07-12 18:41:57.960000+00:00,48.957042,9.069532,253.0,2026-07-12 18:41:58+00:00,0.04
5250,DJI_0412_frame_005250,3950.96,1:05:50,,1;0;0;0,0.1910;0.0000;0.2540,0;2;0,54.32,2026-07-12 18:42:02.960000+00:00,48.956959,9.070011,252.8,2026-07-12 18:42:03+00:00,0.04
5375,DJI_0412_frame_005375,3955.96,1:05:55,,1;0;0;0,0.4419;0.0000;0.0228,0;0;0,98.68,2026-07-12 18:42:07.960000+00:00,48.956879,9.07051,252.8,2026-07-12 18:42:08+00:00,0.04
5500,DJI_0412_frame_005500,3960.96,1:06:00,,1;0;0;0,0.6038;0.0000;0.0000,0;0;0,100.0,2026-07-12 18:42:12.960000+00:00,48.9568,9.071035,252.5,2026-07-12 18:42:13+00:00,0.04
5625,DJI_0412_frame_005625,3965.96,1:06:05,,1;0;0;0,0.4509;0.0000;0.0000,0;0;0,100.0,2026-07-12 18:42:17.960000+00:00,48.956695,9.071645,252.2,2026-07-12 18:42:18+00:00,0.04
5750,DJI_0412_frame_005750,3970.96,1:06:10,,1;0;0;0,0.4099;0.0000;0.0000,0;0;0,100.0,2026-07-12 18:42:22.960000+00:00,48.956611,9.072161,252.0,2026-07-12 18:42:23+00:00,0.04
5875,DJI_0412_frame_005875,3975.96,1:06:15,,1;0;0;0,0.2316;0.0000;0.0000,0;0;0,100.0,2026-07-12 18:42:27.960000+00:00,48.956519,9.072717,252.1,2026-07-12 18:42:28+00:00,0.04
6000,DJI_0412_frame_006000,3980.96,1:06:20,,1;0;0;0,0.2728;0.0000;0.0009,0;0;0,99.92,2026-07-12 18:42:32.960000+00:00,48.956436,9.073232,252.4,2026-07-12 18:42:33+00:00,0.04
6125,DJI_0412_frame_006125,3985.96,1:06:25,,1;0;0;0,0.2430;0.0000;0.1931,0;0;0,88.05,2026-07-12 18:42:37.960000+00:00,48.956339,9.073789,252.3,2026-07-12 18:42:38+00:00,0.04
6250,DJI_0412_frame_006250,3990.96,1:06:30,,1;0;0;0,0.1768;0.0000;0.0319,0;0;0,95.88,2026-07-12 18:42:42.960000+00:00,48.956256,9.074336,252.1,2026-07-12 18:42:43+00:00,0.04
6375,DJI_0412_frame_006375,3995.96,1:06:35,,1;0;0;0,0.2943;0.0000;0.0000,0;0;0,100.0,2026-07-12 18:42:47.960000+00:00,48.956061,9.074576,251.9,2026-07-12 18:42:48+00:00,0.04
6500,DJI_0412_frame_006500,4000.96,1:06:40,,1;0;0;0,0.3212;0.0000;0.0001,0;0;0,99.99,2026-07-12 18:42:52.960000+00:00,48.955682,9.074526,252.1,2026-07-12 18:42:53+00:00,0.04
6625,DJI_0412_frame_006625,4005.96,1:06:45,,0;1;0;0,0.2599;0.0000;0.0000,0;0;0,94.0,2026-07-12 18:42:57.960000+00:00,48.955411,9.074475,252.5,2026-07-12 18:42:58+00:00,0.04
6750,DJI_0412_frame_006750,4010.96,1:06:50,,1;0;0;0,0.1491;0.0000;0.0000,0;0;0,100.0,2026-07-12 18:43:02.960000+00:00,48.955066,9.074377,253.1,2026-07-12 18:43:03+00:00,0.04
6875,DJI_0412_frame_006875,4015.96,1:06:55,,0;1;0;0,0.3319;0.0000;0.0000,0;0;0,94.0,2026-07-12 18:43:07.960000+00:00,48.954724,9.074338,254.3,2026-07-12 18:43:08+00:00,0.04
7000,DJI_0412_frame_007000,4020.96,1:07:00,,0;1;0;0,0.3645;0.0000;0.0000,0;0;1,84.93,2026-07-12 18:43:12.960000+00:00,48.954641,9.074922,254.8,2026-07-12 18:43:13+00:00,0.04
7125,DJI_0412_frame_007125,4025.96,1:07:05,,0;1;0;0,0.4012;0.0000;0.0000,0;0;0,94.0,2026-07-12 18:43:17.960000+00:00,48.954637,9.075339,255.0,2026-07-12 18:43:18+00:00,0.04
7250,DJI_0412_frame_007250,4030.96,1:07:10,,0;1;0;0,0.3220;0.0000;0.0000,1;0;0,94.0,2026-07-12 18:43:22.960000+00:00,48.954622,9.07587,255.4,2026-07-12 18:43:23+00:00,0.04
7375,DJI_0412_frame_007375,4035.96,1:07:15,,0;1;0;0,0.2130;0.0000;0.0000,0;0;0,94.0,2026-07-12 18:43:27.960000+00:00,48.954607,9.076397,255.8,2026-07-12 18:43:28+00:00,0.04
7500,DJI_0412_frame_007500,4040.96,1:07:20,,1;0;0;0,0.2657;0.0000;0.0000,0;0;0,100.0,2026-07-12 18:43:32.960000+00:00,48.954599,9.076848,256.2,2026-07-12 18:43:33+00:00,0.04
7625,DJI_0412_frame_007625,4045.96,1:07:25,,0;1;0;0,0.5476;0.0000;0.0007,0;0;0,93.96,2026-07-12 18:43:37.960000+00:00,48.954585,9.077345,255.8,2026-07-12 18:43:38+00:00,0.04
7750,DJI_0412_frame_007750,4050.96,1:07:30,,0;1;0;0,0.3048;0.0000;0.0001,0;0;0,93.99,2026-07-12 18:43:42.960000+00:00,48.954569,9.077959,255.0,2026-07-12 18:43:43+00:00,0.04
7875,DJI_0412_frame_007875,4055.96,1:07:35,,1;0;0;0,0.2947;0.0000;0.0006,0;0;0,99.94,2026-07-12 18:43:47.960000+00:00,48.95455,9.078583,254.8,2026-07-12 18:43:48+00:00,0.04
8000,DJI_0412_frame_008000,4060.96,1:07:40,,0;1;0;0,0.3099;0.0000;0.0000,1;0;0,94.0,2026-07-12 18:43:52.960000+00:00,48.954527,9.079187,254.9,2026-07-12 18:43:53+00:00,0.04
8125,DJI_0412_frame_008125,4065.96,1:07:45,,1;0;0;0,0.2611;0.0000;0.0000,0;0;0,100.0,2026-07-12 18:43:57.960000+00:00,48.954504,9.079754,254.7,2026-07-12 18:43:58+00:00,0.04
8250,DJI_0412_frame_008250,4070.96,1:07:50,,1;0;0;0,0.2111;0.0000;0.0000,0;0;0,100.0,2026-07-12 18:44:02.960000+00:00,48.954492,9.08034,254.5,2026-07-12 18:44:03+00:00,0.04
8375,DJI_0412_frame_008375,4075.96,1:07:55,,1;0;0;0,0.2602;0.0000;0.0000,0;0;0,100.0,2026-07-12 18:44:07.960000+00:00,48.954476,9.081086,254.2,2026-07-12 18:44:08+00:00,0.04
8500,DJI_0412_frame_008500,4080.96,1:08:00,,0;1;0;0,0.2653;0.0000;0.0000,0;0;0,94.0,2026-07-12 18:44:12.960000+00:00,48.954465,9.081599,254.0,2026-07-12 18:44:13+00:00,0.04
8625,DJI_0412_frame_008625,4085.96,1:08:05,,1;0;0;0,0.2292;0.0000;0.0000,0;0;0,100.0,2026-07-12 18:44:17.960000+00:00,48.954457,9.082201,253.7,2026-07-12 18:44:18+00:00,0.04
8750,DJI_0412_frame_008750,4090.96,1:08:10,,0;1;0;0,0.1832;0.0000;0.0000,0;0;0,94.0,2026-07-12 18:44:22.960000+00:00,48.954448,9.082802,253.7,2026-07-12 18:44:23+00:00,0.04
8875,DJI_0412_frame_008875,4095.96,1:08:15,,0;1;0;0,0.3251;0.0000;0.0000,0;0;0,94.0,2026-07-12 18:44:27.960000+00:00,48.954431,9.083407,253.4,2026-07-12 18:44:28+00:00,0.04
9000,DJI_0412_frame_009000,4100.96,1:08:20,,0;1;0;0,0.3163;0.0000;0.0000,0;0;0,94.0,2026-07-12 18:44:32.960000+00:00,48.954404,9.08414,252.7,2026-07-12 18:44:33+00:00,0.04
9125,DJI_0412_frame_009125,4105.96,1:08:25,,0;1;0;0,0.3084;0.0000;0.0000,0;0;0,94.0,2026-07-12 18:44:37.960000+00:00,48.954395,9.084712,252.1,2026-07-12 18:44:38+00:00,0.04
9250,DJI_0412_frame_009250,4110.96,1:08:30,,0;1;0;0,0.3539;0.0000;0.0000,0;0;0,94.0,2026-07-12 18:44:42.960000+00:00,48.95438,9.085362,251.3,2026-07-12 18:44:43+00:00,0.04
9375,DJI_0412_frame_009375,4115.96,1:08:35,,0;1;0;0,0.3187;0.0000;0.0000,0;0;0,94.0,2026-07-12 18:44:47.960000+00:00,48.954364,9.085961,250.7,2026-07-12 18:44:48+00:00,0.04
9500,DJI_0412_frame_009500,4120.96,1:08:40,,0;1;0;0,0.2869;0.0000;0.0000,0;0;0,94.0,2026-07-12 18:44:52.960000+00:00,48.95434,9.08663,250.2,2026-07-12 18:44:53+00:00,0.04
9625,DJI_0412_frame_009625,4125.96,1:08:45,,0;1;0;0,0.3024;0.0000;0.0000,0;0;0,94.0,2026-07-12 18:44:57.960000+00:00,48.954332,9.08729,249.9,2026-07-12 18:44:58+00:00,0.04
9750,DJI_0412_frame_009750,4130.96,1:08:50,,1;0;0;0,0.3000;0.0000;0.0117,0;0;0,98.99,2026-07-12 18:45:02.960000+00:00,48.95431,9.087924,249.9,2026-07-12 18:45:03+00:00,0.04
9875,DJI_0412_frame_009875,4135.96,1:08:55,,1;0;0;0,0.1172;0.0229;0.1094,0;0;0,88.16,2026-07-12 18:45:07.960000+00:00,48.954291,9.088652,249.6,2026-07-12 18:45:08+00:00,0.04
10000,DJI_0412_frame_010000,4140.96,1:09:00,,1;0;0;0,0.3029;0.0000;0.0000,0;0;0,100.0,2026-07-12 18:45:12.960000+00:00,48.954282,9.089129,249.3,2026-07-12 18:45:13+00:00,0.04
10125,DJI_0412_frame_010125,4145.96,1:09:05,,1;0;0;0,0.2484;0.0000;0.0000,0;0;0,100.0,2026-07-12 18:45:17.960000+00:00,48.954267,9.089723,248.9,2026-07-12 18:45:18+00:00,0.04
10250,DJI_0412_frame_010250,4150.96,1:09:10,,0;1;0;0,0.3472;0.0000;0.0000,0;0;0,94.0,2026-07-12 18:45:22.960000+00:00,48.954269,9.0903,248.2,2026-07-12 18:45:23+00:00,0.04
10375,DJI_0412_frame_010375,4155.96,1:09:15,,0;1;0;0,0.3425;0.0000;0.0000,0;0;0,94.0,2026-07-12 18:45:27.960000+00:00,48.954357,9.09089,247.3,2026-07-12 18:45:28+00:00,0.04
10500,DJI_0412_frame_010500,4160.96,1:09:20,,0;1;0;0,0.3226;0.0000;0.0001,0;0;0,93.99,2026-07-12 18:45:32.960000+00:00,48.954438,9.091494,246.4,2026-07-12 18:45:33+00:00,0.04
10625,DJI_0412_frame_010625,4165.96,1:09:25,,0;1;0;0,0.3337;0.0000;0.0000,0;0;0,94.0,2026-07-12 18:45:37.960000+00:00,48.954524,9.092249,245.2,2026-07-12 18:45:38+00:00,0.04
10750,DJI_0412_frame_010750,4170.96,1:09:30,,0;1;0;0,0.3035;0.0000;0.0013,0;0;0,93.88,2026-07-12 18:45:42.960000+00:00,48.954589,9.092756,244.7,2026-07-12 18:45:43+00:00,0.04
10875,DJI_0412_frame_010875,4175.96,1:09:35,,1;0;0;0,0.1293;0.0000;0.0000,0;0;0,100.0,2026-07-12 18:45:47.960000+00:00,48.954672,9.093397,244.3,2026-07-12 18:45:48+00:00,0.04
11000,DJI_0412_frame_011000,4180.96,1:09:40,,1;0;0;0,0.2144;0.0000;0.0000,0;0;0,100.0,2026-07-12 18:45:52.960000+00:00,48.954714,9.094044,243.9,2026-07-12 18:45:53+00:00,0.04
11125,DJI_0412_frame_011125,4185.96,1:09:45,,1;0;0;0,0.2228;0.0000;0.0000,0;0;0,100.0,2026-07-12 18:45:57.960000+00:00,48.954749,9.094726,243.4,2026-07-12 18:45:58+00:00,0.04
11250,DJI_0412_frame_011250,4190.96,1:09:50,,1;0;0;0,0.2210;0.0000;0.0000,0;0;0,100.0,2026-07-12 18:46:02.960000+00:00,48.95478,9.095423,242.9,2026-07-12 18:46:03+00:00,0.04
11375,DJI_0412_frame_011375,4195.96,1:09:55,,1;0;0;0,0.2452;0.0000;0.0000,0;0;0,100.0,2026-07-12 18:46:07.960000+00:00,48.954808,9.095933,242.5,2026-07-12 18:46:08+00:00,0.04
11500,DJI_0412_frame_011500,4200.96,1:10:00,,0;1;0;0,0.3328;0.0000;0.0000,0;0;0,94.0,2026-07-12 18:46:12.960000+00:00,48.95484,9.096574,241.8,2026-07-12 18:46:13+00:00,0.04
11625,DJI_0412_frame_011625,4205.96,1:10:05,,1;0;0;0,0.4155;0.0000;0.0000,0;0;0,100.0,2026-07-12 18:46:17.960000+00:00,48.954843,9.097229,241.0,2026-07-12 18:46:18+00:00,0.04
11750,DJI_0412_frame_011750,4210.96,1:10:10,,1;0;0;0,0.2618;0.0000;0.0039,0;0;0,99.6,2026-07-12 18:46:22.960000+00:00,48.954768,9.097858,240.4,2026-07-12 18:46:23+00:00,0.04
11875,DJI_0412_frame_011875,4215.96,1:10:15,,1;0;0;0,0.2346;0.0000;0.0063,0;0;0,99.3,2026-07-12 18:46:27.960000+00:00,48.954651,9.098612,239.9,2026-07-12 18:46:28+00:00,0.04
12000,DJI_0412_frame_012000,4220.96,1:10:20,,1;0;0;0,0.2050;0.0000;0.0160,0;0;0,98.05,2026-07-12 18:46:32.960000+00:00,48.95455,9.099244,239.2,2026-07-12 18:46:33+00:00,0.04
12125,DJI_0412_frame_012125,4225.96,1:10:25,,1;0;0;0,0.2766;0.0000;0.0519,0;0;0,95.73,2026-07-12 18:46:37.960000+00:00,48.954467,9.099743,238.6,2026-07-12 18:46:38+00:00,0.04
12250,DJI_0412_frame_012250,4230.96,1:10:30,,1;0;0;0,0.1635;0.0000;0.0330,0;0;0,95.46,2026-07-12 18:46:42.960000+00:00,48.954364,9.10039,237.9,2026-07-12 18:46:43+00:00,0.04
12375,DJI_0412_frame_012375,4235.96,1:10:35,,1;0;0;0,0.3150;0.0000;0.0000,1;0;0,100.0,2026-07-12 18:46:47.960000+00:00,48.954262,9.101029,237.6,2026-07-12 18:46:48+00:00,0.04
12500,DJI_0412_frame_012500,4240.96,1:10:40,,1;0;0;0,0.2697;0.0000;0.0000,0;0;0,100.0,2026-07-12 18:46:52.960000+00:00,48.954166,9.101675,237.2,2026-07-12 18:46:53+00:00,0.04
12625,DJI_0412_frame_012625,4245.96,1:10:45,,1;0;0;0,0.3419;0.0000;0.0015,0;0;0,99.88,2026-07-12 18:46:57.960000+00:00,48.954068,9.102317,236.9,2026-07-12 18:46:58+00:00,0.04
12750,DJI_0412_frame_012750,4250.96,1:10:50,,1;0;0;0,0.5046;0.0000;0.0128,0;0;0,99.33,2026-07-12 18:47:02.960000+00:00,48.953966,9.103068,236.2,2026-07-12 18:47:03+00:00,0.04
12875,DJI_0412_frame_012875,4255.96,1:10:55,,0;1;0;0,0.5203;0.0000;0.0000,0;0;0,94.0,2026-07-12 18:47:07.960000+00:00,48.953971,9.103588,235.6,2026-07-12 18:47:08+00:00,0.04
13000,DJI_0412_frame_013000,4260.96,1:11:00,,1;0;0;0,0.4820;0.0000;0.0000,0;0;0,100.0,2026-07-12 18:47:12.960000+00:00,48.953991,9.104234,234.4,2026-07-12 18:47:13+00:00,0.04
13125,DJI_0412_frame_013125,4265.96,1:11:05,,0;1;0;0,0.2667;0.0000;0.0000,0;0;0,94.0,2026-07-12 18:47:17.960000+00:00,48.953999,9.104907,233.2,2026-07-12 18:47:18+00:00,0.04
13250,DJI_0412_frame_013250,4270.96,1:11:10,,0;1;0;0,0.2890;0.0000;0.0000,0;0;0,94.0,2026-07-12 18:47:22.960000+00:00,48.954019,9.105581,232.0,2026-07-12 18:47:23+00:00,0.04
13375,DJI_0412_frame_013375,4275.96,1:11:15,,0;1;0;0,0.2922;0.0000;0.0000,0;0;0,94.0,2026-07-12 18:47:27.960000+00:00,48.954034,9.106264,230.7,2026-07-12 18:47:28+00:00,0.04
13500,DJI_0412_frame_013500,4280.96,1:11:20,,0;1;0;0,0.2644;0.0000;0.0001,0;0;0,93.99,2026-07-12 18:47:32.960000+00:00,48.954054,9.106998,229.5,2026-07-12 18:47:33+00:00,0.04
13625,DJI_0412_frame_013625,4285.96,1:11:25,,0;1;0;0,0.2747;0.0000;0.0010,0;0;0,93.9,2026-07-12 18:47:37.960000+00:00,48.954068,9.107584,228.4,2026-07-12 18:47:38+00:00,0.04
13750,DJI_0412_frame_013750,4290.96,1:11:30,,0;1;0;0,0.2782;0.0000;0.0007,0;0;0,93.93,2026-07-12 18:47:42.960000+00:00,48.95409,9.108247,227.2,2026-07-12 18:47:43+00:00,0.04
13875,DJI_0412_frame_013875,4295.96,1:11:35,,1;0;0;0,0.2975;0.0000;0.0000,0;0;0,100.0,2026-07-12 18:47:47.960000+00:00,48.954104,9.108912,226.2,2026-07-12 18:47:48+00:00,0.04
14000,DJI_0412_frame_014000,4300.96,1:11:40,,1;0;0;0,0.3221;0.0000;0.0000,0;0;0,100.0,2026-07-12 18:47:52.960000+00:00,48.954128,9.109569,225.2,2026-07-12 18:47:53+00:00,0.04
14125,DJI_0412_frame_014125,4305.96,1:11:45,,1;0;0;0,0.3098;0.0000;0.0000,0;0;0,100.0,2026-07-12 18:47:57.960000+00:00,48.954191,9.110234,224.1,2026-07-12 18:47:58+00:00,0.04
14250,DJI_0412_frame_014250,4310.96,1:11:50,,1;0;0;0,0.2885;0.0000;0.0000,0;0;0,100.0,2026-07-12 18:48:02.960000+00:00,48.954215,9.110939,222.8,2026-07-12 18:48:03+00:00,0.04
14375,DJI_0412_frame_014375,4315.96,1:11:55,,1;0;0;0,0.2915;0.0000;0.0001,0;0;0,99.99,2026-07-12 18:48:07.960000+00:00,48.954247,9.111627,221.7,2026-07-12 18:48:08+00:00,0.04
14500,DJI_0412_frame_014500,4320.96,1:12:00,,1;0;0;0,0.3438;0.0000;0.0000,0;0;0,100.0,2026-07-12 18:48:12.960000+00:00,48.954304,9.1123,220.7,2026-07-12 18:48:13+00:00,0.04
14625,DJI_0412_frame_014625,4325.96,1:12:05,,1;0;0;0,0.3466;0.0000;0.0000,0;0;0,100.0,2026-07-12 18:48:17.960000+00:00,48.954396,9.112952,219.9,2026-07-12 18:48:18+00:00,0.04
14750,DJI_0412_frame_014750,4330.96,1:12:10,,0;0;1;0,0.3634;0.0000;0.0000,0;1;0,63.88,2026-07-12 18:48:22.960000+00:00,48.95448,9.113609,219.4,2026-07-12 18:48:23+00:00,0.04
14875,DJI_0412_frame_014875,4335.96,1:12:15,,0;0;0;1,0.6160;0.0000;0.0000,0;1;0,59.88,2026-07-12 18:48:27.960000+00:00,48.954625,9.11433,218.9,2026-07-12 18:48:28+00:00,0.04
15000,DJI_0412_frame_015000,4340.96,1:12:20,,0;0;0;1,0.5302;0.0000;0.0000,0;0;0,82.0,2026-07-12 18:48:32.960000+00:00,48.954665,9.114967,217.7,2026-07-12 18:48:33+00:00,0.04
15125,DJI_0412_frame_015125,4345.96,1:12:25,,1;0;0;0,0.6942;0.0000;0.0185,0;1;0,77.18,2026-07-12 18:48:37.960000+00:00,48.954694,9.115498,216.8,2026-07-12 18:48:38+00:00,0.04
15250,DJI_0412_frame_015250,4350.96,1:12:30,,1;0;0;0,0.6834;0.0000;0.0312,0;0;0,98.82,2026-07-12 18:48:42.960000+00:00,48.954737,9.116113,215.9,2026-07-12 18:48:43+00:00,0.04
15375,DJI_0412_frame_015375,4355.96,1:12:35,,1;0;0;0,0.3633;0.0000;0.0000,0;0;0,100.0,2026-07-12 18:48:47.960000+00:00,48.954403,9.116198,214.4,2026-07-12 18:48:48+00:00,0.04
15500,DJI_0412_frame_015500,4360.96,1:12:40,,1;0;0;0,0.4559;0.0000;0.0000,0;0;0,100.0,2026-07-12 18:48:52.960000+00:00,48.95399,9.116064,214.3,2026-07-12 18:48:53+00:00,0.04
15625,DJI_0412_frame_015625,4365.96,1:12:45,,1;0;0;0,0.3972;0.0000;0.0000,0;0;0,100.0,2026-07-12 18:48:57.960000+00:00,48.953584,9.115922,214.0,2026-07-12 18:48:58+00:00,0.04
15750,DJI_0412_frame_015750,4370.96,1:12:50,,1;0;0;0,0.6517;0.0000;0.0000,0;0;0,100.0,2026-07-12 18:49:02.960000+00:00,48.953346,9.116122,212.9,2026-07-12 18:49:03+00:00,0.04
15875,DJI_0412_frame_015875,4375.96,1:12:55,,1;0;0;0,0.4761;0.0000;0.0335,1;1;0,78.95,2026-07-12 18:49:07.960000+00:00,48.953353,9.116759,211.8,2026-07-12 18:49:08+00:00,0.04
16000,DJI_0412_frame_016000,4380.96,1:13:00,,1;0;0;0,0.6192;0.0000;0.0153,0;0;0,99.35,2026-07-12 18:49:12.960000+00:00,48.953328,9.117444,210.4,2026-07-12 18:49:13+00:00,0.04
16125,DJI_0412_frame_016125,4385.96,1:13:05,,1;0;0;0,0.6988;0.0000;0.0031,0;0;0,99.88,2026-07-12 18:49:17.960000+00:00,48.953294,9.118289,208.8,2026-07-12 18:49:18+00:00,0.04
16250,DJI_0412_frame_016250,4390.96,1:13:10,,1;0;0;0,0.7439;0.0000;0.0001,0;0;0,100.0,2026-07-12 18:49:22.960000+00:00,48.95318,9.118881,207.7,2026-07-12 18:49:23+00:00,0.04
16375,DJI_0412_frame_016375,4395.96,1:13:15,,1;0;0;0,0.7231;0.0000;0.0000,0;0;0,100.0,2026-07-12 18:49:27.960000+00:00,48.953056,9.119594,206.7,2026-07-12 18:49:28+00:00,0.04
16500,DJI_0412_frame_016500,4400.96,1:13:20,,1;0;0;0,0.7119;0.0000;0.0000,0;0;0,100.0,2026-07-12 18:49:32.960000+00:00,48.953031,9.1203,206.0,2026-07-12 18:49:33+00:00,0.04
16625,DJI_0412_frame_016625,4405.96,1:13:25,,1;0;0;0,0.6904;0.0000;0.0000,0;1;0,77.88,2026-07-12 18:49:37.960000+00:00,48.952964,9.121022,205.2,2026-07-12 18:49:38+00:00,0.04
16750,DJI_0412_frame_016750,4410.96,1:13:30,,0;1;0;0,0.5527;0.0000;0.0000,0;0;0,94.0,2026-07-12 18:49:42.960000+00:00,48.952968,9.121653,205.7,2026-07-12 18:49:43+00:00,0.04
16875,DJI_0412_frame_016875,4415.96,1:13:35,,0;1;0;0,0.3070;0.0000;0.0168,0;8;0,57.61,2026-07-12 18:49:47.960000+00:00,48.952731,9.121692,205.6,2026-07-12 18:49:48+00:00,0.04
17000,DJI_0412_frame_017000,4420.96,1:13:40,,0;1;0;0,0.1294;0.0000;0.0001,0;5;0,59.22,2026-07-12 18:49:52.960000+00:00,48.952391,9.121673,205.6,2026-07-12 18:49:53+00:00,0.04
17125,DJI_0412_frame_017125,4425.96,1:13:45,,0;1;0;0,0.2202;0.0000;0.0001,0;0;0,93.99,2026-07-12 18:49:57.960000+00:00,48.952135,9.122149,204.3,2026-07-12 18:49:58+00:00,0.04
17250,DJI_0412_frame_017250,4430.96,1:13:50,,1;0;0;0,0.3322;0.0000;0.0000,0;3;0,66.74,2026-07-12 18:50:02.960000+00:00,48.951847,9.122353,203.3,2026-07-12 18:50:03+00:00,0.04
17375,DJI_0412_frame_017375,4435.96,1:13:55,,1;0;0;0,0.3109;0.0000;0.0464,0;5;0,61.73,2026-07-12 18:50:07.960000+00:00,48.951435,9.122137,202.3,2026-07-12 18:50:08+00:00,0.04
17500,DJI_0412_frame_017500,4440.96,1:14:00,,1;0;0;0,0.2227;0.0000;0.0190,0;5;0,63.12,2026-07-12 18:50:12.960000+00:00,48.950892,9.12183,200.0,2026-07-12 18:50:13+00:00,0.04
17625,DJI_0412_frame_017625,4445.96,1:14:05,,0;1;0;0,0.1364;0.0000;0.0364,0;4;0,53.96,2026-07-12 18:50:17.960000+00:00,48.950405,9.121511,198.4,2026-07-12 18:50:18+00:00,0.04
17750,DJI_0412_frame_017750,4450.96,1:14:10,,0;1;0;0,0.2578;0.0000;0.0000,0;7;0,59.03,2026-07-12 18:50:22.960000+00:00,48.950121,9.121038,198.4,2026-07-12 18:50:23+00:00,0.04
17875,DJI_0412_frame_017875,4455.96,1:14:15,,0;1;0;0,0.1271;0.0000;0.0426,0;3;0,53.96,2026-07-12 18:50:27.960000+00:00,48.949752,9.120677,199.1,2026-07-12 18:50:28+00:00,0.04
18000,DJI_0412_frame_018000,4460.96,1:14:20,,0;1;0;0,0.2872;0.0000;0.0000,0;3;0,60.74,2026-07-12 18:50:32.960000+00:00,48.94976,9.119999,199.7,2026-07-12 18:50:33+00:00,0.04
18125,DJI_0412_frame_018125,4465.96,1:14:25,,0;1;0;0,0.3983;0.0000;0.0000,0;0;0,94.0,2026-07-12 18:50:37.960000+00:00,48.949744,9.11923,200.6,2026-07-12 18:50:38+00:00,0.04
18250,DJI_0412_frame_018250,4470.96,1:14:30,,1;0;0;0,0.1699;0.0000;0.0000,0;0;0,100.0,2026-07-12 18:50:42.960000+00:00,48.949741,9.118746,200.9,2026-07-12 18:50:43+00:00,0.04
18375,DJI_0412_frame_018375,4475.96,1:14:35,,0;1;0;0,0.2502;0.0000;0.0228,0;0;0,91.75,2026-07-12 18:50:47.960000+00:00,48.949906,9.118346,201.7,2026-07-12 18:50:48+00:00,0.04
18500,DJI_0412_frame_018500,4480.96,1:14:40,,0;1;0;0,0.3932;0.0000;0.0177,0;0;1,83.77,2026-07-12 18:50:52.960000+00:00,48.950158,9.118622,202.8,2026-07-12 18:50:53+00:00,0.04
18625,DJI_0412_frame_018625,4485.96,1:14:45,,0;1;0;0,0.3265;0.0000;0.0262,0;0;0,92.0,2026-07-12 18:50:57.960000+00:00,48.950363,9.118941,203.5,2026-07-12 18:50:58+00:00,0.04
18750,DJI_0412_frame_018750,4490.96,1:14:50,,0;1;0;0,0.1571;0.0000;0.0959,0;0;0,83.77,2026-07-12 18:51:02.960000+00:00,48.950575,9.119222,204.1,2026-07-12 18:51:03+00:00,0.04
18875,DJI_0412_frame_018875,4495.96,1:14:55,,0;1;0;0,0.4160;0.0000;0.0325,0;0;0,92.04,2026-07-12 18:51:07.960000+00:00,48.950829,9.118978,204.7,2026-07-12 18:51:08+00:00,0.04
19000,DJI_0412_frame_019000,4500.96,1:15:00,,0;1;0;0,0.3602;0.0000;0.0286,0;0;0,92.02,2026-07-12 18:51:12.960000+00:00,48.950961,9.118565,205.4,2026-07-12 18:51:13+00:00,0.04
19125,DJI_0412_frame_019125,4505.96,1:15:05,,1;0;0;0,0.3958;0.0000;0.0478,0;0;0,97.09,2026-07-12 18:51:17.960000+00:00,48.951083,9.11818,206.0,2026-07-12 18:51:18+00:00,0.04
19250,DJI_0412_frame_019250,4510.96,1:15:10,,1;0;0;0,0.4049;0.0000;0.0087,0;0;0,99.43,2026-07-12 18:51:22.960000+00:00,48.951175,9.117783,206.5,2026-07-12 18:51:23+00:00,0.04
19375,DJI_0412_frame_019375,4515.96,1:15:15,,1;0;0;0,0.3513;0.0000;0.0000,1;0;0,100.0,2026-07-12 18:51:27.960000+00:00,48.951192,9.117331,206.9,2026-07-12 18:51:28+00:00,0.04
19500,DJI_0412_frame_019500,4520.96,1:15:20,,1;0;0;0,0.3073;0.0000;0.1885,0;0;0,89.73,2026-07-12 18:51:32.960000+00:00,48.951229,9.116902,207.5,2026-07-12 18:51:33+00:00,0.04
19625,DJI_0412_frame_019625,4525.96,1:15:25,,0;1;0;0,0.1898;0.0000;0.2197,0;0;0,79.51,2026-07-12 18:51:37.960000+00:00,48.951448,9.117113,207.5,2026-07-12 18:51:38+00:00,0.04
19750,DJI_0412_frame_019750,4530.96,1:15:30,,1;0;0;0,0.3799;0.0000;0.0370,0;5;0,62.84,2026-07-12 18:51:42.960000+00:00,48.951721,9.117248,207.8,2026-07-12 18:51:43+00:00,0.04
19875,DJI_0412_frame_019875,4535.96,1:15:35,,0;1;0;0,0.2355;0.0000;0.1528,0;5;0,48.61,2026-07-12 18:51:47.960000+00:00,48.951737,9.117603,205.0,2026-07-12 18:51:48+00:00,0.04
20000,DJI_0412_frame_020000,4540.96,1:15:40,,0;1;0;0,0.1660;0.0000;0.1887,0;3;0,46.38,2026-07-12 18:51:52.960000+00:00,48.951729,9.118015,204.5,2026-07-12 18:51:53+00:00,0.04
20125,DJI_0412_frame_020125,4545.96,1:15:45,,1;0;0;0,0.1346;0.0000;0.3129,0;3;0,47.86,2026-07-12 18:51:57.960000+00:00,48.951685,9.118343,204.4,2026-07-12 18:51:58+00:00,0.04
20250,DJI_0412_frame_020250,4550.96,1:15:50,,0;1;0;0,0.0781;0.0000;0.3986,0;10;0,36.43,2026-07-12 18:52:02.960000+00:00,48.951613,9.118457,204.4,2026-07-12 18:52:03+00:00,0.04
20375,DJI_0412_frame_020375,4555.96,1:15:55,,0;1;0;0,0.0687;0.0000;0.3203,0;8;0,36.78,2026-07-12 18:52:07.960000+00:00,48.951557,9.118675,204.2,2026-07-12 18:52:08+00:00,0.04
20500,DJI_0412_frame_020500,4560.96,1:16:00,,1;0;0;0,0.2553;0.0000;0.2517,0;3;0,53.34,2026-07-12 18:52:12.960000+00:00,48.951539,9.118835,204.0,2026-07-12 18:52:13+00:00,0.04
20625,DJI_0412_frame_020625,4565.96,1:16:05,,0;1;0;0,0.0000;0.0000;0.7075,0;0;0,67.0,2026-07-12 18:52:17.960000+00:00,48.951576,9.118886,203.9,2026-07-12 18:52:18+00:00,0.04
20750,DJI_0412_frame_020750,4570.96,1:16:10,,1;0;0;0,0.0000;0.0000;0.8570,0;0;0,73.0,2026-07-12 18:52:22.960000+00:00,48.951642,9.118877,203.9,2026-07-12 18:52:23+00:00,0.04
